assay	sheet	condition	kind	dose_M	include_flagged	n_values	median	mutant_control_median	corrected_control_median	ratio_to_mutant	control_gap_fraction
JC1	Bimiralisib	0.5μΜ	treatment	5e-07	False	10	0.965435	0.9924495	1.1646495	0.972779975203	-0.156878629501
JC1	Bimiralisib	100nM	treatment	1e-07	False	4	1.1621705	0.9924495	1.1646495	1.17101222783	0.985603948897
JC1	Bimiralisib	10nM	treatment	1e-08	False	4	0.9070185	0.9924495	1.1646495	0.913919045755	-0.496114982578
JC1	Bimiralisib	10μM	treatment	1e-05	False	10	0.5739455	0.9924495	1.1646495	0.578312045097	-2.43033681765
JC1	Bimiralisib	1μM	treatment	1e-06	False	24	0.805556	0.9924495	1.1646495	0.811684624759	-1.08532810685
JC1	Bimiralisib	2.5μΜ	treatment	2.5e-06	False	10	0.816104	0.9924495	1.1646495	0.82231287335	-1.02407375145
JC1	Bimiralisib	5μM	treatment	5e-06	False	10	0.643825	0.9924495	1.1646495	0.648723184404	-2.02453252033
JC1	Bimiralisib	GC	control	NA	False	104	1.1646495	0.9924495	1.1646495	1.17351008792	1
JC1	Bimiralisib	GC+Val	control	NA	False	50	0.146815	0.9924495	1.1646495	0.147931960266	-4.91076945412
JC1	Bimiralisib	SNCA Trpl.	control	NA	False	114	0.9924495	0.9924495	1.1646495	1	0
JC1	Chloroquine	0.5μΜ	treatment	5e-07	False	10	1.0767595	0.9924495	1.1646495	1.08495142574	0.489605110337
JC1	Chloroquine	100nM	treatment	1e-07	False	4	1.05037	0.9924495	1.1646495	1.05836115591	0.336355981417
JC1	Chloroquine	10nM	treatment	1e-08	False	4	1.055366	0.9924495	1.1646495	1.06339516519	0.365368757259
JC1	Chloroquine	10μM	treatment	1e-05	False	15	0.446353	0.9924495	1.1646495	0.44974882853	-3.17129210221
JC1	Chloroquine	1μM	treatment	1e-06	False	29	1.023418	0.9924495	1.1646495	1.03120410661	0.179840301974
JC1	Chloroquine	2.5μΜ	treatment	2.5e-06	False	10	1.0328685	0.9924495	1.1646495	1.04072650548	0.234721254355
JC1	Chloroquine	5μM	treatment	5e-06	False	15	0.940786	0.9924495	1.1646495	0.947943446997	-0.300020325203
JC1	Chloroquine	GC	control	NA	False	104	1.1646495	0.9924495	1.1646495	1.17351008792	1
JC1	Chloroquine	GC+Val	control	NA	False	50	0.146815	0.9924495	1.1646495	0.147931960266	-4.91076945412
JC1	Chloroquine	SNCA Trpl.	control	NA	False	114	0.9924495	0.9924495	1.1646495	1	0
JC1	Duloxetine	0.5μΜ	treatment	5e-07	False	10	1.0844835	0.9942915	1.1646495	1.09070981699	0.529426267038
JC1	Duloxetine	100nM	treatment	1e-07	False	5	1.045404	0.9942915	1.1646495	1.05140595087	0.300029936956
JC1	Duloxetine	10nM	treatment	1e-08	False	9	1.045404	0.9942915	1.1646495	1.05140595087	0.300029936956
JC1	Duloxetine	10μM	treatment	1e-05	False	10	0.2185215	0.9942915	1.1646495	0.21977609182	-4.55376325151
JC1	Duloxetine	1μM	treatment	1e-06	False	24	0.917123	0.9942915	1.1646495	0.922388454492	-0.452978433651
JC1	Duloxetine	2.5μΜ	treatment	2.5e-06	False	10	0.727704	0.9942915	1.1646495	0.731881948101	-1.5648663403
JC1	Duloxetine	5μM	treatment	5e-06	False	10	0.650364	0.9942915	1.1646495	0.654097917965	-2.01885147748
JC1	Duloxetine	GC	control	NA	False	104	1.1646495	0.9942915	1.1646495	1.17133607197	1
JC1	Duloxetine	GC+Val	control	NA	False	50	0.146815	0.9942915	1.1646495	0.147657905152	-4.97467979197
JC1	Duloxetine	SNCA Trpl.	control	NA	False	114	0.9942915	0.9942915	1.1646495	1	0
JC1	Entinostat	0.5μΜ	treatment	5e-07	False	10	0.9782695	0.9924495	1.1646495	0.985712119357	-0.0823461091754
JC1	Entinostat	100nM	treatment	1e-07	False	4	0.9529185	0.9924495	1.1646495	0.960168250374	-0.22956445993
JC1	Entinostat	10nM	treatment	1e-08	False	4	1.014525	0.9924495	1.1646495	1.02224344916	0.128196864111
JC1	Entinostat	10μM	treatment	1e-05	False	10	0.9140855	0.9924495	1.1646495	0.921039811094	-0.455075493612
JC1	Entinostat	1μM	treatment	1e-06	False	24	0.951597	0.9924495	1.1646495	0.958836696477	-0.237238675958
JC1	Entinostat	2.5μΜ	treatment	2.5e-06	False	10	1.011508	0.9924495	1.1646495	1.019203496	0.110676538908
JC1	Entinostat	5μM	treatment	5e-06	False	10	0.8749065	0.9924495	1.1646495	0.881562739464	-0.682595818815
JC1	Entinostat	GC	control	NA	False	104	1.1646495	0.9924495	1.1646495	1.17351008792	1
JC1	Entinostat	GC+Val	control	NA	False	50	0.146815	0.9924495	1.1646495	0.147931960266	-4.91076945412
JC1	Entinostat	SNCA Trpl.	control	NA	False	114	0.9924495	0.9924495	1.1646495	1	0
JC1	FCCP	0.5μΜ	treatment	5e-07	False	10	0.551102	0.9924495	1.1646495	0.555294753033	-2.56299361208
JC1	FCCP	1μM	treatment	1e-06	False	24	0.385417	0.9924495	1.1646495	0.388349230868	-3.52515969803
JC1	FCCP	2.5μΜ	treatment	2.5e-06	False	10	0.401381	0.9924495	1.1646495	0.404434684082	-3.43245354239
JC1	FCCP	GC	control	NA	False	104	1.1646495	0.9924495	1.1646495	1.17351008792	1
JC1	FCCP	GC+Val	control	NA	False	50	0.146815	0.9924495	1.1646495	0.147931960266	-4.91076945412
JC1	FCCP	SNCA Trpl.	control	NA	False	114	0.9924495	0.9924495	1.1646495	1	0
JC1	Lonafarnib	0.5μΜ	treatment	5e-07	False	10	1.009919	0.9924495	1.1646495	1.01760240697	0.101448896632
JC1	Lonafarnib	100nM	treatment	1e-07	False	4	1.010566	0.9924495	1.1646495	1.01825432931	0.105206155633
JC1	Lonafarnib	10nM	treatment	1e-08	False	4	1.0431595	0.9924495	1.1646495	1.05109579883	0.294483159117
JC1	Lonafarnib	10μM	treatment	1e-05	False	10	0.198309489	0.9924495	1.1646495	0.199818216443	-4.61173060976
JC1	Lonafarnib	1μM	treatment	1e-06	False	20	0.8061245	0.9924495	1.1646495	0.812257449875	-1.08202671312
JC1	Lonafarnib	2.5μΜ	treatment	2.5e-06	False	10	0.9550645	0.9924495	1.1646495	0.962330577022	-0.217102206736
JC1	Lonafarnib	5μM	treatment	5e-06	False	14	0.8279495	0.9924495	1.1646495	0.834248493248	-0.955284552846
JC1	Lonafarnib	GC	control	NA	False	104	1.1646495	0.9924495	1.1646495	1.17351008792	1
JC1	Lonafarnib	GC+Val	control	NA	False	50	0.146815	0.9924495	1.1646495	0.147931960266	-4.91076945412
JC1	Lonafarnib	SNCA Trpl.	control	NA	False	114	0.9924495	0.9924495	1.1646495	1	0
JC1	PIK-III	0.5μΜ	treatment	5e-07	False	10	1.0334165	0.9924495	1.1646495	1.04127867463	0.237903600465
JC1	PIK-III	100nM	treatment	1e-07	False	4	0.9305555	0.9924495	1.1646495	0.937635113928	-0.359430894309
JC1	PIK-III	10nM	treatment	1e-08	False	4	1.084915	0.9924495	1.1646495	1.09316897233	0.536965737515
JC1	PIK-III	10μM	treatment	1e-05	False	10	0.4989065	0.9924495	1.1646495	0.502702152603	-2.86610336818
JC1	PIK-III	1μM	treatment	1e-06	False	23	0.897408	0.9924495	1.1646495	0.904235429611	-0.551925087108
JC1	PIK-III	2.5μΜ	treatment	2.5e-06	False	10	0.8005825	0.9924495	1.1646495	0.806673286651	-1.11421022067
JC1	PIK-III	5μM	treatment	5e-06	False	10	0.737939	0.9924495	1.1646495	0.743553198425	-1.47799361208
JC1	PIK-III	GC	control	NA	False	104	1.1646495	0.9924495	1.1646495	1.17351008792	1
JC1	PIK-III	GC+Val	control	NA	False	50	0.146815	0.9924495	1.1646495	0.147931960266	-4.91076945412
JC1	PIK-III	SNCA Trpl.	control	NA	False	114	0.9924495	0.9924495	1.1646495	1	0
JC1	RG2833	0.5μΜ	treatment	5e-07	False	10	0.970298	0.9924495	1.1646495	0.977679972633	-0.128638211382
JC1	RG2833	100nM	treatment	1e-07	False	4	1.0100485	0.9924495	1.1646495	1.0177328922	0.102200929152
JC1	RG2833	10nM	treatment	1e-08	False	4	1.08757	0.9924495	1.1646495	1.09584417142	0.552383855981
JC1	RG2833	10μM	treatment	1e-05	False	10	0.8660585	0.9924495	1.1646495	0.872647424378	-0.733977932636
JC1	RG2833	1μM	treatment	1e-06	False	23	0.908522	0.9924495	1.1646495	0.915433984298	-0.487383855981
JC1	RG2833	2.5μΜ	treatment	2.5e-06	False	10	0.8870615	0.9924495	1.1646495	0.893810214021	-0.612009291521
JC1	RG2833	5μM	treatment	5e-06	False	10	0.80575	0.9924495	1.1646495	0.8118801007	-1.08420150987
JC1	RG2833	GC	control	NA	False	104	1.1646495	0.9924495	1.1646495	1.17351008792	1
JC1	RG2833	GC+Val	control	NA	False	50	0.146815	0.9924495	1.1646495	0.147931960266	-4.91076945412
JC1	RG2833	SNCA Trpl.	control	NA	False	114	0.9924495	0.9924495	1.1646495	1	0
JC1	SLK2001	0.5μΜ	treatment	5e-07	False	10	0.956205	0.9924495	1.1646495	0.963479753882	-0.210479094077
JC1	SLK2001	100nM	treatment	1e-07	False	4	0.8737195	0.9924495	1.1646495	0.880366708835	-0.689488966318
JC1	SLK2001	10nM	treatment	1e-08	False	4	0.886025	0.9924495	1.1646495	0.892765828387	-0.618028455285
JC1	SLK2001	10μM	treatment	1e-05	False	10	0.9419325	0.9924495	1.1646495	0.949098669504	-0.293362369338
JC1	SLK2001	1μM	treatment	1e-06	False	24	0.930055	0.9924495	1.1646495	0.937130806152	-0.362337398374
JC1	SLK2001	2.5μΜ	treatment	2.5e-06	False	10	0.9422235	0.9924495	1.1646495	0.949391883416	-0.291672473868
JC1	SLK2001	5μM	treatment	5e-06	False	10	0.968346	0.9924495	1.1646495	0.975713121927	-0.139973867596
JC1	SLK2001	GC	control	NA	False	104	1.1646495	0.9924495	1.1646495	1.17351008792	1
JC1	SLK2001	GC+Val	control	NA	False	50	0.146815	0.9924495	1.1646495	0.147931960266	-4.91076945412
JC1	SLK2001	SNCA Trpl.	control	NA	False	114	0.9924495	0.9924495	1.1646495	1	0
JC1	STF-62247	0.5μΜ	treatment	5e-07	False	10	1.1272205	0.9924495	1.1646495	1.13579633019	0.782642276423
JC1	STF-62247	100nM	treatment	1e-07	False	4	1.1237995	0.9924495	1.1646495	1.13234930342	0.762775842044
JC1	STF-62247	10nM	treatment	1e-08	False	4	1.1305625	0.9924495	1.1646495	1.13916375594	0.802049941928
JC1	STF-62247	10μM	treatment	1e-05	False	10	0.9154655	0.9924495	1.1646495	0.922430310056	-0.44706155633
JC1	STF-62247	1μM	treatment	1e-06	False	22	1.046423903	0.9924495	1.1646495	1.05438503722	0.313440203252
JC1	STF-62247	2.5μΜ	treatment	2.5e-06	False	10	1.048181	0.9924495	1.1646495	1.05615550212	0.323644018583
JC1	STF-62247	5μM	treatment	5e-06	False	10	0.8074785	0.9924495	1.1646495	0.813621751031	-1.07416376307
JC1	STF-62247	GC	control	NA	False	104	1.1646495	0.9924495	1.1646495	1.17351008792	1
JC1	STF-62247	GC+Val	control	NA	False	50	0.146815	0.9924495	1.1646495	0.147931960266	-4.91076945412
JC1	STF-62247	SNCA Trpl.	control	NA	False	114	0.9924495	0.9924495	1.1646495	1	0
JC1	Sertraline	0.5μΜ	treatment	5e-07	False	10	0.988076	0.9924495	1.1646495	0.995593226658	-0.0253977932636
JC1	Sertraline	100nM	treatment	1e-07	False	4	0.9033055	0.9924495	1.1646495	0.91017779746	-0.517677119628
JC1	Sertraline	10nM	treatment	1e-08	False	4	0.889322	0.9924495	1.1646495	0.896087911778	-0.598882113821
JC1	Sertraline	10μM	treatment	1e-05	False	10	0.2715335	0.9924495	1.1646495	0.273599311602	-4.18650406504
JC1	Sertraline	1μM	treatment	1e-06	False	24	0.887595	0.9924495	1.1646495	0.894347772859	-0.608911149826
JC1	Sertraline	2.5μΜ	treatment	2.5e-06	False	10	0.344217	0.9924495	1.1646495	0.346835783584	-3.76441637631
JC1	Sertraline	5μM	treatment	5e-06	False	10	0.357798	0.9924495	1.1646495	0.360520107068	-3.68554878049
JC1	Sertraline	GC	control	NA	False	104	1.1646495	0.9924495	1.1646495	1.17351008792	1
JC1	Sertraline	GC+Val	control	NA	False	50	0.146815	0.9924495	1.1646495	0.147931960266	-4.91076945412
JC1	Sertraline	SNCA Trpl.	control	NA	False	114	0.9924495	0.9924495	1.1646495	1	0
JC1	Simvastatin	0.5μΜ	treatment	5e-07	False	10	1.0034225	0.9924495	1.1646495	1.01105648197	0.0637224157956
JC1	Simvastatin	100nM	treatment	1e-07	False	5	1.045404	0.9924495	1.1646495	1.05335737486	0.307517421603
JC1	Simvastatin	10nM	treatment	1e-08	False	30	0.132049	0.9924495	1.1646495	0.133053621368	-4.99651858304
JC1	Simvastatin	10μM	treatment	1e-05	False	10	0.673316	0.9924495	1.1646495	0.678438550274	-1.85327235772
JC1	Simvastatin	1μM	treatment	1e-06	False	24	0.9179905	0.9924495	1.1646495	0.924974520114	-0.432398373984
JC1	Simvastatin	2.5μΜ	treatment	2.5e-06	False	10	0.896276	0.9924495	1.1646495	0.903094817419	-0.55849883856
JC1	Simvastatin	5μM	treatment	5e-06	False	10	0.6962635	0.9924495	1.1646495	0.701560633564	-1.7200116144
JC1	Simvastatin	GC	control	NA	False	104	1.1646495	0.9924495	1.1646495	1.17351008792	1
JC1	Simvastatin	GC+Val	control	NA	False	50	0.146815	0.9924495	1.1646495	0.147931960266	-4.91076945412
JC1	Simvastatin	SNCA Trpl.	control	NA	False	114	0.9924495	0.9924495	1.1646495	1	0
JC1	TIC10	0.5μΜ	treatment	5e-07	False	10	0.9210835	0.9924495	1.1646495	0.928091051484	-0.41443670151
JC1	TIC10	100nM	treatment	1e-07	False	4	0.932037	0.9924495	1.1646495	0.939127885096	-0.350827526132
JC1	TIC10	10nM	treatment	1e-08	False	4	1.0156355	0.9924495	1.1646495	1.02336239778	0.134645760743
JC1	TIC10	10μM	treatment	1e-05	False	10	0.3580695	0.9924495	1.1646495	0.360793672625	-3.68397212544
JC1	TIC10	1μM	treatment	1e-06	False	24	0.7393935	0.9924495	1.1646495	0.745018764179	-1.46954703833
JC1	TIC10	2.5μΜ	treatment	2.5e-06	False	10	0.4168965	0.9924495	1.1646495	0.420068225134	-3.34235191638
JC1	TIC10	5μM	treatment	5e-06	False	10	0.3620865	0.9924495	1.1646495	0.364841233735	-3.6606445993
JC1	TIC10	GC	control	NA	False	104	1.1646495	0.9924495	1.1646495	1.17351008792	1
JC1	TIC10	GC+Val	control	NA	False	50	0.146815	0.9924495	1.1646495	0.147931960266	-4.91076945412
JC1	TIC10	SNCA Trpl.	control	NA	False	114	0.9924495	0.9924495	1.1646495	1	0
JC1	Tinostamustine	0.5μΜ	treatment	5e-07	False	10	0.920103	0.9924495	1.1646495	0.927103091895	-0.420130662021
JC1	Tinostamustine	100nM	treatment	1e-07	False	4	0.937595	0.9924495	1.1646495	0.944728170048	-0.318551103368
JC1	Tinostamustine	10nM	treatment	1e-08	False	4	1.1885055	0.9924495	1.1646495	1.19754758303	1.13853658537
JC1	Tinostamustine	10μM	treatment	1e-05	False	10	0.16553127	0.9924495	1.1646495	0.166790622596	-4.80208031359
JC1	Tinostamustine	1μM	treatment	1e-06	False	23	0.748708	0.9924495	1.1646495	0.754404128371	-1.41545586527
JC1	Tinostamustine	2.5μΜ	treatment	2.5e-06	False	10	0.701018	0.9924495	1.1646495	0.706351305532	-1.69240127758
JC1	Tinostamustine	5μM	treatment	5e-06	False	10	0.1781782485	0.9924495	1.1646495	0.179533818597	-4.72863676829
JC1	Tinostamustine	GC	control	NA	False	104	1.1646495	0.9924495	1.1646495	1.17351008792	1
JC1	Tinostamustine	GC+Val	control	NA	False	50	0.146815	0.9924495	1.1646495	0.147931960266	-4.91076945412
JC1	Tinostamustine	SNCA Trpl.	control	NA	False	114	0.9924495	0.9924495	1.1646495	1	0
JC1	Trifluoperazine	0.5μΜ	treatment	5e-07	False	10	1.132712	0.995381	1.15864	1.13796827546	0.841184865765
JC1	Trifluoperazine	100nM	treatment	1e-07	False	4	1.0226135	0.995381	1.15864	1.02735887062	0.166805505363
JC1	Trifluoperazine	10nM	treatment	1e-08	False	4	1.077281	0.995381	1.15864	1.08228005156	0.501656876497
JC1	Trifluoperazine	10μM	treatment	1e-05	False	10	0.236538	0.995381	1.15864	0.237635639017	-4.64809290759
JC1	Trifluoperazine	1μM	treatment	1e-06	False	25	0.978125	0.995381	1.15864	0.982663924668	-0.10569708255
JC1	Trifluoperazine	2.5μΜ	treatment	2.5e-06	False	10	0.3602355	0.995381	1.15864	0.361907149122	-3.89041645484
JC1	Trifluoperazine	5μM	treatment	5e-06	False	10	0.250008	0.995381	1.15864	0.251168145665	-4.56558597076
JC1	Trifluoperazine	GC	control	NA	False	107	1.15864	0.995381	1.15864	1.16401659264	1
JC1	Trifluoperazine	GC+Val	control	NA	False	53	0.159404	0.995381	1.15864	0.160143703768	-5.12055690651
JC1	Trifluoperazine	SNCA Trpl.	control	NA	False	117	0.995381	0.995381	1.15864	1	0
JC1	Tyrphostatin 9	0.5μΜ	treatment	5e-07	False	10	0.421969	0.995381	1.15864	0.423927119364	-3.51228416198
JC1	Tyrphostatin 9	100nM	treatment	1e-07	False	4	0.7428285	0.995381	1.15864	0.74627554675	-1.5469438132
JC1	Tyrphostatin 9	10nM	treatment	1e-08	False	4	0.933509	0.995381	1.15864	0.937840887057	-0.378980638127
JC1	Tyrphostatin 9	10μM	treatment	1e-05	False	10	0.2521465	0.995381	1.15864	0.253316569233	-4.55248715232
JC1	Tyrphostatin 9	1μM	treatment	1e-06	False	24	0.358494	0.995381	1.15864	0.360157567806	-3.90108355435
JC1	Tyrphostatin 9	2.5μΜ	treatment	2.5e-06	False	10	0.318326	0.995381	1.15864	0.319803170846	-4.14712205759
JC1	Tyrphostatin 9	5μM	treatment	5e-06	False	10	0.2965285	0.995381	1.15864	0.297904520982	-4.2806369021
JC1	Tyrphostatin 9	GC	control	NA	False	107	1.15864	0.995381	1.15864	1.16401659264	1
JC1	Tyrphostatin 9	GC+Val	control	NA	False	53	0.159404	0.995381	1.15864	0.160143703768	-5.12055690651
JC1	Tyrphostatin 9	SNCA Trpl.	control	NA	False	117	0.995381	0.995381	1.15864	1	0
JC1	UNC2025	0.5μΜ	treatment	5e-07	False	10	1.008188	0.9924495	1.1646495	1.01585823762	0.0913966318235
JC1	UNC2025	100nM	treatment	1e-07	False	5	1.045404	0.9924495	1.1646495	1.05335737486	0.307517421603
JC1	UNC2025	10nM	treatment	1e-08	False	5	1.048554	0.9924495	1.1646495	1.05653133988	0.32581010453
JC1	UNC2025	10μM	treatment	1e-05	False	10	0.17995563	0.9924495	1.1646495	0.181324722316	-4.71831515679
JC1	UNC2025	1μM	treatment	1e-06	False	23	0.89884	0.9924495	1.1646495	0.905678324187	-0.543609175377
JC1	UNC2025	2.5μΜ	treatment	2.5e-06	False	10	0.6321505	0.9924495	1.1646495	0.636959865464	-2.09232868757
JC1	UNC2025	5μM	treatment	5e-06	False	10	0.186123	0.9924495	1.1646495	0.18753901332	-4.6825
JC1	UNC2025	GC	control	NA	False	104	1.1646495	0.9924495	1.1646495	1.17351008792	1
JC1	UNC2025	GC+Val	control	NA	False	50	0.146815	0.9924495	1.1646495	0.147931960266	-4.91076945412
JC1	UNC2025	SNCA Trpl.	control	NA	False	114	0.9924495	0.9924495	1.1646495	1	0
JC1	VPS34 inhibitor 1	0.5μΜ	treatment	5e-07	False	10	0.8743675	0.9924495	1.1646495	0.881019638783	-0.685725900116
JC1	VPS34 inhibitor 1	100nM	treatment	1e-07	False	4	0.859823	0.9924495	1.1646495	0.866364485044	-0.77018873403
JC1	VPS34 inhibitor 1	10nM	treatment	1e-08	False	4	1.0023105	0.9924495	1.1646495	1.00993602193	0.0572648083624
JC1	VPS34 inhibitor 1	10μM	treatment	1e-05	False	10	0.399489	0.9924495	1.1646495	0.402528289853	-3.44344076655
JC1	VPS34 inhibitor 1	1μM	treatment	1e-06	False	24	0.8589585	0.9924495	1.1646495	0.865493407977	-0.775209059233
JC1	VPS34 inhibitor 1	2.5μΜ	treatment	2.5e-06	False	10	0.6323965	0.9924495	1.1646495	0.637207737018	-2.09090011614
JC1	VPS34 inhibitor 1	5μM	treatment	5e-06	False	10	0.5919365	0.9924495	1.1646495	0.596439919613	-2.32585946574
JC1	VPS34 inhibitor 1	GC	control	NA	False	104	1.1646495	0.9924495	1.1646495	1.17351008792	1
JC1	VPS34 inhibitor 1	GC+Val	control	NA	False	50	0.146815	0.9924495	1.1646495	0.147931960266	-4.91076945412
JC1	VPS34 inhibitor 1	SNCA Trpl.	control	NA	False	114	0.9924495	0.9924495	1.1646495	1	0
JC1	Vorinostat	0.5μΜ	treatment	5e-07	False	10	0.9473025	0.9924495	1.1646495	0.954509524162	-0.262177700348
JC1	Vorinostat	100nM	treatment	1e-07	False	4	0.86643	0.9924495	1.1646495	0.873021750729	-0.731820557491
JC1	Vorinostat	10nM	treatment	1e-08	False	4	0.911561	0.9924495	1.1646495	0.91849610484	-0.469735772358
JC1	Vorinostat	10μM	treatment	1e-05	False	10	0.7859915	0.9924495	1.1646495	0.791971279143	-1.19894308943
JC1	Vorinostat	1μM	treatment	1e-06	False	24	0.823622	0.9924495	1.1646495	0.829888069872	-0.980415214866
JC1	Vorinostat	2.5μΜ	treatment	2.5e-06	False	10	0.8679845	0.9924495	1.1646495	0.874588077277	-0.722793263647
JC1	Vorinostat	5μM	treatment	5e-06	False	10	0.948556	0.9924495	1.1646495	0.95577256072	-0.254898373984
JC1	Vorinostat	GC	control	NA	False	104	1.1646495	0.9924495	1.1646495	1.17351008792	1
JC1	Vorinostat	GC+Val	control	NA	False	50	0.146815	0.9924495	1.1646495	0.147931960266	-4.91076945412
JC1	Vorinostat	SNCA Trpl.	control	NA	False	114	0.9924495	0.9924495	1.1646495	1	0
JC1	WAY-600	0.5μΜ	treatment	5e-07	False	10	0.985673	0.995381	1.15864	0.990246950665	-0.0594637967892
JC1	WAY-600	100nM	treatment	1e-07	False	4	0.9092955	0.995381	1.15864	0.913515025905	-0.527294054233
JC1	WAY-600	10nM	treatment	1e-08	False	4	1.009608	0.995381	1.15864	1.01429301946	0.087143740927
JC1	WAY-600	10μM	treatment	1e-05	False	10	0.5898365	0.995381	1.15864	0.592573597447	-2.48405600916
JC1	WAY-600	1μM	treatment	1e-06	False	24	0.8726885	0.995381	1.15864	0.876738153531	-0.751520589983
JC1	WAY-600	2.5μΜ	treatment	2.5e-06	False	10	0.8490755	0.995381	1.15864	0.853015578959	-0.896155801518
JC1	WAY-600	5μM	treatment	5e-06	False	10	0.791445	0.995381	1.15864	0.795117648418	-1.24915624866
JC1	WAY-600	GC	control	NA	False	107	1.15864	0.995381	1.15864	1.16401659264	1
JC1	WAY-600	GC+Val	control	NA	False	53	0.159404	0.995381	1.15864	0.160143703768	-5.12055690651
JC1	WAY-600	SNCA Trpl.	control	NA	False	117	0.995381	0.995381	1.15864	1	0
ROS	Bimiralisib	0.5μM	treatment	5e-07	False	14	0.9608485	0.9541365	0.733853	1.00703463289	-0.0304698263828
ROS	Bimiralisib	1μM	treatment	1e-06	False	14	0.74448	0.9541365	0.733853	0.780265716698	0.951757621429
ROS	Bimiralisib	2.5μM	treatment	2.5e-06	False	14	0.8672445	0.9541365	0.733853	0.908931269268	0.394455326886
ROS	Bimiralisib	GC	control	NA	False	75	0.733853	0.9541365	0.733853	0.769127897319	1
ROS	Bimiralisib	SNCA Trpl.	control	NA	False	74	0.9541365	0.9541365	0.733853	1	-0
ROS	Bimiralisib	SNCA Trpl. + NAC	control	NA	False	75	0.516065	0.9541365	0.733853	0.540871248506	1.98867141661
ROS	Chloroquine	0.5μM	treatment	5e-07	False	14	1.2026315	0.9541365	0.733853	1.26043967504	-1.12806905647
ROS	Chloroquine	1μM	treatment	1e-06	False	14	1.2619645	0.9541365	0.733853	1.32262469783	-1.39741741892
ROS	Chloroquine	2.5μM	treatment	2.5e-06	False	14	0.8727665	0.9541365	0.733853	0.91471870115	0.369387630031
ROS	Chloroquine	GC	control	NA	False	75	0.733853	0.9541365	0.733853	0.769127897319	1
ROS	Chloroquine	SNCA Trpl.	control	NA	False	74	0.9541365	0.9541365	0.733853	1	-0
ROS	Chloroquine	SNCA Trpl. + NAC	control	NA	False	75	0.516065	0.9541365	0.733853	0.540871248506	1.98867141661
ROS	Duloxetine	0.5μM	treatment	5e-07	False	14	1.158042	0.9541365	0.733853	1.21370684383	-0.925650355111
ROS	Duloxetine	1μM	treatment	1e-06	False	14	0.931661	0.9541365	0.733853	0.976444146094	0.102029884217
ROS	Duloxetine	2.5μM	treatment	2.5e-06	False	14	1.2382385	0.9541365	0.733853	1.2977582348	-1.28971075909
ROS	Duloxetine	GC	control	NA	False	75	0.733853	0.9541365	0.733853	0.769127897319	1
ROS	Duloxetine	SNCA Trpl.	control	NA	False	74	0.9541365	0.9541365	0.733853	1	-0
ROS	Duloxetine	SNCA Trpl. + NAC	control	NA	False	75	0.516065	0.9541365	0.733853	0.540871248506	1.98867141661
ROS	Entinostat	0.5μM	treatment	5e-07	False	14	1.0416635	0.9541365	0.733853	1.09173425396	-0.397337975836
ROS	Entinostat	1μM	treatment	1e-06	False	14	0.9409615	0.9541365	0.733853	0.986191703179	0.0598092912088
ROS	Entinostat	2.5μM	treatment	2.5e-06	False	14	0.857332	0.9541365	0.733853	0.898542294525	0.439454157937
ROS	Entinostat	GC	control	NA	False	75	0.733853	0.9541365	0.733853	0.769127897319	1
ROS	Entinostat	SNCA Trpl.	control	NA	False	74	0.9541365	0.9541365	0.733853	1	-0
ROS	Entinostat	SNCA Trpl. + NAC	control	NA	False	75	0.516065	0.9541365	0.733853	0.540871248506	1.98867141661
ROS	FCCP	0.5μM	treatment	5e-07	False	13	0.74857	0.9541365	0.733853	0.784552315104	0.933190638427
ROS	FCCP	1μM	treatment	1e-06	False	13	0.601311	0.9541365	0.733853	0.630214859195	1.60168827897
ROS	FCCP	2.5μM	treatment	2.5e-06	False	13	0.564386	0.9541365	0.733853	0.591514945713	1.76931318052
ROS	FCCP	GC	control	NA	False	75	0.733853	0.9541365	0.733853	0.769127897319	1
ROS	FCCP	SNCA Trpl.	control	NA	False	74	0.9541365	0.9541365	0.733853	1	-0
ROS	FCCP	SNCA Trpl. + NAC	control	NA	False	75	0.516065	0.9541365	0.733853	0.540871248506	1.98867141661
ROS	Lonafarnib	0.5μM	treatment	5e-07	False	14	0.780294	0.9541365	0.733853	0.817801226554	0.789176220643
ROS	Lonafarnib	1μM	treatment	1e-06	False	14	0.942634	0.9541365	0.733853	0.987944597026	0.0522168024387
ROS	Lonafarnib	2.5μM	treatment	2.5e-06	False	14	0.812843	0.9541365	0.733853	0.851914794162	0.641416629026
ROS	Lonafarnib	GC	control	NA	False	75	0.733853	0.9541365	0.733853	0.769127897319	1
ROS	Lonafarnib	SNCA Trpl.	control	NA	False	74	0.9541365	0.9541365	0.733853	1	-0
ROS	Lonafarnib	SNCA Trpl. + NAC	control	NA	False	75	0.516065	0.9541365	0.733853	0.540871248506	1.98867141661
ROS	PIK-III	0.5μM	treatment	5e-07	False	14	0.883805	0.9541365	0.733853	0.92628780054	0.319277204148
ROS	PIK-III	1μM	treatment	1e-06	False	14	1.020682	0.9541365	0.733853	1.06974421375	-0.302090260959
ROS	PIK-III	2.5μM	treatment	2.5e-06	False	13	0.936403	0.9541365	0.733853	0.981414084882	0.0805030789869
ROS	PIK-III	GC	control	NA	False	75	0.733853	0.9541365	0.733853	0.769127897319	1
ROS	PIK-III	SNCA Trpl.	control	NA	False	74	0.9541365	0.9541365	0.733853	1	-0
ROS	PIK-III	SNCA Trpl. + NAC	control	NA	False	75	0.516065	0.9541365	0.733853	0.540871248506	1.98867141661
ROS	RG2833	0.5μM	treatment	5e-07	False	14	1.1247135	0.9541365	0.733853	1.17877630716	-0.774352141672
ROS	RG2833	1μM	treatment	1e-06	False	13	0.947317	0.9541365	0.733853	0.992852699797	0.0309578338822
ROS	RG2833	2.5μM	treatment	2.5e-06	False	14	0.798231	0.9541365	0.733853	0.836600423524	0.707749332111
ROS	RG2833	GC	control	NA	False	75	0.733853	0.9541365	0.733853	0.769127897319	1
ROS	RG2833	SNCA Trpl.	control	NA	False	74	0.9541365	0.9541365	0.733853	1	-0
ROS	RG2833	SNCA Trpl. + NAC	control	NA	False	75	0.516065	0.9541365	0.733853	0.540871248506	1.98867141661
ROS	SLK2001	0.5μM	treatment	5e-07	False	14	0.8907135	0.9541365	0.733853	0.933528378801	0.287915345453
ROS	SLK2001	1μM	treatment	1e-06	False	14	0.81566	0.9541365	0.733853	0.854867201915	0.628628562738
ROS	SLK2001	2.5μM	treatment	2.5e-06	False	14	0.8442535	0.9541365	0.733853	0.884835136272	0.498825377298
ROS	SLK2001	GC	control	NA	False	75	0.733853	0.9541365	0.733853	0.769127897319	1
ROS	SLK2001	SNCA Trpl.	control	NA	False	74	0.9541365	0.9541365	0.733853	1	-0
ROS	SLK2001	SNCA Trpl. + NAC	control	NA	False	75	0.516065	0.9541365	0.733853	0.540871248506	1.98867141661
ROS	STF-62247	0.5μM	treatment	5e-07	False	14	1.217222	0.9541365	0.733853	1.27573151221	-1.19430415805
ROS	STF-62247	1μM	treatment	1e-06	False	14	1.211039	0.9541365	0.733853	1.26925130733	-1.16623578253
ROS	STF-62247	2.5μM	treatment	2.5e-06	False	14	1.215192	0.9541365	0.733853	1.27360393403	-1.18508876062
ROS	STF-62247	GC	control	NA	False	75	0.733853	0.9541365	0.733853	0.769127897319	1
ROS	STF-62247	SNCA Trpl.	control	NA	False	74	0.9541365	0.9541365	0.733853	1	-0
ROS	STF-62247	SNCA Trpl. + NAC	control	NA	False	75	0.516065	0.9541365	0.733853	0.540871248506	1.98867141661
ROS	Sertraline	0.5μM	treatment	5e-07	False	14	0.9199505	0.9541365	0.733853	0.964170744962	0.155190924422
ROS	Sertraline	1μM	treatment	1e-06	False	14	0.966754	0.9541365	0.733853	1.01322399887	-0.0572784616188
ROS	Sertraline	2.5μM	treatment	2.5e-06	False	13	0.672861	0.9541365	0.733853	0.705204129598	1.27687956656
ROS	Sertraline	GC	control	NA	False	75	0.733853	0.9541365	0.733853	0.769127897319	1
ROS	Sertraline	SNCA Trpl.	control	NA	False	74	0.9541365	0.9541365	0.733853	1	-0
ROS	Sertraline	SNCA Trpl. + NAC	control	NA	False	75	0.516065	0.9541365	0.733853	0.540871248506	1.98867141661
ROS	Simvastatin	0.5μM	treatment	5e-07	False	14	0.973574	0.9541365	0.733853	1.02037182311	-0.0882385653033
ROS	Simvastatin	1μM	treatment	1e-06	False	14	0.9381505	0.9541365	0.733853	0.983245583834	0.0725701198683
ROS	Simvastatin	2.5μM	treatment	2.5e-06	False	14	0.883053	0.9541365	0.733853	0.925499653351	0.322690986842
ROS	Simvastatin	GC	control	NA	False	75	0.733853	0.9541365	0.733853	0.769127897319	1
ROS	Simvastatin	SNCA Trpl.	control	NA	False	74	0.9541365	0.9541365	0.733853	1	-0
ROS	Simvastatin	SNCA Trpl. + NAC	control	NA	False	75	0.516065	0.9541365	0.733853	0.540871248506	1.98867141661
ROS	TIC10	0.5μM	treatment	5e-07	False	14	0.83248	0.9541365	0.733853	0.872495706851	0.552272412596
ROS	TIC10	1μM	treatment	1e-06	False	14	0.909457	0.9541365	0.733853	0.95317284267	0.202827265773
ROS	TIC10	2.5μM	treatment	2.5e-06	False	10	0.9300245	0.9541365	0.733853	0.974728982698	0.10945894722
ROS	TIC10	GC	control	NA	False	75	0.733853	0.9541365	0.733853	0.769127897319	1
ROS	TIC10	SNCA Trpl.	control	NA	False	74	0.9541365	0.9541365	0.733853	1	-0
ROS	TIC10	SNCA Trpl. + NAC	control	NA	False	75	0.516065	0.9541365	0.733853	0.540871248506	1.98867141661
ROS	Tinostamustine	0.5μM	treatment	5e-07	False	14	0.9686595	0.9541365	0.733853	1.01522109258	-0.0659286782714
ROS	Tinostamustine	1μM	treatment	1e-06	False	14	0.92977	0.9541365	0.733853	0.974462249374	0.110614276603
ROS	Tinostamustine	2.5μM	treatment	2.5e-06	False	14	0.652843	0.9541365	0.733853	0.684223902974	1.36775337236
ROS	Tinostamustine	GC	control	NA	False	75	0.733853	0.9541365	0.733853	0.769127897319	1
ROS	Tinostamustine	SNCA Trpl.	control	NA	False	74	0.9541365	0.9541365	0.733853	1	-0
ROS	Tinostamustine	SNCA Trpl. + NAC	control	NA	False	75	0.516065	0.9541365	0.733853	0.540871248506	1.98867141661
ROS	Trifluoperazine	0.5μM	treatment	5e-07	False	14	1.3137055	0.9541365	0.733853	1.37685278783	-1.6323011029
ROS	Trifluoperazine	1μM	treatment	1e-06	False	14	1.2282665	0.9541365	0.733853	1.28730690001	-1.24444182156
ROS	Trifluoperazine	2.5μM	treatment	2.5e-06	False	14	0.761361	0.9541365	0.733853	0.797958153786	0.875124555402
ROS	Trifluoperazine	GC	control	NA	False	75	0.733853	0.9541365	0.733853	0.769127897319	1
ROS	Trifluoperazine	SNCA Trpl.	control	NA	False	74	0.9541365	0.9541365	0.733853	1	-0
ROS	Trifluoperazine	SNCA Trpl. + NAC	control	NA	False	75	0.516065	0.9541365	0.733853	0.540871248506	1.98867141661
ROS	Tyrphostatin 9	0.5μM	treatment	5e-07	False	13	0.844708	0.9541365	0.733853	0.88531148321	0.496762126986
ROS	Tyrphostatin 9	1μM	treatment	1e-06	False	13	0.624336	0.9541365	0.733853	0.654346626505	1.497163882
ROS	Tyrphostatin 9	2.5μM	treatment	2.5e-06	False	13	0.516082	0.9541365	0.733853	0.540889065663	1.98859424333
ROS	Tyrphostatin 9	GC	control	NA	False	75	0.733853	0.9541365	0.733853	0.769127897319	1
ROS	Tyrphostatin 9	SNCA Trpl.	control	NA	False	74	0.9541365	0.9541365	0.733853	1	-0
ROS	Tyrphostatin 9	SNCA Trpl. + NAC	control	NA	False	75	0.516065	0.9541365	0.733853	0.540871248506	1.98867141661
ROS	UNC2025	0.5μM	treatment	5e-07	False	14	0.970293	0.9541365	0.733853	1.01693311177	-0.0733441224604
ROS	UNC2025	1μM	treatment	1e-06	False	14	0.8625905	0.9541365	0.733853	0.904053560471	0.415582646907
ROS	UNC2025	2.5μM	treatment	2.5e-06	False	11	0.8836475	0.9541365	0.733853	0.926122729819	0.31999219188
ROS	UNC2025	GC	control	NA	False	75	0.733853	0.9541365	0.733853	0.769127897319	1
ROS	UNC2025	SNCA Trpl.	control	NA	False	74	0.9541365	0.9541365	0.733853	1	-0
ROS	UNC2025	SNCA Trpl. + NAC	control	NA	False	75	0.516065	0.9541365	0.733853	0.540871248506	1.98867141661
ROS	VPS34 inhibitor 1	0.5μM	treatment	5e-07	False	14	1.113164	0.9541365	0.733853	1.16667164499	-0.721921977815
ROS	VPS34 inhibitor 1	1μM	treatment	1e-06	False	14	0.902044	0.9541365	0.733853	0.945403514067	0.236479355013
ROS	VPS34 inhibitor 1	2.5μM	treatment	2.5e-06	False	14	0.845286	0.9541365	0.733853	0.885917266555	0.494138235501
ROS	VPS34 inhibitor 1	GC	control	NA	False	75	0.733853	0.9541365	0.733853	0.769127897319	1
ROS	VPS34 inhibitor 1	SNCA Trpl.	control	NA	False	74	0.9541365	0.9541365	0.733853	1	-0
ROS	VPS34 inhibitor 1	SNCA Trpl. + NAC	control	NA	False	75	0.516065	0.9541365	0.733853	0.540871248506	1.98867141661
ROS	Vorinostat	0.5μM	treatment	5e-07	False	14	1.0210875	0.9541365	0.733853	1.07016920535	-0.303931070643
ROS	Vorinostat	1μM	treatment	1e-06	False	14	0.929442	0.9541365	0.733853	0.974118483047	0.112103266926
ROS	Vorinostat	2.5μM	treatment	2.5e-06	False	13	0.852204	0.9541365	0.733853	0.893167801462	0.462733250561
ROS	Vorinostat	GC	control	NA	False	75	0.733853	0.9541365	0.733853	0.769127897319	1
ROS	Vorinostat	SNCA Trpl.	control	NA	False	74	0.9541365	0.9541365	0.733853	1	-0
ROS	Vorinostat	SNCA Trpl. + NAC	control	NA	False	75	0.516065	0.9541365	0.733853	0.540871248506	1.98867141661
ROS	WAY-600	0.5μM	treatment	5e-07	False	14	0.9427285	0.9541365	0.733853	0.988043639458	0.0517878097996
ROS	WAY-600	1μM	treatment	1e-06	False	14	0.7572085	0.9541365	0.733853	0.793606051126	0.893975263694
ROS	WAY-600	2.5μM	treatment	2.5e-06	False	14	0.6034905	0.9541365	0.733853	0.632499123553	1.59179421064
ROS	WAY-600	GC	control	NA	False	75	0.733853	0.9541365	0.733853	0.769127897319	1
ROS	WAY-600	SNCA Trpl.	control	NA	False	74	0.9541365	0.9541365	0.733853	1	-0
ROS	WAY-600	SNCA Trpl. + NAC	control	NA	False	75	0.516065	0.9541365	0.733853	0.540871248506	1.98867141661
JC1	Bimiralisib	0.5μΜ	treatment	5e-07	True	10	0.965435	0.9924495	1.170659	0.972779975203	-0.151588439449
JC1	Bimiralisib	100nM	treatment	1e-07	True	4	1.1621705	0.9924495	1.170659	1.17101222783	0.952367859177
JC1	Bimiralisib	10nM	treatment	1e-08	True	4	0.9070185	0.9924495	1.170659	0.913919045755	-0.47938521796
JC1	Bimiralisib	10μM	treatment	1e-05	True	10	0.5739455	0.9924495	1.170659	0.578312045097	-2.34838210084
JC1	Bimiralisib	1μM	treatment	1e-06	True	24	0.805556	0.9924495	1.170659	0.811684624759	-1.04872916427
JC1	Bimiralisib	2.5μΜ	treatment	2.5e-06	True	10	0.816104	0.9924495	1.170659	0.82231287335	-0.989540400484
JC1	Bimiralisib	5μM	treatment	5e-06	True	10	0.643825	0.9924495	1.170659	0.648723184404	-1.95626215213
JC1	Bimiralisib	GC	control	NA	True	105	1.170659	0.9924495	1.170659	1.17956530786	1
JC1	Bimiralisib	GC+Val	control	NA	True	50	0.146815	0.9924495	1.170659	0.147931960266	-4.745170712
JC1	Bimiralisib	SNCA Trpl.	control	NA	True	114	0.9924495	0.9924495	1.170659	1	0
JC1	Chloroquine	0.5μΜ	treatment	5e-07	True	10	1.0767595	0.9924495	1.170659	1.08495142574	0.47309486868
JC1	Chloroquine	100nM	treatment	1e-07	True	4	1.05037	0.9924495	1.170659	1.05836115591	0.325013537438
JC1	Chloroquine	10nM	treatment	1e-08	True	4	1.055366	0.9924495	1.170659	1.06339516519	0.3530479576
JC1	Chloroquine	10μM	treatment	1e-05	True	15	0.446353	0.9924495	1.170659	0.44974882853	-3.06435122707
JC1	Chloroquine	1μM	treatment	1e-06	True	29	1.023418	0.9924495	1.170659	1.03120410661	0.173775808809
JC1	Chloroquine	2.5μΜ	treatment	2.5e-06	True	10	1.0328685	0.9924495	1.170659	1.04072650548	0.226806090584
JC1	Chloroquine	5μM	treatment	5e-06	True	15	0.940786	0.9924495	1.170659	0.947943446997	-0.289903175757
JC1	Chloroquine	GC	control	NA	True	105	1.170659	0.9924495	1.170659	1.17956530786	1
JC1	Chloroquine	GC+Val	control	NA	True	50	0.146815	0.9924495	1.170659	0.147931960266	-4.745170712
JC1	Chloroquine	SNCA Trpl.	control	NA	True	114	0.9924495	0.9924495	1.170659	1	0
JC1	Duloxetine	0.5μΜ	treatment	5e-07	True	10	1.0844835	0.9942915	1.170659	1.09070981699	0.511386735084
JC1	Duloxetine	100nM	treatment	1e-07	True	5	1.045404	0.9942915	1.170659	1.05140595087	0.28980679547
JC1	Duloxetine	10nM	treatment	1e-08	True	9	1.045404	0.9942915	1.170659	1.05140595087	0.28980679547
JC1	Duloxetine	10μM	treatment	1e-05	True	10	0.2185215	0.9942915	1.170659	0.21977609182	-4.39859951522
JC1	Duloxetine	1μM	treatment	1e-06	True	24	0.917123	0.9942915	1.170659	0.922388454492	-0.437543765149
JC1	Duloxetine	2.5μΜ	treatment	2.5e-06	True	10	0.727704	0.9942915	1.170659	0.731881948101	-1.51154549449
JC1	Duloxetine	5μM	treatment	5e-06	True	10	0.650364	0.9942915	1.170659	0.654097917965	-1.95006166102
JC1	Duloxetine	GC	control	NA	True	105	1.170659	0.9942915	1.170659	1.17738007415	1
JC1	Duloxetine	GC+Val	control	NA	True	50	0.146815	0.9942915	1.170659	0.147657905152	-4.80517385573
JC1	Duloxetine	SNCA Trpl.	control	NA	True	114	0.9942915	0.9942915	1.170659	1	0
JC1	Entinostat	0.5μΜ	treatment	5e-07	True	10	0.9782695	0.9924495	1.170659	0.985712119357	-0.0795692709985
JC1	Entinostat	100nM	treatment	1e-07	True	4	0.9529185	0.9924495	1.170659	0.960168250374	-0.221823191244
JC1	Entinostat	10nM	treatment	1e-08	True	4	1.014525	0.9924495	1.170659	1.02224344916	0.123873867555
JC1	Entinostat	10μM	treatment	1e-05	True	10	0.9140855	0.9924495	1.170659	0.921039811094	-0.439729644043
JC1	Entinostat	1μM	treatment	1e-06	True	24	0.951597	0.9924495	1.170659	0.958836696477	-0.229238620837
JC1	Entinostat	2.5μΜ	treatment	2.5e-06	True	10	1.011508	0.9924495	1.170659	1.019203496	0.106944354818
JC1	Entinostat	5μM	treatment	5e-06	True	10	0.8749065	0.9924495	1.170659	0.881562739464	-0.659577631944
JC1	Entinostat	GC	control	NA	True	105	1.170659	0.9924495	1.170659	1.17956530786	1
JC1	Entinostat	GC+Val	control	NA	True	50	0.146815	0.9924495	1.170659	0.147931960266	-4.745170712
JC1	Entinostat	SNCA Trpl.	control	NA	True	114	0.9924495	0.9924495	1.170659	1	0
JC1	FCCP	0.5μΜ	treatment	5e-07	True	10	0.551102	0.9924495	1.170659	0.555294753033	-2.47656550296
JC1	FCCP	100nM	treatment	1e-07	True	4	0.775262	0.9924495	1.170659	0.78116014971	-1.2187201019
JC1	FCCP	10nM	treatment	1e-08	True	4	0.9774695	0.9924495	1.170659	0.984906033002	-0.0840583695033
JC1	FCCP	10μM	treatment	1e-05	True	10	0.2589995	0.9924495	1.170659	0.260969953635	-4.11566162298
JC1	FCCP	1μM	treatment	1e-06	True	24	0.385417	0.9924495	1.170659	0.388349230868	-3.40628586018
JC1	FCCP	2.5μΜ	treatment	2.5e-06	True	10	0.401381	0.9924495	1.170659	0.404434684082	-3.31670589952
JC1	FCCP	5μM	treatment	5e-06	True	10	0.271811	0.9924495	1.170659	0.273878922807	-4.04377151611
JC1	FCCP	GC	control	NA	True	105	1.170659	0.9924495	1.170659	1.17956530786	1
JC1	FCCP	GC+Val	control	NA	True	50	0.146815	0.9924495	1.170659	0.147931960266	-4.745170712
JC1	FCCP	SNCA Trpl.	control	NA	True	114	0.9924495	0.9924495	1.170659	1	0
JC1	Lonafarnib	0.5μΜ	treatment	5e-07	True	10	1.009919	0.9924495	1.170659	1.01760240697	0.0980278829131
JC1	Lonafarnib	100nM	treatment	1e-07	True	4	1.010566	0.9924495	1.170659	1.01825432931	0.101658441329
JC1	Lonafarnib	10nM	treatment	1e-08	True	4	1.0431595	0.9924495	1.170659	1.05109579883	0.284552731476
JC1	Lonafarnib	10μM	treatment	1e-05	True	10	0.198309489	0.9924495	1.170659	0.199818216443	-4.45621592003
JC1	Lonafarnib	1μM	treatment	1e-06	True	20	0.8061245	0.9924495	1.170659	0.812257449875	-1.04553909865
JC1	Lonafarnib	2.5μΜ	treatment	2.5e-06	True	10	0.9550645	0.9924495	1.170659	0.962330577022	-0.209781184505
JC1	Lonafarnib	5μM	treatment	5e-06	True	14	0.8279495	0.9924495	1.170659	0.834248493248	-0.92307088006
JC1	Lonafarnib	GC	control	NA	True	105	1.170659	0.9924495	1.170659	1.17956530786	1
JC1	Lonafarnib	GC+Val	control	NA	True	50	0.146815	0.9924495	1.170659	0.147931960266	-4.745170712
JC1	Lonafarnib	SNCA Trpl.	control	NA	True	114	0.9924495	0.9924495	1.170659	1	0
JC1	PIK-III	0.5μΜ	treatment	5e-07	True	10	1.0334165	0.9924495	1.170659	1.04127867463	0.22988112306
JC1	PIK-III	100nM	treatment	1e-07	True	4	0.9305555	0.9924495	1.170659	0.937635113928	-0.347310328574
JC1	PIK-III	10nM	treatment	1e-08	True	4	1.084915	0.9924495	1.170659	1.09316897233	0.51885842225
JC1	PIK-III	10μM	treatment	1e-05	True	10	0.4989065	0.9924495	1.170659	0.502702152603	-2.76945392922
JC1	PIK-III	1μM	treatment	1e-06	True	24	0.885405	0.9924495	1.170659	0.892141111462	-0.600666631128
JC1	PIK-III	2.5μΜ	treatment	2.5e-06	True	10	0.8005825	0.9924495	1.170659	0.806673286651	-1.07663732854
JC1	PIK-III	5μM	treatment	5e-06	True	10	0.737939	0.9924495	1.170659	0.743553198425	-1.42815338127
JC1	PIK-III	GC	control	NA	True	105	1.170659	0.9924495	1.170659	1.17956530786	1
JC1	PIK-III	GC+Val	control	NA	True	50	0.146815	0.9924495	1.170659	0.147931960266	-4.745170712
JC1	PIK-III	SNCA Trpl.	control	NA	True	114	0.9924495	0.9924495	1.170659	1	0
JC1	RG2833	0.5μΜ	treatment	5e-07	True	10	0.970298	0.9924495	1.170659	0.977679972633	-0.124300331913
JC1	RG2833	100nM	treatment	1e-07	True	4	1.0100485	0.9924495	1.170659	1.0177328922	0.0987545557336
JC1	RG2833	10nM	treatment	1e-08	True	4	1.08757	0.9924495	1.170659	1.09584417142	0.533756617913
JC1	RG2833	10μM	treatment	1e-05	True	10	0.8660585	0.9924495	1.170659	0.872647424378	-0.709227061408
JC1	RG2833	1μM	treatment	1e-06	True	24	0.9068235	0.9924495	1.170659	0.913722562206	-0.48047943572
JC1	RG2833	2.5μΜ	treatment	2.5e-06	True	10	0.8870615	0.9924495	1.170659	0.893810214021	-0.591371391536
JC1	RG2833	5μM	treatment	5e-06	True	10	0.80575	0.9924495	1.170659	0.8118801007	-1.04764055788
JC1	RG2833	GC	control	NA	True	105	1.170659	0.9924495	1.170659	1.17956530786	1
JC1	RG2833	GC+Val	control	NA	True	50	0.146815	0.9924495	1.170659	0.147931960266	-4.745170712
JC1	RG2833	SNCA Trpl.	control	NA	True	114	0.9924495	0.9924495	1.170659	1	0
JC1	SLK2001	0.5μΜ	treatment	5e-07	True	10	0.956205	0.9924495	1.170659	0.963479753882	-0.203381413449
JC1	SLK2001	100nM	treatment	1e-07	True	4	0.8737195	0.9924495	1.170659	0.880366708835	-0.666238331851
JC1	SLK2001	10nM	treatment	1e-08	True	4	0.886025	0.9924495	1.170659	0.892765828387	-0.597187579787
JC1	SLK2001	10μM	treatment	1e-05	True	10	0.9419325	0.9924495	1.170659	0.949098669504	-0.283469736462
JC1	SLK2001	1μM	treatment	1e-06	True	24	0.930055	0.9924495	1.170659	0.937130806152	-0.350118820826
JC1	SLK2001	2.5μΜ	treatment	2.5e-06	True	10	0.9422235	0.9924495	1.170659	0.949391883416	-0.281836826881
JC1	SLK2001	5μM	treatment	5e-06	True	10	0.968346	0.9924495	1.170659	0.975713121927	-0.135253732265
JC1	SLK2001	GC	control	NA	True	105	1.170659	0.9924495	1.170659	1.17956530786	1
JC1	SLK2001	GC+Val	control	NA	True	50	0.146815	0.9924495	1.170659	0.147931960266	-4.745170712
JC1	SLK2001	SNCA Trpl.	control	NA	True	114	0.9924495	0.9924495	1.170659	1	0
JC1	STF-62247	0.5μΜ	treatment	5e-07	True	10	1.1272205	0.9924495	1.170659	1.13579633019	0.756250368246
JC1	STF-62247	100nM	treatment	1e-07	True	4	1.1237995	0.9924495	1.170659	1.13234930342	0.737053860765
JC1	STF-62247	10nM	treatment	1e-08	True	4	1.1305625	0.9924495	1.170659	1.13916375594	0.77500357725
JC1	STF-62247	10μM	treatment	1e-05	True	10	0.9154655	0.9924495	1.170659	0.922430310056	-0.431985949122
JC1	STF-62247	1μM	treatment	1e-06	True	24	1.0264655	0.9924495	1.170659	1.03427479182	0.190876468426
JC1	STF-62247	2.5μΜ	treatment	2.5e-06	True	10	1.048181	0.9924495	1.170659	1.05615550212	0.312730241654
JC1	STF-62247	5μM	treatment	5e-06	True	10	0.8074785	0.9924495	1.170659	0.813621751031	-1.03794129943
JC1	STF-62247	GC	control	NA	True	105	1.170659	0.9924495	1.170659	1.17956530786	1
JC1	STF-62247	GC+Val	control	NA	True	50	0.146815	0.9924495	1.170659	0.147931960266	-4.745170712
JC1	STF-62247	SNCA Trpl.	control	NA	True	114	0.9924495	0.9924495	1.170659	1	0
JC1	Sertraline	0.5μΜ	treatment	5e-07	True	10	0.988076	0.9924495	1.170659	0.995593226658	-0.0245413403887
JC1	Sertraline	100nM	treatment	1e-07	True	4	0.9033055	0.9924495	1.170659	0.91017779746	-0.500220246395
JC1	Sertraline	10nM	treatment	1e-08	True	4	0.889322	0.9924495	1.170659	0.896087911778	-0.578686882574
JC1	Sertraline	10μM	treatment	1e-05	True	10	0.2715335	0.9924495	1.170659	0.273599311602	-4.04532867215
JC1	Sertraline	1μM	treatment	1e-06	True	24	0.887595	0.9924495	1.170659	0.894347772859	-0.588377723971
JC1	Sertraline	2.5μΜ	treatment	2.5e-06	True	10	0.344217	0.9924495	1.170659	0.346835783584	-3.63747443318
JC1	Sertraline	5μM	treatment	5e-06	True	10	0.357798	0.9924495	1.170659	0.360520107068	-3.56126637469
JC1	Sertraline	GC	control	NA	True	105	1.170659	0.9924495	1.170659	1.17956530786	1
JC1	Sertraline	GC+Val	control	NA	True	50	0.146815	0.9924495	1.170659	0.147931960266	-4.745170712
JC1	Sertraline	SNCA Trpl.	control	NA	True	114	0.9924495	0.9924495	1.170659	1	0
JC1	Simvastatin	0.5μΜ	treatment	5e-07	True	10	1.0034225	0.9924495	1.170659	1.01105648197	0.0615735973671
JC1	Simvastatin	100nM	treatment	1e-07	True	5	1.045404	0.9924495	1.170659	1.05335737486	0.297147458469
JC1	Simvastatin	10nM	treatment	1e-08	True	30	0.132049	0.9924495	1.170659	0.133053621368	-4.82802824765
JC1	Simvastatin	10μM	treatment	1e-05	True	10	0.673316	0.9924495	1.170659	0.678438550274	-1.79077714712
JC1	Simvastatin	1μM	treatment	1e-06	True	24	0.9179905	0.9924495	1.170659	0.924974520114	-0.417817231966
JC1	Simvastatin	2.5μΜ	treatment	2.5e-06	True	10	0.896276	0.9924495	1.170659	0.903094817419	-0.53966539382
JC1	Simvastatin	5μM	treatment	5e-06	True	10	0.6962635	0.9924495	1.170659	0.701560633564	-1.6620101622
JC1	Simvastatin	GC	control	NA	True	105	1.170659	0.9924495	1.170659	1.17956530786	1
JC1	Simvastatin	GC+Val	control	NA	True	50	0.146815	0.9924495	1.170659	0.147931960266	-4.745170712
JC1	Simvastatin	SNCA Trpl.	control	NA	True	114	0.9924495	0.9924495	1.170659	1	0
JC1	TIC10	0.5μΜ	treatment	5e-07	True	10	0.9210835	0.9924495	1.170659	0.928091051484	-0.400461254871
JC1	TIC10	100nM	treatment	1e-07	True	4	0.932037	0.9924495	1.170659	0.939127885096	-0.33899707928
JC1	TIC10	10nM	treatment	1e-08	True	4	1.0156355	0.9924495	1.170659	1.02336239778	0.130105297417
JC1	TIC10	10μM	treatment	1e-05	True	10	0.3580695	0.9924495	1.170659	0.360793672625	-3.55974288688
JC1	TIC10	1μM	treatment	1e-06	True	24	0.7393935	0.9924495	1.170659	0.745018764179	-1.41999163905
JC1	TIC10	2.5μΜ	treatment	2.5e-06	True	10	0.4168965	0.9924495	1.170659	0.420068225134	-3.2296426397
JC1	TIC10	5μM	treatment	5e-06	True	10	0.3620865	0.9924495	1.170659	0.364841233735	-3.53720200102
JC1	TIC10	GC	control	NA	True	105	1.170659	0.9924495	1.170659	1.17956530786	1
JC1	TIC10	GC+Val	control	NA	True	50	0.146815	0.9924495	1.170659	0.147931960266	-4.745170712
JC1	TIC10	SNCA Trpl.	control	NA	True	114	0.9924495	0.9924495	1.170659	1	0
JC1	Tinostamustine	0.5μΜ	treatment	5e-07	True	10	0.920103	0.9924495	1.170659	0.927103091895	-0.405963206226
JC1	Tinostamustine	100nM	treatment	1e-07	True	4	0.937595	0.9924495	1.170659	0.944728170048	-0.307809067418
JC1	Tinostamustine	10nM	treatment	1e-08	True	4	1.1885055	0.9924495	1.170659	1.19754758303	1.10014337058
JC1	Tinostamustine	10μM	treatment	1e-05	True	10	0.16553127	0.9924495	1.170659	0.166790622596	-4.64014673741
JC1	Tinostamustine	1μM	treatment	1e-06	True	24	0.7457935	0.9924495	1.170659	0.751467455019	-1.38407885102
JC1	Tinostamustine	2.5μΜ	treatment	2.5e-06	True	10	0.701018	0.9924495	1.170659	0.706351305532	-1.63533088865
JC1	Tinostamustine	5μM	treatment	5e-06	True	10	0.1781782485	0.9924495	1.170659	0.179533818597	-4.56917982206
JC1	Tinostamustine	GC	control	NA	True	105	1.170659	0.9924495	1.170659	1.17956530786	1
JC1	Tinostamustine	GC+Val	control	NA	True	50	0.146815	0.9924495	1.170659	0.147931960266	-4.745170712
JC1	Tinostamustine	SNCA Trpl.	control	NA	True	114	0.9924495	0.9924495	1.170659	1	0
JC1	Trifluoperazine	0.5μΜ	treatment	5e-07	True	10	1.132712	0.995381	1.1646495	1.13796827546	0.811320476048
JC1	Trifluoperazine	100nM	treatment	1e-07	True	4	1.0226135	0.995381	1.1646495	1.02735887062	0.160883448486
JC1	Trifluoperazine	10nM	treatment	1e-08	True	4	1.077281	0.995381	1.1646495	1.08228005156	0.48384666964
JC1	Trifluoperazine	10μM	treatment	1e-05	True	10	0.236538	0.995381	1.1646495	0.237635639017	-4.48307275128
JC1	Trifluoperazine	1μM	treatment	1e-06	True	25	0.978125	0.995381	1.1646495	0.982663924668	-0.101944543728
JC1	Trifluoperazine	2.5μΜ	treatment	2.5e-06	True	10	0.3602355	0.995381	1.1646495	0.361907149122	-3.75229590857
JC1	Trifluoperazine	5μM	treatment	5e-06	True	10	0.250008	0.995381	1.1646495	0.251168145665	-4.40349503895
JC1	Trifluoperazine	GC	control	NA	True	108	1.1646495	0.995381	1.1646495	1.17005397933	1
JC1	Trifluoperazine	GC+Val	control	NA	True	53	0.159404	0.995381	1.1646495	0.160143703768	-4.93876297126
JC1	Trifluoperazine	SNCA Trpl.	control	NA	True	117	0.995381	0.995381	1.1646495	1	0
JC1	Tyrphostatin 9	0.5μΜ	treatment	5e-07	True	10	0.421969	0.995381	1.1646495	0.423927119364	-3.38758835814
JC1	Tyrphostatin 9	100nM	treatment	1e-07	True	4	0.7428285	0.995381	1.1646495	0.74627554675	-1.4920230285
JC1	Tyrphostatin 9	10nM	treatment	1e-08	True	4	0.933509	0.995381	1.1646495	0.937840887057	-0.365525777094
JC1	Tyrphostatin 9	10μM	treatment	1e-05	True	10	0.2521465	0.995381	1.1646495	0.253316569233	-4.3908612648
JC1	Tyrphostatin 9	1μM	treatment	1e-06	True	24	0.358494	0.995381	1.1646495	0.360157567806	-3.76258429655
JC1	Tyrphostatin 9	2.5μΜ	treatment	2.5e-06	True	10	0.318326	0.995381	1.1646495	0.319803170846	-3.9998877523
JC1	Tyrphostatin 9	5μM	treatment	5e-06	True	10	0.2965285	0.995381	1.1646495	0.297904520982	-4.12866245049
JC1	Tyrphostatin 9	GC	control	NA	True	108	1.1646495	0.995381	1.1646495	1.17005397933	1
JC1	Tyrphostatin 9	GC+Val	control	NA	True	53	0.159404	0.995381	1.1646495	0.160143703768	-4.93876297126
JC1	Tyrphostatin 9	SNCA Trpl.	control	NA	True	117	0.995381	0.995381	1.1646495	1	0
JC1	UNC2025	0.5μΜ	treatment	5e-07	True	10	1.008188	0.9924495	1.170659	1.01585823762	0.0883145960232
JC1	UNC2025	100nM	treatment	1e-07	True	5	1.045404	0.9924495	1.170659	1.05335737486	0.297147458469
JC1	UNC2025	10nM	treatment	1e-08	True	5	1.048554	0.9924495	1.170659	1.05653133988	0.314823283832
JC1	UNC2025	10μM	treatment	1e-05	True	10	0.17995563	0.9924495	1.170659	0.181324722316	-4.55920627127
JC1	UNC2025	1μM	treatment	1e-06	True	24	0.8867765	0.9924495	1.170659	0.893523045757	-0.592970632879
JC1	UNC2025	2.5μΜ	treatment	2.5e-06	True	10	0.6321505	0.9924495	1.170659	0.636959865464	-2.02177212775
JC1	UNC2025	5μM	treatment	5e-06	True	10	0.186123	0.9924495	1.170659	0.18753901332	-4.52459885696
JC1	UNC2025	GC	control	NA	True	105	1.170659	0.9924495	1.170659	1.17956530786	1
JC1	UNC2025	GC+Val	control	NA	True	50	0.146815	0.9924495	1.170659	0.147931960266	-4.745170712
JC1	UNC2025	SNCA Trpl.	control	NA	True	114	0.9924495	0.9924495	1.170659	1	0
JC1	VPS34 inhibitor 1	0.5μΜ	treatment	5e-07	True	10	0.8743675	0.9924495	1.170659	0.881019638783	-0.662602162062
JC1	VPS34 inhibitor 1	100nM	treatment	1e-07	True	4	0.859823	0.9924495	1.170659	0.866364485044	-0.744216778567
JC1	VPS34 inhibitor 1	10nM	treatment	1e-08	True	4	1.0023105	0.9924495	1.170659	1.00993602193	0.0553337504454
JC1	VPS34 inhibitor 1	10μM	treatment	1e-05	True	10	0.399489	0.9924495	1.170659	0.402528289853	-3.32732261748
JC1	VPS34 inhibitor 1	1μM	treatment	1e-06	True	24	0.8589585	0.9924495	1.170659	0.865493407977	-0.749067810639
JC1	VPS34 inhibitor 1	2.5μΜ	treatment	2.5e-06	True	10	0.6323965	0.9924495	1.170659	0.637207737018	-2.02039172996
JC1	VPS34 inhibitor 1	5μM	treatment	5e-06	True	10	0.5919365	0.9924495	1.170659	0.596439919613	-2.24742788684
JC1	VPS34 inhibitor 1	GC	control	NA	True	105	1.170659	0.9924495	1.170659	1.17956530786	1
JC1	VPS34 inhibitor 1	GC+Val	control	NA	True	50	0.146815	0.9924495	1.170659	0.147931960266	-4.745170712
JC1	VPS34 inhibitor 1	SNCA Trpl.	control	NA	True	114	0.9924495	0.9924495	1.170659	1	0
JC1	Vorinostat	0.5μΜ	treatment	5e-07	True	10	0.9473025	0.9924495	1.170659	0.954509524162	-0.253336662748
JC1	Vorinostat	100nM	treatment	1e-07	True	4	0.86643	0.9924495	1.170659	0.873021750729	-0.70714243629
JC1	Vorinostat	10nM	treatment	1e-08	True	4	0.911561	0.9924495	1.170659	0.91849610484	-0.453895555512
JC1	Vorinostat	10μM	treatment	1e-05	True	10	0.7859915	0.9924495	1.170659	0.791971279143	-1.15851287389
JC1	Vorinostat	1μM	treatment	1e-06	True	24	0.823622	0.9924495	1.170659	0.829888069872	-0.947354097284
JC1	Vorinostat	2.5μΜ	treatment	2.5e-06	True	10	0.8679845	0.9924495	1.170659	0.874588077277	-0.698419556758
JC1	Vorinostat	5μM	treatment	5e-06	True	10	0.948556	0.9924495	1.170659	0.95577256072	-0.246302806528
JC1	Vorinostat	GC	control	NA	True	105	1.170659	0.9924495	1.170659	1.17956530786	1
JC1	Vorinostat	GC+Val	control	NA	True	50	0.146815	0.9924495	1.170659	0.147931960266	-4.745170712
JC1	Vorinostat	SNCA Trpl.	control	NA	True	114	0.9924495	0.9924495	1.170659	1	0
JC1	WAY-600	0.5μΜ	treatment	5e-07	True	10	0.985673	0.995381	1.1646495	0.990246950665	-0.0573526675075
JC1	WAY-600	100nM	treatment	1e-07	True	4	0.9092955	0.995381	1.1646495	0.913515025905	-0.508573656646
JC1	WAY-600	10nM	treatment	1e-08	True	4	1.009608	0.995381	1.1646495	1.01429301946	0.084049897057
JC1	WAY-600	10μM	treatment	1e-05	True	10	0.5898365	0.995381	1.1646495	0.592573597447	-2.39586514916
JC1	WAY-600	1μM	treatment	1e-06	True	24	0.8726885	0.995381	1.1646495	0.876738153531	-0.724839530096
JC1	WAY-600	2.5μΜ	treatment	2.5e-06	True	10	0.8490755	0.995381	1.1646495	0.853015578959	-0.864339791515
JC1	WAY-600	5μM	treatment	5e-06	True	10	0.791445	0.995381	1.1646495	0.795117648418	-1.20480774627
JC1	WAY-600	GC	control	NA	True	108	1.1646495	0.995381	1.1646495	1.17005397933	1
JC1	WAY-600	GC+Val	control	NA	True	53	0.159404	0.995381	1.1646495	0.160143703768	-4.93876297126
JC1	WAY-600	SNCA Trpl.	control	NA	True	117	0.995381	0.995381	1.1646495	1	0
ROS	Bimiralisib	0.5μM	treatment	5e-07	True	14	0.9608485	0.9541365	0.733853	1.00703463289	-0.0304698263828
ROS	Bimiralisib	1μM	treatment	1e-06	True	14	0.74448	0.9541365	0.733853	0.780265716698	0.951757621429
ROS	Bimiralisib	2.5μM	treatment	2.5e-06	True	14	0.8672445	0.9541365	0.733853	0.908931269268	0.394455326886
ROS	Bimiralisib	GC	control	NA	True	75	0.733853	0.9541365	0.733853	0.769127897319	1
ROS	Bimiralisib	GC+ Pyocyanin	control	NA	True	75	13.55304	0.9541365	0.733853	14.2045084744	-57.194040861
ROS	Bimiralisib	SNCA Trpl.	control	NA	True	74	0.9541365	0.9541365	0.733853	1	-0
ROS	Bimiralisib	SNCA Trpl. + NAC	control	NA	True	75	0.516065	0.9541365	0.733853	0.540871248506	1.98867141661
ROS	Bimiralisib	SNCA Trpl.+ Pyocyanin	control	NA	True	75	21.64209	0.9541365	0.733853	22.6823834954	-93.9151298213
ROS	Chloroquine	0.5μM	treatment	5e-07	True	14	1.2026315	0.9541365	0.733853	1.26043967504	-1.12806905647
ROS	Chloroquine	1μM	treatment	1e-06	True	14	1.2619645	0.9541365	0.733853	1.32262469783	-1.39741741892
ROS	Chloroquine	2.5μM	treatment	2.5e-06	True	14	0.8727665	0.9541365	0.733853	0.91471870115	0.369387630031
ROS	Chloroquine	GC	control	NA	True	75	0.733853	0.9541365	0.733853	0.769127897319	1
ROS	Chloroquine	GC+ Pyocyanin	control	NA	True	75	13.55304	0.9541365	0.733853	14.2045084744	-57.194040861
ROS	Chloroquine	SNCA Trpl.	control	NA	True	74	0.9541365	0.9541365	0.733853	1	-0
ROS	Chloroquine	SNCA Trpl. + NAC	control	NA	True	75	0.516065	0.9541365	0.733853	0.540871248506	1.98867141661
ROS	Chloroquine	SNCA Trpl.+ Pyocyanin	control	NA	True	75	21.64209	0.9541365	0.733853	22.6823834954	-93.9151298213
ROS	Duloxetine	0.5μM	treatment	5e-07	True	14	1.158042	0.9541365	0.733853	1.21370684383	-0.925650355111
ROS	Duloxetine	1μM	treatment	1e-06	True	14	0.931661	0.9541365	0.733853	0.976444146094	0.102029884217
ROS	Duloxetine	2.5μM	treatment	2.5e-06	True	14	1.2382385	0.9541365	0.733853	1.2977582348	-1.28971075909
ROS	Duloxetine	GC	control	NA	True	75	0.733853	0.9541365	0.733853	0.769127897319	1
ROS	Duloxetine	GC+ Pyocyanin	control	NA	True	75	13.55304	0.9541365	0.733853	14.2045084744	-57.194040861
ROS	Duloxetine	SNCA Trpl.	control	NA	True	74	0.9541365	0.9541365	0.733853	1	-0
ROS	Duloxetine	SNCA Trpl. + NAC	control	NA	True	75	0.516065	0.9541365	0.733853	0.540871248506	1.98867141661
ROS	Duloxetine	SNCA Trpl.+ Pyocyanin	control	NA	True	75	21.64209	0.9541365	0.733853	22.6823834954	-93.9151298213
ROS	Entinostat	0.5μM	treatment	5e-07	True	14	1.0416635	0.9541365	0.733853	1.09173425396	-0.397337975836
ROS	Entinostat	1μM	treatment	1e-06	True	14	0.9409615	0.9541365	0.733853	0.986191703179	0.0598092912088
ROS	Entinostat	2.5μM	treatment	2.5e-06	True	14	0.857332	0.9541365	0.733853	0.898542294525	0.439454157937
ROS	Entinostat	GC	control	NA	True	75	0.733853	0.9541365	0.733853	0.769127897319	1
ROS	Entinostat	GC+ Pyocyanin	control	NA	True	75	13.55304	0.9541365	0.733853	14.2045084744	-57.194040861
ROS	Entinostat	SNCA Trpl.	control	NA	True	74	0.9541365	0.9541365	0.733853	1	-0
ROS	Entinostat	SNCA Trpl. + NAC	control	NA	True	75	0.516065	0.9541365	0.733853	0.540871248506	1.98867141661
ROS	Entinostat	SNCA Trpl.+ Pyocyanin	control	NA	True	75	21.64209	0.9541365	0.733853	22.6823834954	-93.9151298213
ROS	FCCP	0.5μM	treatment	5e-07	True	13	0.74857	0.9541365	0.733853	0.784552315104	0.933190638427
ROS	FCCP	1μM	treatment	1e-06	True	13	0.601311	0.9541365	0.733853	0.630214859195	1.60168827897
ROS	FCCP	2.5μM	treatment	2.5e-06	True	13	0.564386	0.9541365	0.733853	0.591514945713	1.76931318052
ROS	FCCP	GC	control	NA	True	75	0.733853	0.9541365	0.733853	0.769127897319	1
ROS	FCCP	GC+ Pyocyanin	control	NA	True	75	13.55304	0.9541365	0.733853	14.2045084744	-57.194040861
ROS	FCCP	SNCA Trpl.	control	NA	True	74	0.9541365	0.9541365	0.733853	1	-0
ROS	FCCP	SNCA Trpl. + NAC	control	NA	True	75	0.516065	0.9541365	0.733853	0.540871248506	1.98867141661
ROS	FCCP	SNCA Trpl.+ Pyocyanin	control	NA	True	75	21.64209	0.9541365	0.733853	22.6823834954	-93.9151298213
ROS	Lonafarnib	0.5μM	treatment	5e-07	True	14	0.780294	0.9541365	0.733853	0.817801226554	0.789176220643
ROS	Lonafarnib	1μM	treatment	1e-06	True	14	0.942634	0.9541365	0.733853	0.987944597026	0.0522168024387
ROS	Lonafarnib	2.5μM	treatment	2.5e-06	True	14	0.812843	0.9541365	0.733853	0.851914794162	0.641416629026
ROS	Lonafarnib	GC	control	NA	True	75	0.733853	0.9541365	0.733853	0.769127897319	1
ROS	Lonafarnib	GC+ Pyocyanin	control	NA	True	75	13.55304	0.9541365	0.733853	14.2045084744	-57.194040861
ROS	Lonafarnib	SNCA Trpl.	control	NA	True	74	0.9541365	0.9541365	0.733853	1	-0
ROS	Lonafarnib	SNCA Trpl. + NAC	control	NA	True	75	0.516065	0.9541365	0.733853	0.540871248506	1.98867141661
ROS	Lonafarnib	SNCA Trpl.+ Pyocyanin	control	NA	True	75	21.64209	0.9541365	0.733853	22.6823834954	-93.9151298213
ROS	PIK-III	0.5μM	treatment	5e-07	True	14	0.883805	0.9541365	0.733853	0.92628780054	0.319277204148
ROS	PIK-III	1μM	treatment	1e-06	True	14	1.020682	0.9541365	0.733853	1.06974421375	-0.302090260959
ROS	PIK-III	2.5μM	treatment	2.5e-06	True	13	0.936403	0.9541365	0.733853	0.981414084882	0.0805030789869
ROS	PIK-III	GC	control	NA	True	75	0.733853	0.9541365	0.733853	0.769127897319	1
ROS	PIK-III	GC+ Pyocyanin	control	NA	True	75	13.55304	0.9541365	0.733853	14.2045084744	-57.194040861
ROS	PIK-III	SNCA Trpl.	control	NA	True	74	0.9541365	0.9541365	0.733853	1	-0
ROS	PIK-III	SNCA Trpl. + NAC	control	NA	True	75	0.516065	0.9541365	0.733853	0.540871248506	1.98867141661
ROS	PIK-III	SNCA Trpl.+ Pyocyanin	control	NA	True	75	21.64209	0.9541365	0.733853	22.6823834954	-93.9151298213
ROS	RG2833	0.5μM	treatment	5e-07	True	14	1.1247135	0.9541365	0.733853	1.17877630716	-0.774352141672
ROS	RG2833	1μM	treatment	1e-06	True	13	0.947317	0.9541365	0.733853	0.992852699797	0.0309578338822
ROS	RG2833	2.5μM	treatment	2.5e-06	True	14	0.798231	0.9541365	0.733853	0.836600423524	0.707749332111
ROS	RG2833	GC	control	NA	True	75	0.733853	0.9541365	0.733853	0.769127897319	1
ROS	RG2833	GC+ Pyocyanin	control	NA	True	75	13.55304	0.9541365	0.733853	14.2045084744	-57.194040861
ROS	RG2833	SNCA Trpl.	control	NA	True	74	0.9541365	0.9541365	0.733853	1	-0
ROS	RG2833	SNCA Trpl. + NAC	control	NA	True	75	0.516065	0.9541365	0.733853	0.540871248506	1.98867141661
ROS	RG2833	SNCA Trpl.+ Pyocyanin	control	NA	True	75	21.64209	0.9541365	0.733853	22.6823834954	-93.9151298213
ROS	SLK2001	0.5μM	treatment	5e-07	True	14	0.8907135	0.9541365	0.733853	0.933528378801	0.287915345453
ROS	SLK2001	1μM	treatment	1e-06	True	14	0.81566	0.9541365	0.733853	0.854867201915	0.628628562738
ROS	SLK2001	2.5μM	treatment	2.5e-06	True	14	0.8442535	0.9541365	0.733853	0.884835136272	0.498825377298
ROS	SLK2001	GC	control	NA	True	75	0.733853	0.9541365	0.733853	0.769127897319	1
ROS	SLK2001	GC+ Pyocyanin	control	NA	True	75	13.55304	0.9541365	0.733853	14.2045084744	-57.194040861
ROS	SLK2001	SNCA Trpl.	control	NA	True	74	0.9541365	0.9541365	0.733853	1	-0
ROS	SLK2001	SNCA Trpl. + NAC	control	NA	True	75	0.516065	0.9541365	0.733853	0.540871248506	1.98867141661
ROS	SLK2001	SNCA Trpl.+ Pyocyanin	control	NA	True	75	21.64209	0.9541365	0.733853	22.6823834954	-93.9151298213
ROS	STF-62247	0.5μM	treatment	5e-07	True	14	1.217222	0.9541365	0.733853	1.27573151221	-1.19430415805
ROS	STF-62247	1μM	treatment	1e-06	True	14	1.211039	0.9541365	0.733853	1.26925130733	-1.16623578253
ROS	STF-62247	2.5μM	treatment	2.5e-06	True	14	1.215192	0.9541365	0.733853	1.27360393403	-1.18508876062
ROS	STF-62247	GC	control	NA	True	75	0.733853	0.9541365	0.733853	0.769127897319	1
ROS	STF-62247	GC+ Pyocyanin	control	NA	True	75	13.55304	0.9541365	0.733853	14.2045084744	-57.194040861
ROS	STF-62247	SNCA Trpl.	control	NA	True	74	0.9541365	0.9541365	0.733853	1	-0
ROS	STF-62247	SNCA Trpl. + NAC	control	NA	True	75	0.516065	0.9541365	0.733853	0.540871248506	1.98867141661
ROS	STF-62247	SNCA Trpl.+ Pyocyanin	control	NA	True	75	21.64209	0.9541365	0.733853	22.6823834954	-93.9151298213
ROS	Sertraline	0.5μM	treatment	5e-07	True	14	0.9199505	0.9541365	0.733853	0.964170744962	0.155190924422
ROS	Sertraline	1μM	treatment	1e-06	True	14	0.966754	0.9541365	0.733853	1.01322399887	-0.0572784616188
ROS	Sertraline	2.5μM	treatment	2.5e-06	True	13	0.672861	0.9541365	0.733853	0.705204129598	1.27687956656
ROS	Sertraline	GC	control	NA	True	75	0.733853	0.9541365	0.733853	0.769127897319	1
ROS	Sertraline	GC+ Pyocyanin	control	NA	True	75	13.55304	0.9541365	0.733853	14.2045084744	-57.194040861
ROS	Sertraline	SNCA Trpl.	control	NA	True	74	0.9541365	0.9541365	0.733853	1	-0
ROS	Sertraline	SNCA Trpl. + NAC	control	NA	True	75	0.516065	0.9541365	0.733853	0.540871248506	1.98867141661
ROS	Sertraline	SNCA Trpl.+ Pyocyanin	control	NA	True	75	21.64209	0.9541365	0.733853	22.6823834954	-93.9151298213
ROS	Simvastatin	0.5μM	treatment	5e-07	True	14	0.973574	0.9541365	0.733853	1.02037182311	-0.0882385653033
ROS	Simvastatin	1μM	treatment	1e-06	True	14	0.9381505	0.9541365	0.733853	0.983245583834	0.0725701198683
ROS	Simvastatin	2.5μM	treatment	2.5e-06	True	14	0.883053	0.9541365	0.733853	0.925499653351	0.322690986842
ROS	Simvastatin	GC	control	NA	True	75	0.733853	0.9541365	0.733853	0.769127897319	1
ROS	Simvastatin	GC+ Pyocyanin	control	NA	True	75	13.55304	0.9541365	0.733853	14.2045084744	-57.194040861
ROS	Simvastatin	SNCA Trpl.	control	NA	True	74	0.9541365	0.9541365	0.733853	1	-0
ROS	Simvastatin	SNCA Trpl. + NAC	control	NA	True	75	0.516065	0.9541365	0.733853	0.540871248506	1.98867141661
ROS	Simvastatin	SNCA Trpl.+ Pyocyanin	control	NA	True	75	21.64209	0.9541365	0.733853	22.6823834954	-93.9151298213
ROS	TIC10	0.5μM	treatment	5e-07	True	14	0.83248	0.9541365	0.733853	0.872495706851	0.552272412596
ROS	TIC10	1μM	treatment	1e-06	True	14	0.909457	0.9541365	0.733853	0.95317284267	0.202827265773
ROS	TIC10	2.5μM	treatment	2.5e-06	True	10	0.9300245	0.9541365	0.733853	0.974728982698	0.10945894722
ROS	TIC10	GC	control	NA	True	75	0.733853	0.9541365	0.733853	0.769127897319	1
ROS	TIC10	GC+ Pyocyanin	control	NA	True	75	13.55304	0.9541365	0.733853	14.2045084744	-57.194040861
ROS	TIC10	SNCA Trpl.	control	NA	True	74	0.9541365	0.9541365	0.733853	1	-0
ROS	TIC10	SNCA Trpl. + NAC	control	NA	True	75	0.516065	0.9541365	0.733853	0.540871248506	1.98867141661
ROS	TIC10	SNCA Trpl.+ Pyocyanin	control	NA	True	75	21.64209	0.9541365	0.733853	22.6823834954	-93.9151298213
ROS	Tinostamustine	0.5μM	treatment	5e-07	True	14	0.9686595	0.9541365	0.733853	1.01522109258	-0.0659286782714
ROS	Tinostamustine	1μM	treatment	1e-06	True	14	0.92977	0.9541365	0.733853	0.974462249374	0.110614276603
ROS	Tinostamustine	2.5μM	treatment	2.5e-06	True	14	0.652843	0.9541365	0.733853	0.684223902974	1.36775337236
ROS	Tinostamustine	GC	control	NA	True	75	0.733853	0.9541365	0.733853	0.769127897319	1
ROS	Tinostamustine	GC+ Pyocyanin	control	NA	True	75	13.55304	0.9541365	0.733853	14.2045084744	-57.194040861
ROS	Tinostamustine	SNCA Trpl.	control	NA	True	74	0.9541365	0.9541365	0.733853	1	-0
ROS	Tinostamustine	SNCA Trpl. + NAC	control	NA	True	75	0.516065	0.9541365	0.733853	0.540871248506	1.98867141661
ROS	Tinostamustine	SNCA Trpl.+ Pyocyanin	control	NA	True	75	21.64209	0.9541365	0.733853	22.6823834954	-93.9151298213
ROS	Trifluoperazine	0.5μM	treatment	5e-07	True	14	1.3137055	0.9541365	0.733853	1.37685278783	-1.6323011029
ROS	Trifluoperazine	1μM	treatment	1e-06	True	14	1.2282665	0.9541365	0.733853	1.28730690001	-1.24444182156
ROS	Trifluoperazine	2.5μM	treatment	2.5e-06	True	14	0.761361	0.9541365	0.733853	0.797958153786	0.875124555402
ROS	Trifluoperazine	GC	control	NA	True	75	0.733853	0.9541365	0.733853	0.769127897319	1
ROS	Trifluoperazine	GC+ Pyocyanin	control	NA	True	75	13.55304	0.9541365	0.733853	14.2045084744	-57.194040861
ROS	Trifluoperazine	SNCA Trpl.	control	NA	True	74	0.9541365	0.9541365	0.733853	1	-0
ROS	Trifluoperazine	SNCA Trpl. + NAC	control	NA	True	75	0.516065	0.9541365	0.733853	0.540871248506	1.98867141661
ROS	Trifluoperazine	SNCA Trpl.+ Pyocyanin	control	NA	True	75	21.64209	0.9541365	0.733853	22.6823834954	-93.9151298213
ROS	Tyrphostatin 9	0.5μM	treatment	5e-07	True	13	0.844708	0.9541365	0.733853	0.88531148321	0.496762126986
ROS	Tyrphostatin 9	1μM	treatment	1e-06	True	13	0.624336	0.9541365	0.733853	0.654346626505	1.497163882
ROS	Tyrphostatin 9	2.5μM	treatment	2.5e-06	True	13	0.516082	0.9541365	0.733853	0.540889065663	1.98859424333
ROS	Tyrphostatin 9	GC	control	NA	True	75	0.733853	0.9541365	0.733853	0.769127897319	1
ROS	Tyrphostatin 9	GC+ Pyocyanin	control	NA	True	75	13.55304	0.9541365	0.733853	14.2045084744	-57.194040861
ROS	Tyrphostatin 9	SNCA Trpl.	control	NA	True	74	0.9541365	0.9541365	0.733853	1	-0
ROS	Tyrphostatin 9	SNCA Trpl. + NAC	control	NA	True	75	0.516065	0.9541365	0.733853	0.540871248506	1.98867141661
ROS	Tyrphostatin 9	SNCA Trpl.+ Pyocyanin	control	NA	True	75	21.64209	0.9541365	0.733853	22.6823834954	-93.9151298213
ROS	UNC2025	0.5μM	treatment	5e-07	True	14	0.970293	0.9541365	0.733853	1.01693311177	-0.0733441224604
ROS	UNC2025	1μM	treatment	1e-06	True	14	0.8625905	0.9541365	0.733853	0.904053560471	0.415582646907
ROS	UNC2025	2.5μM	treatment	2.5e-06	True	11	0.8836475	0.9541365	0.733853	0.926122729819	0.31999219188
ROS	UNC2025	GC	control	NA	True	75	0.733853	0.9541365	0.733853	0.769127897319	1
ROS	UNC2025	GC+ Pyocyanin	control	NA	True	75	13.55304	0.9541365	0.733853	14.2045084744	-57.194040861
ROS	UNC2025	SNCA Trpl.	control	NA	True	74	0.9541365	0.9541365	0.733853	1	-0
ROS	UNC2025	SNCA Trpl. + NAC	control	NA	True	75	0.516065	0.9541365	0.733853	0.540871248506	1.98867141661
ROS	UNC2025	SNCA Trpl.+ Pyocyanin	control	NA	True	75	21.64209	0.9541365	0.733853	22.6823834954	-93.9151298213
ROS	VPS34 inhibitor 1	0.5μM	treatment	5e-07	True	14	1.113164	0.9541365	0.733853	1.16667164499	-0.721921977815
ROS	VPS34 inhibitor 1	1μM	treatment	1e-06	True	14	0.902044	0.9541365	0.733853	0.945403514067	0.236479355013
ROS	VPS34 inhibitor 1	2.5μM	treatment	2.5e-06	True	14	0.845286	0.9541365	0.733853	0.885917266555	0.494138235501
ROS	VPS34 inhibitor 1	GC	control	NA	True	75	0.733853	0.9541365	0.733853	0.769127897319	1
ROS	VPS34 inhibitor 1	GC+ Pyocyanin	control	NA	True	75	13.55304	0.9541365	0.733853	14.2045084744	-57.194040861
ROS	VPS34 inhibitor 1	SNCA Trpl.	control	NA	True	74	0.9541365	0.9541365	0.733853	1	-0
ROS	VPS34 inhibitor 1	SNCA Trpl. + NAC	control	NA	True	75	0.516065	0.9541365	0.733853	0.540871248506	1.98867141661
ROS	VPS34 inhibitor 1	SNCA Trpl.+ Pyocyanin	control	NA	True	75	21.64209	0.9541365	0.733853	22.6823834954	-93.9151298213
ROS	Vorinostat	0.5μM	treatment	5e-07	True	14	1.0210875	0.9541365	0.733853	1.07016920535	-0.303931070643
ROS	Vorinostat	1μM	treatment	1e-06	True	14	0.929442	0.9541365	0.733853	0.974118483047	0.112103266926
ROS	Vorinostat	2.5μM	treatment	2.5e-06	True	13	0.852204	0.9541365	0.733853	0.893167801462	0.462733250561
ROS	Vorinostat	GC	control	NA	True	75	0.733853	0.9541365	0.733853	0.769127897319	1
ROS	Vorinostat	GC+ Pyocyanin	control	NA	True	75	13.55304	0.9541365	0.733853	14.2045084744	-57.194040861
ROS	Vorinostat	SNCA Trpl.	control	NA	True	74	0.9541365	0.9541365	0.733853	1	-0
ROS	Vorinostat	SNCA Trpl. + NAC	control	NA	True	75	0.516065	0.9541365	0.733853	0.540871248506	1.98867141661
ROS	Vorinostat	SNCA Trpl.+ Pyocyanin	control	NA	True	75	21.64209	0.9541365	0.733853	22.6823834954	-93.9151298213
ROS	WAY-600	0.5μM	treatment	5e-07	True	14	0.9427285	0.9541365	0.733853	0.988043639458	0.0517878097996
ROS	WAY-600	1μM	treatment	1e-06	True	14	0.7572085	0.9541365	0.733853	0.793606051126	0.893975263694
ROS	WAY-600	2.5μM	treatment	2.5e-06	True	14	0.6034905	0.9541365	0.733853	0.632499123553	1.59179421064
ROS	WAY-600	GC	control	NA	True	75	0.733853	0.9541365	0.733853	0.769127897319	1
ROS	WAY-600	GC+ Pyocyanin	control	NA	True	75	13.55304	0.9541365	0.733853	14.2045084744	-57.194040861
ROS	WAY-600	SNCA Trpl.	control	NA	True	74	0.9541365	0.9541365	0.733853	1	-0
ROS	WAY-600	SNCA Trpl. + NAC	control	NA	True	75	0.516065	0.9541365	0.733853	0.540871248506	1.98867141661
ROS	WAY-600	SNCA Trpl.+ Pyocyanin	control	NA	True	75	21.64209	0.9541365	0.733853	22.6823834954	-93.9151298213
