Plate	feature	mutant_median	corrected_median	mutant_control_wells	corrected_control_wells	pooled_control_sd	invalid_wells	dataset
Mat67-PD-SCP-01	IndividualCell_Intensity_MeanIntensity_SNCA	714.6045	648.9865	12	12	29.3979693769	0	control
Mat67-PD-SCP-01	Cell_Neurites_LengthPerNuclei_MAP2	475.17	463.3135	12	12	84.4163348312	0	control
Mat67-PD-SCP-01	Cell_Neurites_LengthPerNuclei_TH	517.044	531.525	12	12	110.713354588	0	control
Mat67-PD-SCP-01	Cell_Intensity_MeanIntensity_TH	567.892	492.0405	12	12	52.7505342184	0	control
Mat67-PD-SCP-01	Nuclei_Number_Living	1141	1133	12	12	284.501624323	0	control
Mat67-PD-SCP-01	Nuclei_Ratio_Living	0.657441	0.6795525	12	12	0.091375062304	0	control
Mat67-PD-SCP-02	IndividualCell_Intensity_MeanIntensity_SNCA	769.1815	651.0135	12	12	20.799696998	0	control
Mat67-PD-SCP-02	Cell_Neurites_LengthPerNuclei_MAP2	490.065	445.991	12	12	45.4077723402	0	control
Mat67-PD-SCP-02	Cell_Neurites_LengthPerNuclei_TH	514.4245	576.265	12	12	53.4959151548	0	control
Mat67-PD-SCP-02	Cell_Intensity_MeanIntensity_TH	425.5605	391.3995	12	12	34.8708314808	0	control
Mat67-PD-SCP-02	Nuclei_Number_Living	1096.5	1206	12	12	111.327985945	0	control
Mat67-PD-SCP-02	Nuclei_Ratio_Living	0.667028	0.6892615	12	12	0.0327802192397	0	control
Mat67-PD-SCP-03	IndividualCell_Intensity_MeanIntensity_SNCA	795.357	666.897	12	12	19.2193574481	0	control
Mat67-PD-SCP-03	Cell_Neurites_LengthPerNuclei_MAP2	490.6145	468.127	12	12	35.7667813779	0	control
Mat67-PD-SCP-03	Cell_Neurites_LengthPerNuclei_TH	481.7985	554.002	12	12	47.6389226	0	control
Mat67-PD-SCP-03	Cell_Intensity_MeanIntensity_TH	419.705	395.93	12	12	36.0086132404	0	control
Mat67-PD-SCP-03	Nuclei_Number_Living	1109	1130.5	12	12	99.6716389253	0	control
Mat67-PD-SCP-03	Nuclei_Ratio_Living	0.6397405	0.679348	12	12	0.032507963353	0	control
Mat67-PD-SCP-04	IndividualCell_Intensity_MeanIntensity_SNCA	795.838	676.6975	12	12	22.7334390341	0	control
Mat67-PD-SCP-04	Cell_Neurites_LengthPerNuclei_MAP2	522.071	506.053	12	12	40.9718430752	0	control
Mat67-PD-SCP-04	Cell_Neurites_LengthPerNuclei_TH	465.6555	536.24	12	12	42.9398888703	0	control
Mat67-PD-SCP-04	Cell_Intensity_MeanIntensity_TH	479.269	441.401	12	12	31.3712147372	0	control
Mat67-PD-SCP-04	Nuclei_Number_Living	1146	1160	12	12	85.0079764528	0	control
Mat67-PD-SCP-04	Nuclei_Ratio_Living	0.648981	0.6939215	12	12	0.035983206036	0	control
PD-SC1-01	IndividualCell_Intensity_MeanIntensity_SNCA	763.4835	649.3735	12	12	26.9968713175	0	screen
PD-SC1-01	Cell_Neurites_LengthPerNuclei_MAP2	303.4125	216.5525	12	12	26.8080373796	0	screen
PD-SC1-01	Cell_Neurites_LengthPerNuclei_TH	236.2865	218.2495	12	12	20.3603783575	0	screen
PD-SC1-01	Cell_Intensity_MeanIntensity_TH	346.1265	317.555	12	12	21.0448698663	0	screen
PD-SC1-01	Nuclei_Number_Living	2311.5	3424	12	12	346.191918879	0	screen
PD-SC1-01	Nuclei_Ratio_Living	0.75121	0.760893	12	12	0.0283432324569	0	screen
PD-SC1-02	IndividualCell_Intensity_MeanIntensity_SNCA	816.3585	701.8695	12	12	24.0098257685	0	screen
PD-SC1-02	Cell_Neurites_LengthPerNuclei_MAP2	296.8235	224.2205	12	12	25.2383190505	0	screen
PD-SC1-02	Cell_Neurites_LengthPerNuclei_TH	229.723	221.8765	12	12	23.9133425033	0	screen
PD-SC1-02	Cell_Intensity_MeanIntensity_TH	312.3785	293.9895	12	12	17.6954204885	0	screen
PD-SC1-02	Nuclei_Number_Living	2358.5	3233.5	12	12	280.977184181	0	screen
PD-SC1-02	Nuclei_Ratio_Living	0.733615	0.760155	12	12	0.0237017979883	0	screen
PD-SC1-03	IndividualCell_Intensity_MeanIntensity_SNCA	821.667	686.2715	12	12	17.3281454308	0	screen
PD-SC1-03	Cell_Neurites_LengthPerNuclei_MAP2	289.471	230.889	12	12	21.6333893546	0	screen
PD-SC1-03	Cell_Neurites_LengthPerNuclei_TH	238.812	228.4225	12	12	16.2520596305	0	screen
PD-SC1-03	Cell_Intensity_MeanIntensity_TH	305.5815	295.5165	12	12	7.98251145236	0	screen
PD-SC1-03	Nuclei_Number_Living	2286	3185	12	12	272.72506691	0	screen
PD-SC1-03	Nuclei_Ratio_Living	0.7564145	0.7420965	12	12	0.0272891519227	0	screen
PD-SC1-04	IndividualCell_Intensity_MeanIntensity_SNCA	792.617	677.023	12	12	26.5324359328	0	screen
PD-SC1-04	Cell_Neurites_LengthPerNuclei_MAP2	301.426	231.388	12	12	21.7260045849	0	screen
PD-SC1-04	Cell_Neurites_LengthPerNuclei_TH	238.868	235.7315	12	12	15.0314328888	0	screen
PD-SC1-04	Cell_Intensity_MeanIntensity_TH	323.1785	294.509	12	12	10.4653071729	0	screen
PD-SC1-04	Nuclei_Number_Living	2461.5	3246	12	12	232.488994526	0	screen
PD-SC1-04	Nuclei_Ratio_Living	0.741016	0.7544965	12	12	0.0161453182573	0	screen
PD-SC2-01	IndividualCell_Intensity_MeanIntensity_SNCA	620.72	529.418	12	12	44.4524469769	0	screen
PD-SC2-01	Cell_Neurites_LengthPerNuclei_MAP2	147.645	127.9875	12	12	41.265421158	0	screen
PD-SC2-01	Cell_Neurites_LengthPerNuclei_TH	94.7383	65.9864	12	12	30.0511006956	0	screen
PD-SC2-01	Cell_Intensity_MeanIntensity_TH	379.013	310.5185	12	12	34.7394583624	0	screen
PD-SC2-01	Nuclei_Number_Living	2772	2575	12	12	369.924060594	0	screen
PD-SC2-01	Nuclei_Ratio_Living	0.8397255	0.9170335	12	12	0.0463239673063	0	screen
PD-SC2-02	IndividualCell_Intensity_MeanIntensity_SNCA	619.9515	551.8465	12	12	38.186240648	0	screen
PD-SC2-02	Cell_Neurites_LengthPerNuclei_MAP2	157.228	176.3865	12	12	32.5101479751	0	screen
PD-SC2-02	Cell_Neurites_LengthPerNuclei_TH	115.472	108.535	12	12	17.7468093713	0	screen
PD-SC2-02	Cell_Intensity_MeanIntensity_TH	312.567	311.32	12	12	9.70148838608	0	screen
PD-SC2-02	Nuclei_Number_Living	2874.5	2569	12	12	288.464869717	0	screen
PD-SC2-02	Nuclei_Ratio_Living	0.8411085	0.837684	12	12	0.0237093069195	0	screen
PD-SC2-03	IndividualCell_Intensity_MeanIntensity_SNCA	745.8785	644.619	12	12	37.1973109298	0	screen
PD-SC2-03	Cell_Neurites_LengthPerNuclei_MAP2	236.306	245.676	12	12	29.0335494077	0	screen
PD-SC2-03	Cell_Neurites_LengthPerNuclei_TH	164.5095	145.479	12	12	11.8318572345	0	screen
PD-SC2-03	Cell_Intensity_MeanIntensity_TH	314.534	315.429	12	12	8.25012891176	0	screen
PD-SC2-03	Nuclei_Number_Living	2572	2260	12	12	255.021508303	0	screen
PD-SC2-03	Nuclei_Ratio_Living	0.7742095	0.820754	12	12	0.023527888092	0	screen
PD-SC2-04	IndividualCell_Intensity_MeanIntensity_SNCA	728.589	625.593	12	12	17.8623251086	0	screen
PD-SC2-04	Cell_Neurites_LengthPerNuclei_MAP2	255.4805	265.175	12	12	34.7466613044	0	screen
PD-SC2-04	Cell_Neurites_LengthPerNuclei_TH	165.6755	155.569	12	12	13.24468689	0	screen
PD-SC2-04	Cell_Intensity_MeanIntensity_TH	308.848	307.0505	12	12	7.18174324743	0	screen
PD-SC2-04	Nuclei_Number_Living	2696.5	2204.5	12	12	231.308915509	0	screen
PD-SC2-04	Nuclei_Ratio_Living	0.791685	0.82624	12	12	0.0215780101348	0	screen
PD-SC3-01	IndividualCell_Intensity_MeanIntensity_SNCA	755.4815	668.81	12	12	22.2183422927	0	screen
PD-SC3-01	Cell_Neurites_LengthPerNuclei_MAP2	252.1895	272.515	12	12	36.2524626941	0	screen
PD-SC3-01	Cell_Neurites_LengthPerNuclei_TH	168.2725	158.4215	12	12	14.2548895145	0	screen
PD-SC3-01	Cell_Intensity_MeanIntensity_TH	311.498	313.827	12	12	10.9479459548	0	screen
PD-SC3-01	Nuclei_Number_Living	2668.5	2155	12	12	262.802942076	0	screen
PD-SC3-01	Nuclei_Ratio_Living	0.8080675	0.8138715	12	12	0.0209139669685	0	screen
PD-SC3-02	IndividualCell_Intensity_MeanIntensity_SNCA	760.2295	656.0915	12	12	31.5150774705	0	screen
PD-SC3-02	Cell_Neurites_LengthPerNuclei_MAP2	242.838	237.6785	12	12	35.0856150761	0	screen
PD-SC3-02	Cell_Neurites_LengthPerNuclei_TH	170.5465	164.159	12	12	12.652859898	0	screen
PD-SC3-02	Cell_Intensity_MeanIntensity_TH	318.2245	320.4415	12	12	11.2134830002	0	screen
PD-SC3-02	Nuclei_Number_Living	2657	2276	12	12	160.123413578	0	screen
PD-SC3-02	Nuclei_Ratio_Living	0.809665	0.831729	12	12	0.0295851509851	0	screen
PD-SC3-03	IndividualCell_Intensity_MeanIntensity_SNCA	743.0245	648.882	12	12	37.9910144703	0	screen
PD-SC3-03	Cell_Neurites_LengthPerNuclei_MAP2	258.5225	256.316	12	12	33.4278662067	0	screen
PD-SC3-03	Cell_Neurites_LengthPerNuclei_TH	166.3945	162.707	12	12	15.4600336388	0	screen
PD-SC3-03	Cell_Intensity_MeanIntensity_TH	314.5875	319.2565	12	12	13.0842367067	0	screen
PD-SC3-03	Nuclei_Number_Living	2564	2332.5	12	12	250.163363292	0	screen
PD-SC3-03	Nuclei_Ratio_Living	0.79258	0.8122785	12	12	0.0237613055248	0	screen
PD-SC3-04	IndividualCell_Intensity_MeanIntensity_SNCA	719.2985	642.5715	12	12	23.2505452438	0	screen
PD-SC3-04	Cell_Neurites_LengthPerNuclei_MAP2	270.7995	278.808	12	12	59.3225158797	0	screen
PD-SC3-04	Cell_Neurites_LengthPerNuclei_TH	182.4695	168.5565	12	12	23.3153018402	0	screen
PD-SC3-04	Cell_Intensity_MeanIntensity_TH	334.2145	334.7565	12	12	9.58228045705	0	screen
PD-SC3-04	Nuclei_Number_Living	2389.5	2009	12	12	459.479774178	0	screen
PD-SC3-04	Nuclei_Ratio_Living	0.7655235	0.8086985	12	12	0.022882782252	0	screen
PD-SC4-01	IndividualCell_Intensity_MeanIntensity_SNCA	731.186	616.326	12	12	30.0616014819	0	screen
PD-SC4-01	Cell_Neurites_LengthPerNuclei_MAP2	185.2225	172.4535	12	12	11.4578962119	0	screen
PD-SC4-01	Cell_Neurites_LengthPerNuclei_TH	192.2955	203.476	12	12	17.7971822759	0	screen
PD-SC4-01	Cell_Intensity_MeanIntensity_TH	428.79	385.2645	12	12	24.7334341042	0	screen
PD-SC4-01	Nuclei_Number_Living	3588	3957	12	12	388.996718456	0	screen
PD-SC4-01	Nuclei_Ratio_Living	0.854265	0.8492715	12	12	0.0199561080091	0	screen
PD-SC4-02	IndividualCell_Intensity_MeanIntensity_SNCA	816.245	667.7825	12	12	33.8887670217	0	screen
PD-SC4-02	Cell_Neurites_LengthPerNuclei_MAP2	189.068	176.2165	12	12	12.9771544828	0	screen
PD-SC4-02	Cell_Neurites_LengthPerNuclei_TH	205.0055	199.0395	12	12	19.2550084023	0	screen
PD-SC4-02	Cell_Intensity_MeanIntensity_TH	375.6955	350.7205	12	12	14.9239005491	0	screen
PD-SC4-02	Nuclei_Number_Living	3086.5	3900.5	12	12	379.753862669	0	screen
PD-SC4-02	Nuclei_Ratio_Living	0.854879	0.858433	12	12	0.0125267275658	0	screen
PD-SC4-03	IndividualCell_Intensity_MeanIntensity_SNCA	843.8995	669.2325	12	12	26.2872014898	0	screen
PD-SC4-03	Cell_Neurites_LengthPerNuclei_MAP2	183.9065	159.5125	12	12	13.3419987558	0	screen
PD-SC4-03	Cell_Neurites_LengthPerNuclei_TH	199.768	193.6255	12	12	11.2447038914	0	screen
PD-SC4-03	Cell_Intensity_MeanIntensity_TH	368.1185	347.796	12	12	13.5899100366	0	screen
PD-SC4-03	Nuclei_Number_Living	3187	3821.5	12	12	410.014042627	0	screen
PD-SC4-03	Nuclei_Ratio_Living	0.862436	0.845604	12	12	0.0145661865227	0	screen
PD-SC4-04	IndividualCell_Intensity_MeanIntensity_SNCA	878.411	672.375	12	12	43.0259911324	0	screen
PD-SC4-04	Cell_Neurites_LengthPerNuclei_MAP2	193.212	160.397	12	12	14.3507638799	0	screen
PD-SC4-04	Cell_Neurites_LengthPerNuclei_TH	198.9225	194.543	12	12	18.4558087615	0	screen
PD-SC4-04	Cell_Intensity_MeanIntensity_TH	375.7695	353.046	12	12	23.2011772226	0	screen
PD-SC4-04	Nuclei_Number_Living	3269.5	4073.5	12	12	497.770925165	0	screen
PD-SC4-04	Nuclei_Ratio_Living	0.8495495	0.8551235	12	12	0.0143596278205	0	screen
PD-SC5-01	IndividualCell_Intensity_MeanIntensity_SNCA	872.347	684.573	12	12	23.950640946	0	screen
PD-SC5-01	Cell_Neurites_LengthPerNuclei_MAP2	196.133	171.6285	12	12	13.07722208	0	screen
PD-SC5-01	Cell_Neurites_LengthPerNuclei_TH	211.202	218.8	12	12	16.247655704	0	screen
PD-SC5-01	Cell_Intensity_MeanIntensity_TH	376.8035	346.0475	12	12	14.4824810037	0	screen
PD-SC5-01	Nuclei_Number_Living	3009	4158	12	12	279.97796856	0	screen
PD-SC5-01	Nuclei_Ratio_Living	0.8584005	0.865433	12	12	0.0143645818199	0	screen
PD-SC5-02	IndividualCell_Intensity_MeanIntensity_SNCA	839.6355	673.013	12	12	22.985527323	0	screen
PD-SC5-02	Cell_Neurites_LengthPerNuclei_MAP2	181.329	164.6115	12	12	10.0205404173	0	screen
PD-SC5-02	Cell_Neurites_LengthPerNuclei_TH	201.677	207.964	12	12	18.4236636026	0	screen
PD-SC5-02	Cell_Intensity_MeanIntensity_TH	375.2025	349.891	12	12	12.0381823354	0	screen
PD-SC5-02	Nuclei_Number_Living	3365.5	4195.5	12	12	390.170960975	0	screen
PD-SC5-02	Nuclei_Ratio_Living	0.8551585	0.8498915	12	12	0.0152165550296	0	screen
PD-SC5-03	IndividualCell_Intensity_MeanIntensity_SNCA	842.711	672.3545	12	12	38.2827883408	0	screen
PD-SC5-03	Cell_Neurites_LengthPerNuclei_MAP2	200.408	170.901	12	12	13.5402561832	0	screen
PD-SC5-03	Cell_Neurites_LengthPerNuclei_TH	204.5145	200.8085	12	12	17.7199773009	0	screen
PD-SC5-03	Cell_Intensity_MeanIntensity_TH	407.585	370.1755	12	12	12.9563901057	0	screen
PD-SC5-03	Nuclei_Number_Living	2936	4131.5	12	12	374.706769193	0	screen
PD-SC5-03	Nuclei_Ratio_Living	0.844078	0.8524595	12	12	0.0159179891312	0	screen
PD-SC5-04	IndividualCell_Intensity_MeanIntensity_SNCA	790.286	664.4245	12	12	32.9483698546	0	screen
PD-SC5-04	Cell_Neurites_LengthPerNuclei_MAP2	196.7955	179.227	12	12	11.3504198519	0	screen
PD-SC5-04	Cell_Neurites_LengthPerNuclei_TH	236.512	198.0865	12	12	13.117467104	0	screen
PD-SC5-04	Cell_Intensity_MeanIntensity_TH	481.865	425.1475	12	12	25.2735696211	0	screen
PD-SC5-04	Nuclei_Number_Living	3002	3725.5	12	12	372.582337859	0	screen
PD-SC5-04	Nuclei_Ratio_Living	0.845375	0.851178	12	12	0.015798526358	0	screen
PD-SCD-01	IndividualCell_Intensity_MeanIntensity_SNCA	0.730138	0	11	12	1.21800446657	0	followup
PD-SCD-01	Cell_Neurites_LengthPerNuclei_MAP2	-1.1110613	0	11	12	1.1772254894	0	followup
PD-SCD-01	Cell_Neurites_LengthPerNuclei_TH	6.0798364	0	11	12	1.74098481784	0	followup
PD-SCD-01	Cell_Intensity_MeanIntensity_TH	-2.0269284	8.95000000001e-07	11	12	1.16407249808	0	followup
PD-SCD-01	Nuclei_Number_Living	1062	888	11	12	60.042132874	0	followup
PD-SCD-01	Nuclei_Ratio_Living	-1.6723627	6.75000000006e-07	11	12	1.1408542408	0	followup
PD-SCD-02	IndividualCell_Intensity_MeanIntensity_SNCA	3.00294525	0	12	12	1.4219963633	0	followup
PD-SCD-02	Cell_Neurites_LengthPerNuclei_MAP2	-2.5925893	0	12	12	1.78274315136	0	followup
PD-SCD-02	Cell_Neurites_LengthPerNuclei_TH	6.5111172	0	12	12	1.74185080729	0	followup
PD-SCD-02	Cell_Intensity_MeanIntensity_TH	-0.903666635	9.80000000012e-07	12	12	1.39725506141	0	followup
PD-SCD-02	Nuclei_Number_Living	991	886.5	12	12	81.584822935	0	followup
PD-SCD-02	Nuclei_Ratio_Living	-1.3400849	0	12	12	1.11008274869	0	followup
PD-SCD-03	IndividualCell_Intensity_MeanIntensity_SNCA	2.090943	-1.80499999999e-06	12	12	2.06879116307	0	followup
PD-SCD-03	Cell_Neurites_LengthPerNuclei_MAP2	-1.5331908	0	12	12	1.20246631843	0	followup
PD-SCD-03	Cell_Neurites_LengthPerNuclei_TH	6.5429405	-9.47500000001e-07	12	12	2.10395805336	0	followup
PD-SCD-03	Cell_Intensity_MeanIntensity_TH	-0.93759432	0	12	12	1.65933056195	0	followup
PD-SCD-03	Nuclei_Number_Living	913	827.5	12	12	85.326534116	0	followup
PD-SCD-03	Nuclei_Ratio_Living	-0.05823117	0	12	12	1.56293339244	0	followup
PD-SCD-04	IndividualCell_Intensity_MeanIntensity_SNCA	1.75103865	0	12	12	1.46310889386	0	followup
PD-SCD-04	Cell_Neurites_LengthPerNuclei_MAP2	-1.47465345	0	12	12	1.38061211068	0	followup
PD-SCD-04	Cell_Neurites_LengthPerNuclei_TH	3.88747455	0	12	12	1.74887279233	0	followup
PD-SCD-04	Cell_Intensity_MeanIntensity_TH	-0.0359050645	9.5e-07	12	12	2.92803592967	0	followup
PD-SCD-04	Nuclei_Number_Living	917.5	810.5	12	12	101.284253465	0	followup
PD-SCD-04	Nuclei_Ratio_Living	-1.511263	-1.1435e-06	12	12	1.52943899273	0	followup
