analysis	gene	peptide_backbone	n_control	n_knockdown	log2_difference	ratio	standard_error	df	ci_low	ci_high	p_two_sided
equal_backbones_at_least_8_runs	SYP	EPLGFVK	5	4	-1.56676359891	0.337564805371	0.301702146183	3.67474618307	-2.43448911042	-0.6990380874	0.00823050321051
equal_backbones_at_least_8_runs	SYP	ETGWAAPFLR	5	4	-2.27734188749	0.206277463042	0.239082590386	5.70221098548	-2.86984208208	-1.68484169291	0.00010304418759
equal_backbones_at_least_8_runs	SYP	LHQVYFDAPTCR	5	4	-1.12111832393	0.45973731576	0.201735089325	3.90296580129	-1.68675951173	-0.555477136134	0.00551590824167
equal_backbones_at_least_8_runs	SYP	MATDPENIIK	5	5	-1.0593122257	0.4798607686	0.238271769763	6.39711471374	-1.63368037096	-0.484944080432	0.00372189158967
equal_backbones_at_least_8_runs	SYT1	DDDAETGLTDGEEK	5	5	-0.640727732765	0.641389333767	0.199845971886	6.54560984376	-1.12002051013	-0.161434955396	0.016369172652
equal_backbones_at_least_8_runs	SYT1	HDIIGEFK	5	5	-0.965496861688	0.512102014091	0.356350923239	5.75631317986	-1.84648271284	-0.0845110105379	0.0366252264165
equal_backbones_at_least_8_runs	SYT1	HWSDMLANPR	5	4	-1.39469066376	0.380326227422	0.256501476143	6.96857037345	-2.00177526454	-0.787606062983	0.000983597161295
equal_backbones_at_least_8_runs	SYT1	IHLMQNGK	5	5	-2.11734690839	0.230470354243	1.02650271207	7.86193478937	-4.49172169899	0.257027882215	0.0736689784172
equal_backbones_at_least_8_runs	SYT1	KMDVGGLSDPYVK	4	5	2.67143088726	6.37060720449	1.03102754495	6.20929710363	0.169067955439	5.17379381909	0.0398976026241
equal_backbones_at_least_8_runs	SYT1	LQYSLDYDFQNNQLLVGIIQAAELPALDMGGTSDPYVK	5	5	-1.14373677569	0.45258579963	0.631648420915	6.94679277804	-2.63967016419	0.352196612808	0.113421383595
equal_backbones_at_least_8_runs	SYT1	LTVVILEAK	5	5	-1.49435886796	0.354938538291	0.436159271385	7.22373707209	-2.51927131881	-0.469446417111	0.0105203766417
equal_backbones_at_least_8_runs	SYT1	MDVGGLSDPYVK	5	5	-1.15052678983	0.450460718745	0.291344459559	6.08026934292	-1.86114586749	-0.43990771217	0.00734760550701
equal_backbones_at_least_8_runs	SYT1	NTLNPYYNESFSFEVPFEQIQK	5	5	-1.54321367025	0.343120286245	0.363395623064	5.49369018425	-2.45265862195	-0.633768718545	0.00658279407118
equal_backbones_at_least_8_runs	SYT1	TLNPVFNEQFTFK	5	5	-1.27445575418	0.413381074558	0.264851539219	6.39440759558	-1.91295680696	-0.635954701401	0.00249044449868
equal_backbones_at_least_8_runs	SYT1	TLVMAVYDFDR	5	5	-1.58629014995	0.333026722329	0.738821254325	4.39490597179	-3.56689990777	0.39431960788	0.0921317792083
equal_backbones_at_least_8_runs	SYT1	VFLLPDK	5	5	-0.423653584538	0.745534187267	0.506478740731	5.46656922261	-1.69287555912	0.845568390044	0.437917925127
equal_backbones_at_least_8_runs	SYT1	VFVGYNSTGAELR	5	5	-1.98924404916	0.251870829529	0.477107402455	4.5301646118	-3.25495151448	-0.723536583832	0.0108015451409
equal_backbones_at_least_8_runs	SYT1	VPMNTVDFGHVTEEWR	5	5	-0.632845042604	0.644903389573	0.373318247569	6.43229930048	-1.53164453732	0.26595445211	0.137635791014
equal_backbones_at_least_8_runs	SYT1	VPYSELGGK	5	5	-1.45515631368	0.364715567575	0.219657761967	7.96649599395	-1.96205906405	-0.948253563312	0.000168234021232
equal_backbones_at_least_8_runs	SYT1	VQVVVTVLDYDK	5	5	-1.06665261444	0.477425452182	0.388879368885	6.08716617925	-2.01491293002	-0.118392298852	0.0331156947809
equal_backbones_at_least_8_runs	SYT1	YVPTAGK	5	5	-4.39191395859	0.0476323666274	0.466015361422	5.55854360372	-5.55452889186	-3.22929902531	0.000126304043543
equal_backbones_complete_10_runs	SYP	MATDPENIIK	5	5	-1.05637200363	0.480839725252	0.228209477124	6.72658058979	-1.60048021984	-0.512263787413	0.00266378822791
equal_backbones_complete_10_runs	SYT1	DDDAETGLTDGEEK	5	5	-0.637787510698	0.642697822387	0.201962425772	6.51560292488	-1.12264524706	-0.152929774332	0.0175636080284
equal_backbones_complete_10_runs	SYT1	HDIIGEFK	5	5	-1.35839450276	0.390016076201	0.29045037332	5.68999281751	-2.07859348925	-0.638195516273	0.00391139318404
equal_backbones_complete_10_runs	SYT1	IHLMQNGK	5	5	-2.11440668632	0.230940533305	1.04390492585	7.79702809202	-4.53260726523	0.303793892588	0.0783200315951
equal_backbones_complete_10_runs	SYT1	LQYSLDYDFQNNQLLVGIIQAAELPALDMGGTSDPYVK	5	5	-1.14079655363	0.453509113033	0.652136313806	6.77556131816	-2.69326945685	0.411676349602	0.125130650834
equal_backbones_complete_10_runs	SYT1	LTVVILEAK	5	5	-1.93898186713	0.260800426296	0.420525622697	7.52308722216	-2.91952110818	-0.958442626085	0.00203261946676
equal_backbones_complete_10_runs	SYT1	MDVGGLSDPYVK	5	5	-2.07205435873	0.237820608167	0.437062516411	7.14710670012	-3.1012463667	-1.04286235076	0.00199001983256
equal_backbones_complete_10_runs	SYT1	NTLNPYYNESFSFEVPFEQIQK	5	5	-1.54027344818	0.34382028072	0.38029123096	5.39112568054	-2.49689158038	-0.583655315976	0.00840441507735
equal_backbones_complete_10_runs	SYT1	TLNPVFNEQFTFK	5	5	-1.27151553211	0.414224406997	0.260033388463	6.5615934061	-1.89482384427	-0.64820721996	0.00213078698486
equal_backbones_complete_10_runs	SYT1	TLVMAVYDFDR	5	5	-2.24930042854	0.210326067459	0.725139063374	4.56449198318	-4.16811499249	-0.330485864584	0.030270228292
equal_backbones_complete_10_runs	SYT1	VFLLPDK	5	5	-0.420713362471	0.747055140218	0.528759380762	5.36725450489	-1.75242964974	0.9110029248	0.459956991646
equal_backbones_complete_10_runs	SYT1	VFVGYNSTGAELR	5	5	-1.98630382709	0.252384667376	0.4536418705	4.60396410344	-3.18325429509	-0.789353359086	0.00866017257196
equal_backbones_complete_10_runs	SYT1	VPYSELGGK	5	5	-1.45221609162	0.365459618255	0.207032605641	7.95890787313	-1.93006353039	-0.974368652841	0.000113823044075
equal_backbones_complete_10_runs	SYT1	VQVVVTVLDYDK	5	5	-1.06371239237	0.478399440582	0.401266580107	5.98971155824	-2.04598530779	-0.0814394769465	0.0380457800656
equal_backbones_complete_10_runs	SYT1	YVPTAGK	5	5	-4.76634072985	0.0367441724574	0.31353571444	6.41658201859	-5.52162153634	-4.01105992337	2.84522840863e-06
