"Algorithm","Hash","Path"
"SHA256","84F0180011A35D830EEDB9EA36CB48B4C280D861BC4734100EDADC8E54FE14BD","C:\Users\das_t\Documents\terra_pd_extension\results\compare_candidate20_vs_top20_metrics.csv"
"SHA256","BF50F1274ECDA23532346E8B0705F38126103EE06BDD55064B6F9EB2823AD952","C:\Users\das_t\Documents\terra_pd_extension\results\deconv_gse17542_proportions.csv"
"SHA256","54D1BA3A3E87573D50D3463E6CB66C43F844FEDB7AF42D01B19B009A1835BDF7","C:\Users\das_t\Documents\terra_pd_extension\results\fig1_original20_reactivity_bar.png"
"SHA256","F933CC7A76CEA22FFD222A0957E07EC76DC87A7829AB4B80E71AD91E58610427","C:\Users\das_t\Documents\terra_pd_extension\results\fig2_original20_scatter_mptp10d_vs_pq.png"
"SHA256","30260F43B62C08D103B270B0A626B92A1EE4DBBA66BE5C98F9EF869218C58BB3","C:\Users\das_t\Documents\terra_pd_extension\results\fig3_original20_direction_tile.png"
"SHA256","243AAA6BC7A6F8BC8398A8DC919C3B49C5CFEECB61A90EF283E1D45295B88343","C:\Users\das_t\Documents\terra_pd_extension\results\fig4A_original20_celltype_logFC_heatmap.png"
"SHA256","48E40942C88447C5004E3704727812AC6EAC8326754D8D3E0ED31DAE296E4FDF","C:\Users\das_t\Documents\terra_pd_extension\results\fig4B_original20_dotplot_celltypes.png"
"SHA256","2BB671FDF0E99F163E81399027E121C5B11F4AABD660E92E2A2058FF83352776","C:\Users\das_t\Documents\terra_pd_extension\results\fig4_original20_celltype_counts.png"
"SHA256","24AD0989C01E5CACD217B10D107E74CD626CF1E5B6D8A39DEDD6A3B9D70A544B","C:\Users\das_t\Documents\terra_pd_extension\results\fig4_original20_celltype_strip.png"
"SHA256","27E9ACE3BF31F105D0A3C83ADE66C68277E95DC5A35F9E31B1918523D62A5451","C:\Users\das_t\Documents\terra_pd_extension\results\fig5_original20_norm_heatmap.png"
"SHA256","9723731CE0A47FECD293EE23F3A4FE5294AD0A8761DCD5C93A42270164C2B659","C:\Users\das_t\Documents\terra_pd_extension\results\fig5_permutation_matched_original20.png"
"SHA256","1EEA833CB541779E2E5B6F5AF7CB0F41B194548CB5F6909785F1BDB55FC44C33","C:\Users\das_t\Documents\terra_pd_extension\results\fig6_candidate20_vs_top20_boxplots.png"
"SHA256","B9BE9CFE0E403309B7209DB4F09EEEE9378E986957FC0BF57D0377AECA6AE011","C:\Users\das_t\Documents\terra_pd_extension\results\fig7A_gsea_mptp10d_reactome.png"
"SHA256","017E98778AAA7B06184EFEB5860AAB190471AC0599149357CBD8C8237471EB24","C:\Users\das_t\Documents\terra_pd_extension\results\fig7A_gsea_mptp10d_reactome_table.csv"
"SHA256","73AFEFB9DC03C151770CF7ED8A237CE53AB2E0B4A4593A9BD0B9E5C614C654CC","C:\Users\das_t\Documents\terra_pd_extension\results\fig7B_gsea_mptp10d_gobp.png"
"SHA256","0ACCF094A2AB4F862DCE7C05E606DEB7C1C834655CF71D67C1BB29E1F5C75D45","C:\Users\das_t\Documents\terra_pd_extension\results\fig7B_gsea_mptp10d_gobp_table.csv"
"SHA256","FBC9CC8365DC26EAFD81D626A61CE91F4D67F8A360246DA965CE1416AC9E9171","C:\Users\das_t\Documents\terra_pd_extension\results\fig7_gsea_mptp10d_top_terms.png"
"SHA256","4AA8C54386301D641851F555BBDA98843F20F000F26BA0264516E0379378B03B","C:\Users\das_t\Documents\terra_pd_extension\results\fig7_gsea_mptp10d_top_terms_table.csv"
"SHA256","04600AEF5E9EF04E1F45705139C2548527092DC30A6D64192053F5A7A96F605E","C:\Users\das_t\Documents\terra_pd_extension\results\gse17542_limma_mptp10d_vs_control.csv"
"SHA256","63BE7CA281BE2E2501F72FF9B3B0AFC0A599C3F4B4296DF0CCB9C831374284A2","C:\Users\das_t\Documents\terra_pd_extension\results\gse17542_limma_mptp2d_vs_control.csv"
"SHA256","5A100DF07ED0AC732FFCBF7C6C0E138BC6F190084D80BCF0EFB6CD1048D98E27","C:\Users\das_t\Documents\terra_pd_extension\results\gse187012_pseudobulk_log2fc.csv"
"SHA256","34ABE9FC4E5CE71F201C6877251734F52715B9EA6EC56B1A9A000AEA5FEC419C","C:\Users\das_t\Documents\terra_pd_extension\results\gsea_mptp10d.rds"
"SHA256","0ACCF094A2AB4F862DCE7C05E606DEB7C1C834655CF71D67C1BB29E1F5C75D45","C:\Users\das_t\Documents\terra_pd_extension\results\gsea_mptp10d_gobp_table.csv"
"SHA256","6936405000113454A0CE7A1E7C60FE42494335FBBA7D72A1D52D1174F661F180","C:\Users\das_t\Documents\terra_pd_extension\results\gsea_mptp10d_msigdb.rds"
"SHA256","017E98778AAA7B06184EFEB5860AAB190471AC0599149357CBD8C8237471EB24","C:\Users\das_t\Documents\terra_pd_extension\results\gsea_mptp10d_reactome_table.csv"
"SHA256","D7C65436057392097996098331E548C12BBC53B9AF81D095EFA86670BA4E8898","C:\Users\das_t\Documents\terra_pd_extension\results\gsea_ranklist_mptp10d_used.csv"
"SHA256","20A918DC6B46EC3494EE547C99E7F01386531A54BCB6972F07E7D96C75FB89AB","C:\Users\das_t\Documents\terra_pd_extension\results\original20_celltype_specific_logFC.csv"
"SHA256","B7E86037CE76D0287ACAF06734DF88566B36687E076DCF8281DF7A1D5621E1A8","C:\Users\das_t\Documents\terra_pd_extension\results\original20_results_pack.csv"
"SHA256","5A715C845751F0BEECB8173796B3A0E5F8CF3C97718AEC35061F702E622FF170","C:\Users\das_t\Documents\terra_pd_extension\results\original20_table1.csv"
"SHA256","437BED7C128EBF0B4ECD1577E3DD051A64540D6D1EDD7CDB3CA3DE916505AF34","C:\Users\das_t\Documents\terra_pd_extension\results\permutation_matched_original20.csv"
"SHA256","F01627AB4933A20DB68085708186631D647A7402E03B47700DF83F47F25B0DDE","C:\Users\das_t\Documents\terra_pd_extension\results\robust_sporadic_candidates_ranked.csv"
"SHA256","C1D9A93A751FEA195A3CBC7FF4FB00268A0E3CA5C08EF2D3160C248D28EF2A56","C:\Users\das_t\Documents\terra_pd_extension\results\top200_candidates_for_writeup.csv"
"SHA256","E3B0C44298FC1C149AFBF4C8996FB92427AE41E4649B934CA495991B7852B855","C:\Users\das_t\Documents\terra_pd_extension\results\_02_err.txt"
"SHA256","E3B0C44298FC1C149AFBF4C8996FB92427AE41E4649B934CA495991B7852B855","C:\Users\das_t\Documents\terra_pd_extension\results\_02_log.txt"
"SHA256","E3B0C44298FC1C149AFBF4C8996FB92427AE41E4649B934CA495991B7852B855","C:\Users\das_t\Documents\terra_pd_extension\results\_02_out.txt"
