target	mouse	original_cells	retained_cells	primary	litter	role	difference	target_cells
Adarb1	mouse11	52	52	True	3	comparator	-0.00279314810509	52
Adarb1	mouse12	34	34	True	3	comparator	0.0199675641678	34
Adarb1	mouse13	25	25	True	3	comparator	0.0061558298692	25
Adarb1	mouse15	28	28	True	3	comparator	0.0147955615775	28
Adarb1	mouse17	22	22	True	3	comparator	-0.011784735308	22
Adarb1	mouse18	44	44	True	4	comparator	-0.0113679844491	44
Adarb1	mouse19	22	22	True	4	comparator	-0.00191585386909	22
Adarb1	mouse20	37	37	True	4	comparator	0.00602277301676	37
Adarb1	mouse21	28	26	True	4	comparator	-0.00825576614882	26
Adarb1	mouse22	26	26	True	4	comparator	-0.000543085395533	26
Adarb1	mouse23	45	44	True	4	comparator	0.00832714843595	44
Adarb1	mouse25	20	20	True	4	comparator	0.00250845543822	20
Adarb1	mouse29	20	20	True	5	comparator	0.0051542464848	20
Adarb1	mouse31	20	20	True	5	comparator	-0.0267764823848	20
Adarb1	mouse34	25	25	True	5	comparator	-0.0149302744729	25
Adarb1	mouse36	20	20	True	5	comparator	0.0311429991832	20
Adarb1	mouse38	21	21	True	6	comparator	0.0157172641683	21
Adarb1	mouse4	20	20	True	2	comparator	-0.0145628268319	20
Adarb1	mouse44	23	23	True	6	comparator	0.00622928656845	23
Adarb1	mouse45	28	28	True	6	comparator	0.00845390129136	28
Adarb1	mouse52	40	40	True	7	comparator	0.00621628219583	40
Adarb1	mouse54	29	28	True	7	comparator	-0.0136055813149	28
Adarb1	mouse55	25	23	True	7	comparator	0.0373184000981	23
Adarb1	mouse60	54	54	True	8	comparator	0.0174522726421	54
Adarb1	mouse62	60	60	True	8	comparator	-0.00544706954144	60
Adarb1	mouse63	49	49	True	8	comparator	0.00800890803807	49
Adarb1	mouse67	38	38	True	9	comparator	-0.0216758188457	38
Adarb1	mouse68	68	67	True	9	comparator	-0.00386734132101	67
Adarb1	mouse69	33	33	True	9	comparator	-0.00164691567063	33
Adarb1	mouse7	41	41	True	2	comparator	-0.000379092483371	41
Adarb1	mouse70	34	34	True	9	comparator	0.0161267083292	34
Adarb1	mouse72	59	59	True	9	comparator	0.0109340028605	59
Adarb1	mouse73	48	48	True	9	comparator	-0.000968554961581	48
Adarb1	mouse74	27	27	True	9	comparator	-0.0139616657389	27
Adarb1	mouse75	25	25	True	9	comparator	0.0233527620097	25
Adarb1	mouse76	51	51	True	9	comparator	-0.00139332324858	51
Adarb1	mouse8	33	32	True	3	comparator	-0.0135028148142	32
Adarb1	mouse9	38	38	True	3	comparator	-0.0170531510605	38
Amfr	mouse11	22	22	True	3	comparator	-0.0102257785362	22
Amfr	mouse18	26	26	True	4	comparator	0.0305880391201	26
Amfr	mouse19	20	20	True	4	comparator	0.00856199051398	20
Amfr	mouse23	32	32	True	4	comparator	0.0157695127897	32
Amfr	mouse38	22	22	True	6	comparator	0.00345393510336	22
Amfr	mouse52	36	34	True	7	comparator	-0.0276664518917	34
Amfr	mouse55	24	24	True	7	comparator	-0.0246010086378	24
Amfr	mouse60	24	24	True	8	comparator	0.0168381225054	24
Amfr	mouse62	43	43	True	8	comparator	0.0111467689544	43
Amfr	mouse63	24	24	True	8	comparator	0.0354802182182	24
Amfr	mouse67	27	27	True	9	comparator	-0.015359891219	27
Amfr	mouse68	39	38	True	9	comparator	0.0155300706335	38
Amfr	mouse70	25	25	True	9	comparator	0.00924630790399	25
Amfr	mouse72	42	42	True	9	comparator	-0.00841762731439	42
Amfr	mouse73	24	24	True	9	comparator	0.026410508682	24
Amfr	mouse74	23	23	True	9	comparator	0.0158844636821	23
Amfr	mouse76	40	39	True	9	comparator	-0.00614967309375	39
Amfr	mouse9	30	29	True	3	comparator	-0.00603044690931	29
Ap4s1	mouse11	29	29	True	3	comparator	0.00411163595743	29
Ap4s1	mouse13	25	25	True	3	comparator	0.0150711387414	25
Ap4s1	mouse15	21	21	True	3	comparator	-0.0520876210973	21
Ap4s1	mouse18	27	27	True	4	comparator	0.00323354568909	27
Ap4s1	mouse19	22	22	True	4	comparator	0.0144233432436	22
Ap4s1	mouse20	26	26	True	4	comparator	0.00916682061873	26
Ap4s1	mouse21	31	31	True	4	comparator	-0.0137152793212	31
Ap4s1	mouse22	20	20	True	4	comparator	0.00281634383798	20
Ap4s1	mouse23	35	35	True	4	comparator	0.0231702308428	35
Ap4s1	mouse34	27	27	True	5	comparator	-0.00219364843665	27
Ap4s1	mouse4	21	21	True	2	comparator	0.0250976206658	21
Ap4s1	mouse45	20	20	True	6	comparator	-0.00866196213859	20
Ap4s1	mouse52	39	38	True	7	comparator	-0.00303934039329	38
Ap4s1	mouse55	26	26	True	7	comparator	-0.0109791401382	26
Ap4s1	mouse6	20	20	True	2	comparator	0.00756592236932	20
Ap4s1	mouse60	30	30	True	8	comparator	0.0190933058066	30
Ap4s1	mouse62	40	40	True	8	comparator	-0.00463837832414	40
Ap4s1	mouse63	43	43	True	8	comparator	-0.0170811851527	43
Ap4s1	mouse67	37	37	True	9	comparator	-0.00763156605354	37
Ap4s1	mouse68	58	58	True	9	comparator	-0.00544096783708	58
Ap4s1	mouse69	26	26	True	9	comparator	0.0252922436381	26
Ap4s1	mouse7	24	24	True	2	comparator	-0.0213697233245	24
Ap4s1	mouse70	27	27	True	9	comparator	0.0250852509618	27
Ap4s1	mouse72	33	33	True	9	comparator	-0.00687854589253	33
Ap4s1	mouse73	40	40	True	9	comparator	-0.00525270941043	40
Ap4s1	mouse74	20	20	True	9	comparator	-0.00133109453937	20
Ap4s1	mouse76	39	39	True	9	comparator	-0.00645238207759	39
Ap4s1	mouse9	31	30	True	3	comparator	0.00802410077073	30
Arl3	mouse11	42	42	True	3	comparator	-0.0115397237249	42
Arl3	mouse12	25	25	True	3	comparator	-0.0169932263496	25
Arl3	mouse13	50	50	True	3	comparator	-0.00658159671046	50
Arl3	mouse15	38	38	True	3	comparator	-0.00317154909154	38
Arl3	mouse16	23	23	True	3	comparator	0.00313490837621	23
Arl3	mouse18	53	53	True	4	comparator	-0.0279670739668	53
Arl3	mouse19	34	33	True	4	comparator	0.00505094924451	33
Arl3	mouse20	32	30	True	4	comparator	0.000916944031993	30
Arl3	mouse21	36	36	True	4	comparator	-0.000316756449245	36
Arl3	mouse22	45	44	True	4	comparator	0.0117857876833	44
Arl3	mouse23	60	58	True	4	comparator	-0.00573126684867	58
Arl3	mouse24	28	28	True	4	comparator	-0.0476687803958	28
Arl3	mouse25	20	20	True	4	comparator	0.00105220743449	20
Arl3	mouse26	26	26	True	4	comparator	-0.0100794328386	26
Arl3	mouse34	32	32	True	5	comparator	-0.00819552240555	32
Arl3	mouse36	26	26	True	5	comparator	-0.0159716986372	26
Arl3	mouse37	22	22	True	6	comparator	-0.0201661669077	22
Arl3	mouse38	29	29	True	6	comparator	-0.00965358173973	29
Arl3	mouse4	28	28	True	2	comparator	-0.0261924021486	28
Arl3	mouse41	34	33	True	6	comparator	0.00398912646583	33
Arl3	mouse44	28	28	True	6	comparator	-0.0133240149996	28
Arl3	mouse45	28	28	True	6	comparator	-0.0022984593098	28
Arl3	mouse52	35	34	True	7	comparator	0.00558031892291	34
Arl3	mouse54	32	32	True	7	comparator	-0.0118961198913	32
Arl3	mouse55	34	33	True	7	comparator	0.0330397864492	33
Arl3	mouse6	27	27	True	2	comparator	-0.0288694616923	27
Arl3	mouse60	53	53	True	8	comparator	0.0206115261796	53
Arl3	mouse62	61	61	True	8	comparator	9.23381798127e-05	61
Arl3	mouse63	60	60	True	8	comparator	0.00804508689252	60
Arl3	mouse67	51	51	True	9	comparator	-0.0119727971124	51
Arl3	mouse68	64	64	True	9	comparator	0.00992143597511	64
Arl3	mouse69	31	31	True	9	comparator	-0.00504916365947	31
Arl3	mouse7	33	33	True	2	comparator	-0.0394749274665	33
Arl3	mouse70	49	49	True	9	comparator	-0.0165237307967	49
Arl3	mouse72	82	82	True	9	comparator	0.00234855752041	82
Arl3	mouse73	54	54	True	9	comparator	0.0023801973418	54
Arl3	mouse74	42	42	True	9	comparator	0.0150079350212	42
Arl3	mouse76	74	74	True	9	comparator	-0.00540647392553	74
Arl3	mouse8	28	28	True	3	comparator	-0.00509669525707	28
Arl3	mouse9	42	42	True	3	comparator	0.00845762811963	42
Atad1	mouse11	43	43	True	3	comparator	-0.000164239411011	43
Atad1	mouse13	28	28	True	3	comparator	0.0248729484181	28
Atad1	mouse14	20	20	True	3	comparator	0.00234235048735	20
Atad1	mouse15	27	26	True	3	comparator	-0.00658241894333	26
Atad1	mouse18	30	30	True	4	comparator	0.016519993547	30
Atad1	mouse19	26	26	True	4	comparator	0.0027769140372	26
Atad1	mouse20	43	43	True	4	comparator	-0.00415126261145	43
Atad1	mouse21	23	23	True	4	comparator	0.00106304083079	23
Atad1	mouse22	22	22	True	4	comparator	-0.00943176282789	22
Atad1	mouse23	46	46	True	4	comparator	0.00669892977138	46
Atad1	mouse34	23	23	True	5	comparator	0.00854570255459	23
Atad1	mouse35	25	25	True	5	comparator	0.0108375118155	25
Atad1	mouse36	22	22	True	5	comparator	0.0210259965742	22
Atad1	mouse37	22	21	True	6	comparator	-0.00027872062301	21
Atad1	mouse38	27	27	True	6	comparator	-0.021485161524	27
Atad1	mouse4	31	31	True	2	comparator	0.0106956297095	31
Atad1	mouse44	22	22	True	6	comparator	0.0422404101008	22
Atad1	mouse45	29	29	True	6	comparator	-0.0187304733303	29
Atad1	mouse52	30	30	True	7	comparator	0.00182723933782	30
Atad1	mouse54	38	35	True	7	comparator	0.0192268859911	35
Atad1	mouse55	27	26	True	7	comparator	-0.0425927884276	26
Atad1	mouse6	28	28	True	2	comparator	0.010031706107	28
Atad1	mouse60	44	44	True	8	comparator	0.0113560474753	44
Atad1	mouse62	50	50	True	8	comparator	-0.00435847068342	50
Atad1	mouse63	59	59	True	8	comparator	0.00165505511933	59
Atad1	mouse67	43	43	True	9	comparator	-0.00106690537198	43
Atad1	mouse68	67	67	True	9	comparator	-0.00525928465666	67
Atad1	mouse69	23	23	True	9	comparator	0.00230491193619	23
Atad1	mouse7	26	26	True	2	comparator	-0.0129385652328	26
Atad1	mouse70	30	30	True	9	comparator	-0.0204674659235	30
Atad1	mouse72	55	55	True	9	comparator	-0.0172549058905	55
Atad1	mouse73	40	39	True	9	comparator	0.0193703865132	39
Atad1	mouse75	25	25	True	9	comparator	0.0302558565794	25
Atad1	mouse76	44	44	True	9	comparator	-0.00556219099383	44
Atad1	mouse8	26	26	True	3	comparator	0.00507327716312	26
Atad1	mouse9	40	40	True	3	comparator	0.0216465308106	40
Bbip1	mouse11	31	31	True	3	comparator	-0.0381932530647	31
Bbip1	mouse13	26	26	True	3	comparator	-0.0181523077135	26
Bbip1	mouse20	28	28	True	4	comparator	0.000235837402053	28
Bbip1	mouse22	21	21	True	4	comparator	0.0255690323356	21
Bbip1	mouse23	36	36	True	4	comparator	-0.00958732520101	36
Bbip1	mouse34	24	24	True	5	comparator	-0.00447906959214	24
Bbip1	mouse35	21	21	True	5	comparator	-0.0160209953667	21
Bbip1	mouse4	30	30	True	2	comparator	0.00827286941328	30
Bbip1	mouse45	20	20	True	6	comparator	-0.0300284043599	20
Bbip1	mouse52	25	23	True	7	comparator	0.0249155705138	23
Bbip1	mouse55	24	24	True	7	comparator	-0.000860297025048	24
Bbip1	mouse60	29	29	True	8	comparator	0.0107703042121	29
Bbip1	mouse62	29	29	True	8	comparator	-0.0116944153329	29
Bbip1	mouse63	43	43	True	8	comparator	0.000393683288059	43
Bbip1	mouse67	41	41	True	9	comparator	-0.000949801210599	41
Bbip1	mouse68	46	46	True	9	comparator	0.00493160360424	46
Bbip1	mouse69	24	24	True	9	comparator	-0.00734753989365	24
Bbip1	mouse7	22	22	True	2	comparator	0.0336086432577	22
Bbip1	mouse70	31	31	True	9	comparator	0.00181782392767	31
Bbip1	mouse72	51	51	True	9	comparator	0.014320394015	51
Bbip1	mouse73	34	34	True	9	comparator	-0.0126212188455	34
Bbip1	mouse74	27	26	True	9	comparator	-0.0102530539435	26
Bbip1	mouse76	32	31	True	9	comparator	0.0111877311043	31
Bbip1	mouse9	34	34	True	3	comparator	0.034598344524	34
Becn1	mouse10	20	20	True	3	comparator	-0.0219353770724	20
Becn1	mouse11	49	49	True	3	comparator	0.0149716434553	49
Becn1	mouse13	31	31	True	3	comparator	-0.0154593638942	31
Becn1	mouse14	20	20	True	3	comparator	0.00189969232152	20
Becn1	mouse15	32	32	True	3	comparator	-0.00544611507487	32
Becn1	mouse16	33	33	True	3	comparator	-0.00835990533586	33
Becn1	mouse18	37	37	True	4	comparator	-0.00625117432804	37
Becn1	mouse19	27	27	True	4	comparator	-0.0194262391429	27
Becn1	mouse20	30	30	True	4	comparator	-0.0213644991187	30
Becn1	mouse22	35	35	True	4	comparator	-0.0143330136888	35
Becn1	mouse23	48	48	True	4	comparator	-0.0263214098268	48
Becn1	mouse31	20	20	True	5	comparator	0.0175994908173	20
Becn1	mouse34	30	30	True	5	comparator	-0.0296177784085	30
Becn1	mouse35	21	21	True	5	comparator	-0.00986598773593	21
Becn1	mouse38	26	26	True	6	comparator	-0.0129729903249	26
Becn1	mouse4	28	28	True	2	comparator	-0.0102745469423	28
Becn1	mouse44	26	26	True	6	comparator	-0.00680433970169	26
Becn1	mouse45	41	40	True	6	comparator	-0.0213650914737	40
Becn1	mouse52	48	48	True	7	comparator	-0.00176282755141	48
Becn1	mouse54	24	24	True	7	comparator	-0.012382708341	24
Becn1	mouse55	33	33	True	7	comparator	-0.00925369836269	33
Becn1	mouse56	21	21	True	7	comparator	0.000153636902767	21
Becn1	mouse60	51	51	True	8	comparator	-0.0455497041201	51
Becn1	mouse62	46	46	True	8	comparator	-0.0160221447839	46
Becn1	mouse63	56	56	True	8	comparator	-0.017237138574	56
Becn1	mouse67	52	52	True	9	comparator	0.00196313127119	52
Becn1	mouse68	62	61	True	9	comparator	-0.0231758287689	61
Becn1	mouse69	26	26	True	9	comparator	0.00247126814846	26
Becn1	mouse7	30	30	True	2	comparator	-0.0091819316232	30
Becn1	mouse70	47	47	True	9	comparator	-0.024985963115	47
Becn1	mouse72	79	79	True	9	comparator	-0.0104695736589	79
Becn1	mouse73	44	44	True	9	comparator	-0.00790100996919	44
Becn1	mouse74	29	29	True	9	comparator	-0.00688666941582	29
Becn1	mouse75	23	23	True	9	comparator	-0.0228822312719	23
Becn1	mouse76	40	40	True	9	comparator	-0.0082113025587	40
Becn1	mouse8	23	23	True	3	comparator	-0.034309787833	23
Becn1	mouse9	43	42	True	3	comparator	0.0169999568318	42
Brsk2	mouse10	26	26	True	3	comparator	0.0197442506976	26
Brsk2	mouse11	55	55	True	3	comparator	-0.003500891671	55
Brsk2	mouse13	37	37	True	3	comparator	0.0163038998104	37
Brsk2	mouse15	39	39	True	3	comparator	-0.00872817147419	39
Brsk2	mouse16	28	28	True	3	comparator	-0.0133140233544	28
Brsk2	mouse17	21	21	True	3	comparator	-0.00696352985283	21
Brsk2	mouse18	45	44	True	4	comparator	0.0137082333547	44
Brsk2	mouse19	25	25	True	4	comparator	-0.0125730921246	25
Brsk2	mouse20	48	47	True	4	comparator	-0.0059096306696	47
Brsk2	mouse21	33	33	True	4	comparator	-0.00170451130774	33
Brsk2	mouse22	36	36	True	4	comparator	-0.00681825495643	36
Brsk2	mouse23	63	62	True	4	comparator	0.00967418901036	62
Brsk2	mouse24	22	21	True	4	comparator	0.0255201672588	21
Brsk2	mouse25	28	28	True	4	comparator	-0.0138455052886	28
Brsk2	mouse34	30	30	True	5	comparator	0.023566138007	30
Brsk2	mouse35	29	29	True	5	comparator	-0.0022904242824	29
Brsk2	mouse36	22	22	True	5	comparator	0.00277717905801	22
Brsk2	mouse37	27	27	True	6	comparator	0.0127582705436	27
Brsk2	mouse38	34	34	True	6	comparator	0.00621549117867	34
Brsk2	mouse4	26	25	True	2	comparator	-0.017580559745	25
Brsk2	mouse44	34	34	True	6	comparator	-0.0229133409998	34
Brsk2	mouse45	27	27	True	6	comparator	0.000998503165999	27
Brsk2	mouse52	32	32	True	7	comparator	-0.000298758847026	32
Brsk2	mouse54	40	40	True	7	comparator	0.0246743321406	40
Brsk2	mouse55	43	42	True	7	comparator	0.0183699072876	42
Brsk2	mouse57	21	21	True	8	comparator	0.0170973366243	21
Brsk2	mouse6	31	31	True	2	comparator	0.0182225133647	31
Brsk2	mouse60	50	49	True	8	comparator	-0.00290586022796	49
Brsk2	mouse62	60	60	True	8	comparator	0.00594314309022	60
Brsk2	mouse63	59	59	True	8	comparator	-0.0130051538228	59
Brsk2	mouse67	40	40	True	9	comparator	0.0153942107153	40
Brsk2	mouse68	81	80	True	9	comparator	0.00396314265872	80
Brsk2	mouse69	36	36	True	9	comparator	0.0193016283714	36
Brsk2	mouse7	47	46	True	2	comparator	0.0168853088487	46
Brsk2	mouse70	50	49	True	9	comparator	-0.0049482339946	49
Brsk2	mouse72	73	73	True	9	comparator	0.00154715801233	73
Brsk2	mouse73	37	37	True	9	comparator	0.00927779013905	37
Brsk2	mouse74	51	51	True	9	comparator	-0.00819816312002	51
Brsk2	mouse75	29	29	True	9	comparator	0.00806274081263	29
Brsk2	mouse76	55	55	True	9	comparator	0.0157824929644	55
Brsk2	mouse8	30	30	True	3	comparator	-0.0356217407117	30
Brsk2	mouse9	39	39	True	3	comparator	0.002053501538	39
Cdc40	mouse10	22	22	True	3	comparator	0.0108171079788	22
Cdc40	mouse11	48	48	True	3	comparator	-0.0187114359512	48
Cdc40	mouse18	28	28	True	4	comparator	0.0173680409836	28
Cdc40	mouse19	22	21	True	4	comparator	0.0300702542334	21
Cdc40	mouse21	24	24	True	4	comparator	-0.0190667799829	24
Cdc40	mouse23	31	31	True	4	comparator	0.0393504532036	31
Cdc40	mouse26	20	20	True	4	comparator	-0.0317966899487	20
Cdc40	mouse35	20	20	True	5	comparator	0.00937313216822	20
Cdc40	mouse38	34	34	True	6	comparator	-0.00513528741691	34
Cdc40	mouse4	20	20	True	2	comparator	-0.0114678178315	20
Cdc40	mouse44	25	25	True	6	comparator	0.00289478219591	25
Cdc40	mouse55	27	27	True	7	comparator	0.00611309303092	27
Cdc40	mouse6	22	22	True	2	comparator	-0.00347886254242	22
Cdc40	mouse60	48	48	True	8	comparator	-0.00546575164254	48
Cdc40	mouse62	35	35	True	8	comparator	-0.00846037892463	35
Cdc40	mouse63	52	52	True	8	comparator	0.000154465673275	52
Cdc40	mouse67	38	38	True	9	comparator	-0.0121958996237	38
Cdc40	mouse68	46	46	True	9	comparator	-0.00596340184176	46
Cdc40	mouse69	31	31	True	9	comparator	-0.0188121715655	31
Cdc40	mouse7	24	24	True	2	comparator	0.0111376916553	24
Cdc40	mouse70	24	24	True	9	comparator	0.00474920189225	24
Cdc40	mouse72	46	46	True	9	comparator	0.00222070647436	46
Cdc40	mouse73	46	46	True	9	comparator	0.00765719946816	46
Cdc40	mouse74	28	27	True	9	comparator	0.0200806669375	27
Cdc40	mouse76	30	30	True	9	comparator	-0.00790350806502	30
Cdc40	mouse9	30	30	True	3	comparator	0.0104752675383	30
Chl1	mouse11	35	34	True	3	comparator	0.00346832718777	34
Chl1	mouse13	22	22	True	3	comparator	0.0148982425588	22
Chl1	mouse18	24	23	True	4	comparator	-0.0293094470252	23
Chl1	mouse20	23	23	True	4	comparator	0.00762279600559	23
Chl1	mouse23	39	38	True	4	comparator	-0.00126392616681	38
Chl1	mouse34	25	25	True	5	comparator	0.00930376707456	25
Chl1	mouse38	29	29	True	6	comparator	-0.0100683314289	29
Chl1	mouse52	36	36	True	7	comparator	0.00525498753393	36
Chl1	mouse55	21	21	True	7	comparator	-0.0145488464134	21
Chl1	mouse6	27	27	True	2	comparator	-0.000218011479695	27
Chl1	mouse60	37	37	True	8	comparator	0.013341233103	37
Chl1	mouse62	43	43	True	8	comparator	-0.0064215820902	43
Chl1	mouse63	28	28	True	8	comparator	0.00769769021044	28
Chl1	mouse67	34	34	True	9	comparator	0.00994689933058	34
Chl1	mouse68	54	53	True	9	comparator	-0.0153854469604	53
Chl1	mouse7	30	30	True	2	comparator	0.00429564625947	30
Chl1	mouse70	33	33	True	9	comparator	0.00387700004478	33
Chl1	mouse72	49	49	True	9	comparator	0.00643790327277	49
Chl1	mouse73	23	23	True	9	comparator	0.00756598607553	23
Chl1	mouse74	21	21	True	9	comparator	-0.0155059255795	21
Chl1	mouse75	21	21	True	9	comparator	-0.00136256596176	21
Chl1	mouse76	43	43	True	9	comparator	0.0146361388478	43
Chl1	mouse8	20	20	True	3	comparator	0.0313101137954	20
Cox5a	mouse10	28	28	True	3	comparator	0.00247432008417	28
Cox5a	mouse11	42	42	True	3	comparator	-0.00419815595877	42
Cox5a	mouse12	22	22	True	3	comparator	0.0208232688958	22
Cox5a	mouse13	32	31	True	3	comparator	-0.0126533889046	31
Cox5a	mouse15	24	24	True	3	comparator	0.00438259066721	24
Cox5a	mouse16	22	22	True	3	comparator	0.0207884634799	22
Cox5a	mouse18	40	40	True	4	comparator	-0.0121972716382	40
Cox5a	mouse19	33	33	True	4	comparator	0.00187640016369	33
Cox5a	mouse20	36	36	True	4	comparator	-0.0129141315227	36
Cox5a	mouse21	36	36	True	4	comparator	-0.0159794983609	36
Cox5a	mouse22	36	36	True	4	comparator	-0.00977568903007	36
Cox5a	mouse23	39	39	True	4	comparator	0.00282821749974	39
Cox5a	mouse25	20	20	True	4	comparator	0.0110413659529	20
Cox5a	mouse34	37	37	True	5	comparator	0.00679637315413	37
Cox5a	mouse35	24	24	True	5	comparator	-0.000624608761341	24
Cox5a	mouse36	29	28	True	5	comparator	-0.00215008924753	28
Cox5a	mouse38	27	27	True	6	comparator	-0.00209753772498	27
Cox5a	mouse4	33	31	True	2	comparator	-0.00530161278461	31
Cox5a	mouse44	31	31	True	6	comparator	-0.013856278654	31
Cox5a	mouse45	29	28	True	6	comparator	0.0160572848065	28
Cox5a	mouse52	31	31	True	7	comparator	-0.00344088026925	31
Cox5a	mouse54	31	30	True	7	comparator	-0.036681814406	30
Cox5a	mouse55	30	30	True	7	comparator	-0.0202603153238	30
Cox5a	mouse6	23	23	True	2	comparator	0.0404131794698	23
Cox5a	mouse60	38	38	True	8	comparator	0.00977139973054	38
Cox5a	mouse62	59	59	True	8	comparator	-0.000758658537649	59
Cox5a	mouse63	50	50	True	8	comparator	-0.00697082337927	50
Cox5a	mouse67	56	56	True	9	comparator	-0.0255453241414	56
Cox5a	mouse68	58	58	True	9	comparator	0.0137056855773	58
Cox5a	mouse69	40	39	True	9	comparator	0.0300378486985	39
Cox5a	mouse7	28	28	True	2	comparator	-0.039931182926	28
Cox5a	mouse70	44	43	True	9	comparator	-0.00252696868012	43
Cox5a	mouse72	68	68	True	9	comparator	-0.00768975438048	68
Cox5a	mouse73	43	43	True	9	comparator	-0.0102934877439	43
Cox5a	mouse74	36	36	True	9	comparator	-0.0106790903983	36
Cox5a	mouse75	22	22	True	9	comparator	0.011532448005	22
Cox5a	mouse76	45	45	True	9	comparator	0.00608525771455	45
Cox5a	mouse8	29	28	True	3	comparator	-0.0247293869109	28
Cox5a	mouse9	36	36	True	3	comparator	0.00460441979563	36
Ddx3x	mouse10	22	22	True	3	comparator	-0.0222139077885	22
Ddx3x	mouse11	28	28	True	3	comparator	-0.0162397810121	28
Ddx3x	mouse12	20	20	True	3	comparator	0.00984283059637	20
Ddx3x	mouse15	28	28	True	3	comparator	0.00216273124846	28
Ddx3x	mouse18	32	32	True	4	comparator	0.0158169483094	32
Ddx3x	mouse20	26	26	True	4	comparator	-0.00578455207033	26
Ddx3x	mouse21	29	29	True	4	comparator	-0.0105067715137	29
Ddx3x	mouse23	25	25	True	4	comparator	0.00135308101116	25
Ddx3x	mouse25	20	20	True	4	comparator	-0.0436131281322	20
Ddx3x	mouse26	24	24	True	4	comparator	-0.0053999195704	24
Ddx3x	mouse34	21	21	True	5	comparator	-0.0392569413114	21
Ddx3x	mouse35	20	20	True	5	comparator	0.0385045492011	20
Ddx3x	mouse38	20	20	True	6	comparator	-0.00407798170176	20
Ddx3x	mouse44	37	37	True	6	comparator	0.00621798319965	37
Ddx3x	mouse52	27	27	True	7	comparator	-0.0293752447082	27
Ddx3x	mouse54	26	26	True	7	comparator	0.0138705203926	26
Ddx3x	mouse55	26	26	True	7	comparator	0.000202445321303	26
Ddx3x	mouse60	35	35	True	8	comparator	0.0111506126735	35
Ddx3x	mouse62	53	53	True	8	comparator	-0.00949083034152	53
Ddx3x	mouse63	35	35	True	8	comparator	-0.00533272256097	35
Ddx3x	mouse67	28	28	True	9	comparator	0.0216890931141	28
Ddx3x	mouse68	48	48	True	9	comparator	-0.000240630497416	48
Ddx3x	mouse69	22	21	True	9	comparator	0.0118399604351	21
Ddx3x	mouse7	27	27	True	2	comparator	-0.00910730657549	27
Ddx3x	mouse70	27	27	True	9	comparator	-0.00440267680434	27
Ddx3x	mouse72	51	51	True	9	comparator	-0.00196340019832	51
Ddx3x	mouse73	27	27	True	9	comparator	-0.00710664770712	27
Ddx3x	mouse74	24	24	True	9	comparator	-0.00528800689566	24
Ddx3x	mouse76	48	48	True	9	comparator	-0.00377089745279	48
Ddx3x	mouse9	24	24	True	3	comparator	-0.00385747424423	24
Dnajb4	mouse11	25	25	True	3	comparator	0.024059398441	25
Dnajb4	mouse13	20	20	True	3	comparator	-0.040522498315	20
Dnajb4	mouse18	20	20	True	4	comparator	0.00517760509632	20
Dnajb4	mouse22	26	25	True	4	comparator	-0.00722327150726	25
Dnajb4	mouse23	28	28	True	4	comparator	-0.0105350697172	28
Dnajb4	mouse45	23	23	True	6	comparator	-0.011676239532	23
Dnajb4	mouse52	21	21	True	7	comparator	0.00240688085711	21
Dnajb4	mouse54	34	34	True	7	comparator	-0.00193218105199	34
Dnajb4	mouse55	30	29	True	7	comparator	-0.00234190496085	29
Dnajb4	mouse60	28	28	True	8	comparator	0.00314972445537	28
Dnajb4	mouse62	51	51	True	8	comparator	0.0201721396726	51
Dnajb4	mouse63	34	34	True	8	comparator	0.0029478542147	34
Dnajb4	mouse67	23	23	True	9	comparator	0.00764787421183	23
Dnajb4	mouse68	39	39	True	9	comparator	0.0150465093969	39
Dnajb4	mouse7	27	27	True	2	comparator	0.0070289649979	27
Dnajb4	mouse70	26	26	True	9	comparator	-0.0254692367043	26
Dnajb4	mouse72	43	43	True	9	comparator	-0.00162189836769	43
Dnajb4	mouse73	29	29	True	9	comparator	-0.00328075082522	29
Dnajb4	mouse74	22	22	True	9	comparator	-0.0119604370669	22
Dnajb4	mouse76	40	40	True	9	comparator	0.000491098140772	40
Dnajb4	mouse9	30	30	True	3	comparator	0.00519935925844	30
Fnip1	mouse11	23	23	True	3	comparator	-0.0122443394819	23
Fnip1	mouse13	24	24	True	3	comparator	0.0167414078111	24
Fnip1	mouse15	20	20	True	3	comparator	-0.006351402922	20
Fnip1	mouse18	28	28	True	4	comparator	-0.0108561236731	28
Fnip1	mouse20	29	29	True	4	comparator	0.0071259803633	29
Fnip1	mouse21	22	22	True	4	comparator	-0.0282014763812	22
Fnip1	mouse23	32	32	True	4	comparator	0.0103818984662	32
Fnip1	mouse38	23	22	True	6	comparator	-0.0139759595484	22
Fnip1	mouse4	26	25	True	2	comparator	0.00563231569237	25
Fnip1	mouse44	20	20	True	6	comparator	0.00418530024332	20
Fnip1	mouse45	21	21	True	6	comparator	-0.0232514491301	21
Fnip1	mouse54	27	27	True	7	comparator	-0.00208242779629	27
Fnip1	mouse60	40	40	True	8	comparator	-0.0169532976867	40
Fnip1	mouse62	34	34	True	8	comparator	-0.00189194350091	34
Fnip1	mouse63	39	38	True	8	comparator	-0.0192329467119	38
Fnip1	mouse67	41	41	True	9	comparator	-0.00521116484814	41
Fnip1	mouse68	43	43	True	9	comparator	0.00719148786738	43
Fnip1	mouse69	26	26	True	9	comparator	-0.0283782471816	26
Fnip1	mouse70	31	31	True	9	comparator	-0.0104652530446	31
Fnip1	mouse72	44	44	True	9	comparator	0.00830615219928	44
Fnip1	mouse73	28	28	True	9	comparator	-0.00150021662776	28
Fnip1	mouse74	29	29	True	9	comparator	0.00776511028309	29
Fnip1	mouse76	38	38	True	9	comparator	-0.0146335768475	38
Fnip1	mouse8	23	23	True	3	comparator	0.0346026178194	23
Fnip1	mouse9	26	26	True	3	comparator	0.00521590051068	26
Foxj3	mouse11	34	34	True	3	comparator	-0.00390158355928	34
Foxj3	mouse13	30	30	True	3	comparator	-0.0223056331135	30
Foxj3	mouse18	30	30	True	4	comparator	-0.0189280824934	30
Foxj3	mouse20	29	29	True	4	comparator	0.0241671011912	29
Foxj3	mouse21	25	25	True	4	comparator	-0.01857519631	25
Foxj3	mouse23	34	34	True	4	comparator	-0.0118164209553	34
Foxj3	mouse25	21	21	True	4	comparator	-0.0129666500687	21
Foxj3	mouse26	21	21	True	4	comparator	-0.0149080361799	21
Foxj3	mouse34	20	20	True	5	comparator	0.00346520154635	20
Foxj3	mouse4	21	21	True	2	comparator	-0.0268723542433	21
Foxj3	mouse54	21	21	True	7	comparator	0.0191297293209	21
Foxj3	mouse55	25	25	True	7	comparator	0.00940966515596	25
Foxj3	mouse60	31	31	True	8	comparator	-0.00369864046728	31
Foxj3	mouse62	46	46	True	8	comparator	-0.00696999715644	46
Foxj3	mouse63	44	44	True	8	comparator	-0.0133388296018	44
Foxj3	mouse67	28	28	True	9	comparator	0.00544706261519	28
Foxj3	mouse68	39	39	True	9	comparator	0.00721297309054	39
Foxj3	mouse70	29	29	True	9	comparator	0.0124262847663	29
Foxj3	mouse72	32	32	True	9	comparator	-0.0120063043401	32
Foxj3	mouse73	31	31	True	9	comparator	-0.00570479816399	31
Foxj3	mouse74	20	20	True	9	comparator	-0.0211475663867	20
Foxj3	mouse76	33	32	True	9	comparator	-0.00796135403088	32
Foxj3	mouse8	20	20	True	3	comparator	0.0118915238893	20
Foxj3	mouse9	27	26	True	3	comparator	0.0149819304796	26
Gabbr1	mouse10	27	27	True	3	comparator	-0.00983445498659	27
Gabbr1	mouse11	53	53	True	3	comparator	-0.00827924296634	53
Gabbr1	mouse12	34	34	True	3	comparator	0.00421533199247	34
Gabbr1	mouse13	33	33	True	3	comparator	-0.0192632639589	33
Gabbr1	mouse14	23	23	True	3	comparator	-0.0126118660015	23
Gabbr1	mouse15	43	43	True	3	comparator	0.00266069985887	43
Gabbr1	mouse16	24	23	True	3	comparator	-0.0114595823767	23
Gabbr1	mouse18	27	27	True	4	comparator	0.000345614171099	27
Gabbr1	mouse19	30	30	True	4	comparator	-0.00462862259544	30
Gabbr1	mouse20	39	39	True	4	comparator	-0.0096421591249	39
Gabbr1	mouse21	36	35	True	4	comparator	-0.0112796012245	35
Gabbr1	mouse22	33	33	True	4	comparator	-0.00385878187674	33
Gabbr1	mouse23	56	55	True	4	comparator	0.0108630944274	55
Gabbr1	mouse25	22	21	True	4	comparator	0.0195288338134	21
Gabbr1	mouse26	35	35	True	4	comparator	0.0162510042951	35
Gabbr1	mouse34	26	26	True	5	comparator	-0.0225559319789	26
Gabbr1	mouse35	30	30	True	5	comparator	0.0199490872031	30
Gabbr1	mouse38	32	32	True	6	comparator	0.00898263140315	32
Gabbr1	mouse4	31	31	True	2	comparator	0.0163452731068	31
Gabbr1	mouse44	21	21	True	6	comparator	-0.02813916439	21
Gabbr1	mouse45	24	24	True	6	comparator	-0.0144746571882	24
Gabbr1	mouse52	42	42	True	7	comparator	0.0130175610523	42
Gabbr1	mouse54	40	40	True	7	comparator	0.00953755269442	40
Gabbr1	mouse55	40	39	True	7	comparator	-0.00817959015464	39
Gabbr1	mouse6	21	21	True	2	comparator	-0.0077495750858	21
Gabbr1	mouse60	50	50	True	8	comparator	0.0023604463859	50
Gabbr1	mouse62	51	51	True	8	comparator	-0.0116242443523	51
Gabbr1	mouse63	61	61	True	8	comparator	0.00508394883469	61
Gabbr1	mouse67	54	54	True	9	comparator	0.00684785151474	54
Gabbr1	mouse68	61	61	True	9	comparator	-0.0065278565431	61
Gabbr1	mouse69	32	32	True	9	comparator	-0.00840460025464	32
Gabbr1	mouse7	25	24	True	2	comparator	0.00178005203446	24
Gabbr1	mouse70	40	40	True	9	comparator	-0.0271457362792	40
Gabbr1	mouse72	63	63	True	9	comparator	-0.0158606038336	63
Gabbr1	mouse73	49	49	True	9	comparator	0.004730246203	49
Gabbr1	mouse74	30	30	True	9	comparator	0.0094539521333	30
Gabbr1	mouse75	23	23	True	9	comparator	0.00881062017549	23
Gabbr1	mouse76	59	59	True	9	comparator	-0.0122296206683	59
Gabbr1	mouse8	21	21	True	3	comparator	-0.00248972909599	21
Gabbr1	mouse9	36	35	True	3	comparator	0.00858266790447	35
Gabra5	mouse11	29	29	True	3	comparator	-0.00899256397003	29
Gabra5	mouse13	21	21	True	3	comparator	0.0183366808358	21
Gabra5	mouse15	30	30	True	3	comparator	-0.00922472341741	30
Gabra5	mouse18	21	21	True	4	comparator	0.00504210601174	21
Gabra5	mouse20	22	22	True	4	comparator	0.0237261632243	22
Gabra5	mouse22	24	24	True	4	comparator	-0.0103630402224	24
Gabra5	mouse23	37	36	True	4	comparator	-0.00919240738613	36
Gabra5	mouse34	32	32	True	5	comparator	-0.0265663095315	32
Gabra5	mouse44	26	26	True	6	comparator	-0.00221544306691	26
Gabra5	mouse45	26	26	True	6	comparator	-0.0310202776399	26
Gabra5	mouse52	25	25	True	7	comparator	-0.000325423903025	25
Gabra5	mouse54	20	20	True	7	comparator	-0.020957021062	20
Gabra5	mouse60	36	36	True	8	comparator	0.0122490761604	36
Gabra5	mouse62	35	35	True	8	comparator	0.0056920593311	35
Gabra5	mouse63	33	33	True	8	comparator	0.0179589594939	33
Gabra5	mouse67	32	32	True	9	comparator	0.0399087324903	32
Gabra5	mouse68	39	38	True	9	comparator	-0.0102895751932	38
Gabra5	mouse69	24	24	True	9	comparator	0.0121666894812	24
Gabra5	mouse70	29	29	True	9	comparator	0.00840938099697	29
Gabra5	mouse72	45	45	True	9	comparator	0.00069462722237	45
Gabra5	mouse74	26	26	True	9	comparator	-0.0202641895017	26
Gabra5	mouse76	32	32	True	9	comparator	0.00127150575847	32
Gabra5	mouse9	22	21	True	3	comparator	-0.00617439072879	21
Hdgf	mouse11	34	34	True	3	comparator	0.00896066892364	34
Hdgf	mouse13	25	25	True	3	comparator	0.00300839257793	25
Hdgf	mouse18	30	30	True	4	comparator	-0.00533449032728	30
Hdgf	mouse19	29	29	True	4	comparator	-0.0122536260694	29
Hdgf	mouse20	23	23	True	4	comparator	-0.0125190847108	23
Hdgf	mouse21	21	21	True	4	comparator	0.00371911127226	21
Hdgf	mouse22	25	24	True	4	comparator	-0.00767595063434	24
Hdgf	mouse23	29	29	True	4	comparator	-0.0176233262359	29
Hdgf	mouse34	25	24	True	5	comparator	-0.0106605784333	24
Hdgf	mouse35	21	21	True	5	comparator	0.0218109345976	21
Hdgf	mouse38	21	21	True	6	comparator	0.0130715161434	21
Hdgf	mouse45	23	22	True	6	comparator	-0.0210934295397	22
Hdgf	mouse52	23	23	True	7	comparator	0.0264931504747	23
Hdgf	mouse6	21	21	True	2	comparator	0.0210073728252	21
Hdgf	mouse60	38	38	True	8	comparator	-0.00918368857255	38
Hdgf	mouse62	47	47	True	8	comparator	0.0142448126919	47
Hdgf	mouse63	41	41	True	8	comparator	0.00860642306056	41
Hdgf	mouse67	40	39	True	9	comparator	0.00423840189266	39
Hdgf	mouse68	51	51	True	9	comparator	0.0104980384508	51
Hdgf	mouse69	22	22	True	9	comparator	0.00995413222737	22
Hdgf	mouse7	27	27	True	2	comparator	-0.00280596860468	27
Hdgf	mouse70	31	31	True	9	comparator	-0.013900089716	31
Hdgf	mouse72	46	46	True	9	comparator	0.00486365480081	46
Hdgf	mouse73	22	22	True	9	comparator	-0.021327945859	22
Hdgf	mouse74	26	26	True	9	comparator	0.0240192925959	26
Hdgf	mouse76	35	35	True	9	comparator	0.0144396156417	35
Hdgf	mouse8	28	28	True	3	comparator	0.00148355126682	28
Hdgf	mouse9	29	29	True	3	comparator	0.0190511898721	29
Hivep2	mouse11	45	45	True	3	comparator	0.0245446238559	45
Hivep2	mouse13	29	29	True	3	comparator	-0.0206142766769	29
Hivep2	mouse15	25	25	True	3	comparator	-0.00329787721328	25
Hivep2	mouse18	26	26	True	4	comparator	-0.00244047329683	26
Hivep2	mouse19	24	24	True	4	comparator	-0.0286147295597	24
Hivep2	mouse20	29	29	True	4	comparator	0.00989490495825	29
Hivep2	mouse22	26	26	True	4	comparator	0.00356403258104	26
Hivep2	mouse23	33	33	True	4	comparator	-0.0278543804089	33
Hivep2	mouse34	35	35	True	5	comparator	0.00681183616411	35
Hivep2	mouse35	27	27	True	5	comparator	0.0143120386343	27
Hivep2	mouse36	20	20	True	5	comparator	-0.00345899599541	20
Hivep2	mouse38	25	25	True	6	comparator	-0.0178690308002	25
Hivep2	mouse44	23	23	True	6	comparator	-0.00743342076802	23
Hivep2	mouse45	24	24	True	6	comparator	0.00295898794171	24
Hivep2	mouse52	31	31	True	7	comparator	0.0411180876857	31
Hivep2	mouse54	34	33	True	7	comparator	-0.0243381406048	33
Hivep2	mouse60	53	53	True	8	comparator	-0.0275785415171	53
Hivep2	mouse62	58	58	True	8	comparator	0.0019171881867	58
Hivep2	mouse63	47	47	True	8	comparator	0.0402420616502	47
Hivep2	mouse67	31	31	True	9	comparator	-0.000809784427821	31
Hivep2	mouse68	43	43	True	9	comparator	0.0114693009969	43
Hivep2	mouse69	29	28	True	9	comparator	-0.00692600759603	28
Hivep2	mouse7	27	27	True	2	comparator	0.00757990652245	27
Hivep2	mouse70	36	36	True	9	comparator	-0.0088302295377	36
Hivep2	mouse72	65	65	True	9	comparator	-0.0192386243255	65
Hivep2	mouse73	26	26	True	9	comparator	-0.0155018371886	26
Hivep2	mouse74	30	30	True	9	comparator	0.00811316264537	30
Hivep2	mouse76	46	46	True	9	comparator	-0.0293481225456	46
Hivep2	mouse8	23	23	True	3	comparator	-0.0166480107815	23
Hivep2	mouse9	32	32	True	3	comparator	0.0162824670773	32
Hnrnpdl	mouse10	25	25	True	3	comparator	0.0208228905714	25
Hnrnpdl	mouse11	49	49	True	3	comparator	0.00798842909359	49
Hnrnpdl	mouse13	41	41	True	3	comparator	-0.000762976433669	41
Hnrnpdl	mouse14	29	29	True	3	comparator	0.0214372217933	29
Hnrnpdl	mouse15	29	29	True	3	comparator	-0.00597835938579	29
Hnrnpdl	mouse16	25	25	True	3	comparator	-0.0176198898393	25
Hnrnpdl	mouse18	31	31	True	4	comparator	-0.0141993694814	31
Hnrnpdl	mouse19	29	28	True	4	comparator	0.0122944189282	28
Hnrnpdl	mouse20	44	43	True	4	comparator	0.0172593818109	43
Hnrnpdl	mouse21	33	32	True	4	comparator	0.0109747857057	32
Hnrnpdl	mouse22	36	36	True	4	comparator	0.0149572823635	36
Hnrnpdl	mouse23	57	57	True	4	comparator	-0.0131560257551	57
Hnrnpdl	mouse24	23	23	True	4	comparator	-0.012363570952	23
Hnrnpdl	mouse25	21	21	True	4	comparator	0.0189394426	21
Hnrnpdl	mouse26	26	24	True	4	comparator	0.0257033189462	24
Hnrnpdl	mouse31	21	21	True	5	comparator	0.00256383612351	21
Hnrnpdl	mouse34	36	36	True	5	comparator	0.00383778907448	36
Hnrnpdl	mouse35	24	24	True	5	comparator	0.00410063237514	24
Hnrnpdl	mouse36	22	22	True	5	comparator	-0.00897960914734	22
Hnrnpdl	mouse38	27	27	True	6	comparator	-0.0139638113284	27
Hnrnpdl	mouse4	29	29	True	2	comparator	0.0109458664176	29
Hnrnpdl	mouse41	28	28	True	6	comparator	0.00498869908367	28
Hnrnpdl	mouse44	27	27	True	6	comparator	0.00483318395633	27
Hnrnpdl	mouse45	29	29	True	6	comparator	-0.022273928371	29
Hnrnpdl	mouse52	35	34	True	7	comparator	0.0151348718964	34
Hnrnpdl	mouse54	38	37	True	7	comparator	-0.0118209757654	37
Hnrnpdl	mouse55	20	20	True	7	comparator	-0.0116254542584	20
Hnrnpdl	mouse6	28	28	True	2	comparator	0.00576181567721	28
Hnrnpdl	mouse60	56	54	True	8	comparator	-0.0149775806043	54
Hnrnpdl	mouse62	76	76	True	8	comparator	-0.0102842807601	76
Hnrnpdl	mouse63	55	55	True	8	comparator	0.0168951675974	55
Hnrnpdl	mouse66	20	20	True	8	comparator	-0.0147465857076	20
Hnrnpdl	mouse67	55	53	True	9	comparator	0.00184396905743	53
Hnrnpdl	mouse68	68	67	True	9	comparator	0.000353139508515	67
Hnrnpdl	mouse69	35	35	True	9	comparator	0.0170201437229	35
Hnrnpdl	mouse7	41	41	True	2	comparator	-0.0109772776225	41
Hnrnpdl	mouse70	41	41	True	9	comparator	-0.0118184427584	41
Hnrnpdl	mouse71	23	23	True	9	comparator	0.00656332179032	23
Hnrnpdl	mouse72	77	77	True	9	comparator	-0.00929628310071	77
Hnrnpdl	mouse73	40	40	True	9	comparator	0.00473452044788	40
Hnrnpdl	mouse74	33	33	True	9	comparator	0.0105191844257	33
Hnrnpdl	mouse75	27	27	True	9	comparator	-0.00869651949811	27
Hnrnpdl	mouse76	62	62	True	9	comparator	0.00234252738887	62
Hnrnpdl	mouse8	31	31	True	3	comparator	0.000574180220103	31
Hnrnpdl	mouse9	49	49	True	3	comparator	-0.00381455451996	49
Ift88	mouse11	32	32	True	3	comparator	-0.0120191860643	32
Ift88	mouse13	32	32	True	3	comparator	-0.0132888622119	32
Ift88	mouse15	22	22	True	3	comparator	-0.00586109616122	22
Ift88	mouse18	30	30	True	4	comparator	0.0321128864805	30
Ift88	mouse19	26	26	True	4	comparator	0.0421984301975	26
Ift88	mouse20	24	23	True	4	comparator	-0.00285567555907	23
Ift88	mouse21	23	23	True	4	comparator	0.00234776578255	23
Ift88	mouse23	33	33	True	4	comparator	0.00826517832803	33
Ift88	mouse34	25	25	True	5	comparator	-0.0114695360817	25
Ift88	mouse38	21	21	True	6	comparator	0.0203024171411	21
Ift88	mouse4	21	21	True	2	comparator	0.0154708205888	21
Ift88	mouse52	24	23	True	7	comparator	-0.0100351225451	23
Ift88	mouse6	20	20	True	2	comparator	-0.0208279229167	20
Ift88	mouse60	36	36	True	8	comparator	-0.0211830877238	36
Ift88	mouse62	41	41	True	8	comparator	-0.0133061443782	41
Ift88	mouse63	37	37	True	8	comparator	0.00969429921367	37
Ift88	mouse67	29	29	True	9	comparator	-0.00307332711571	29
Ift88	mouse68	46	46	True	9	comparator	0.0056099347723	46
Ift88	mouse69	25	25	True	9	comparator	0.0177196285062	25
Ift88	mouse70	28	28	True	9	comparator	0.0140480298683	28
Ift88	mouse72	41	41	True	9	comparator	-0.00065577445406	41
Ift88	mouse73	28	28	True	9	comparator	-0.00285639650571	28
Ift88	mouse74	31	29	True	9	comparator	-0.0164783453759	29
Ift88	mouse76	41	41	True	9	comparator	0.0135073919711	41
Ift88	mouse9	27	27	True	3	comparator	0.000223703675103	27
Kcnc1	mouse10	33	32	True	3	comparator	-0.0033046412585	32
Kcnc1	mouse11	56	56	True	3	comparator	0.00397874127302	56
Kcnc1	mouse12	29	29	True	3	comparator	0.00728688265753	29
Kcnc1	mouse13	49	49	True	3	comparator	0.0186533896043	49
Kcnc1	mouse14	21	20	True	3	comparator	-0.00159042745896	20
Kcnc1	mouse15	38	38	True	3	comparator	0.00160058109677	38
Kcnc1	mouse16	35	35	True	3	comparator	0.0114209406064	35
Kcnc1	mouse18	56	54	True	4	comparator	-0.00846926548527	54
Kcnc1	mouse19	35	34	True	4	comparator	-0.044591800743	34
Kcnc1	mouse2	21	20	True	2	comparator	0.0121894450492	20
Kcnc1	mouse20	40	40	True	4	comparator	0.00254343373824	40
Kcnc1	mouse21	30	30	True	4	comparator	-0.00903131325655	30
Kcnc1	mouse22	38	37	True	4	comparator	0.025476361733	37
Kcnc1	mouse23	59	58	True	4	comparator	0.0159353872816	58
Kcnc1	mouse25	39	39	True	4	comparator	-0.0109356665746	39
Kcnc1	mouse26	31	31	True	4	comparator	-0.0143787170474	31
Kcnc1	mouse29	27	26	True	5	comparator	-0.0189941153333	26
Kcnc1	mouse3	20	20	True	2	comparator	-0.00644454307855	20
Kcnc1	mouse31	27	27	True	5	comparator	-0.00554857427262	27
Kcnc1	mouse33	28	28	True	5	comparator	-0.00473251277661	28
Kcnc1	mouse34	48	48	True	5	comparator	-0.0114122140376	48
Kcnc1	mouse35	26	26	True	5	comparator	0.0171655345428	26
Kcnc1	mouse36	23	23	True	5	comparator	0.0305074961115	23
Kcnc1	mouse38	29	29	True	6	comparator	-0.0214357594549	29
Kcnc1	mouse4	48	48	True	2	comparator	0.00176956950237	48
Kcnc1	mouse44	38	38	True	6	comparator	0.0185127144531	38
Kcnc1	mouse45	49	49	True	6	comparator	-0.00844418769642	49
Kcnc1	mouse52	40	40	True	7	comparator	-0.000764119517669	40
Kcnc1	mouse54	35	35	True	7	comparator	0.0321621773194	35
Kcnc1	mouse55	43	43	True	7	comparator	-0.00471499938493	43
Kcnc1	mouse6	31	31	True	2	comparator	0.0042425433043	31
Kcnc1	mouse60	74	73	True	8	comparator	-0.011328181444	73
Kcnc1	mouse62	81	80	True	8	comparator	-0.0160355086721	80
Kcnc1	mouse63	75	75	True	8	comparator	-0.0251409950571	75
Kcnc1	mouse67	65	65	True	9	comparator	-0.0118363048744	65
Kcnc1	mouse68	80	80	True	9	comparator	0.00873962306764	80
Kcnc1	mouse69	40	39	True	9	comparator	0.00912412303548	39
Kcnc1	mouse7	33	31	True	2	comparator	-0.0174415473956	31
Kcnc1	mouse70	62	62	True	9	comparator	0.0147897161633	62
Kcnc1	mouse71	23	23	True	9	comparator	0.00499343146156	23
Kcnc1	mouse72	78	78	True	9	comparator	-0.00861492835387	78
Kcnc1	mouse73	45	45	True	9	comparator	-0.00944630619664	45
Kcnc1	mouse74	36	36	True	9	comparator	-0.0339042105528	36
Kcnc1	mouse75	34	34	True	9	comparator	0.0146324203691	34
Kcnc1	mouse76	79	79	True	9	comparator	-0.00977941597863	79
Kcnc1	mouse8	26	26	True	3	comparator	0.0161815967328	26
Kcnc1	mouse9	71	71	True	3	comparator	-0.00430094961227	71
Lmbr1	mouse11	25	25	True	3	comparator	0.0140100889614	25
Lmbr1	mouse18	21	21	True	4	comparator	0.0256395022957	21
Lmbr1	mouse21	21	21	True	4	comparator	0.0020246788299	21
Lmbr1	mouse23	23	23	True	4	comparator	0.00635459412399	23
Lmbr1	mouse60	21	21	True	8	comparator	-0.0157593626992	21
Lmbr1	mouse62	25	25	True	8	comparator	0.0247961124506	25
Lmbr1	mouse63	27	27	True	8	comparator	0.0259764954837	27
Lmbr1	mouse68	21	21	True	9	comparator	-0.02139986352	21
Lmbr1	mouse72	23	23	True	9	comparator	0.00902619726004	23
Lmbr1	mouse76	26	26	True	9	comparator	4.08776085069e-05	26
Lztr1	mouse10	25	24	True	3	comparator	0.0178483056404	24
Lztr1	mouse11	53	53	True	3	comparator	-0.00757301393084	53
Lztr1	mouse12	29	29	True	3	comparator	-0.0232348781419	29
Lztr1	mouse13	41	41	True	3	comparator	0.00980225945761	41
Lztr1	mouse15	26	26	True	3	comparator	-0.0073235959094	26
Lztr1	mouse16	36	35	True	3	comparator	0.0167573574711	35
Lztr1	mouse17	20	20	True	3	comparator	0.00573042180353	20
Lztr1	mouse18	55	54	True	4	comparator	0.0190455306865	54
Lztr1	mouse19	31	31	True	4	comparator	-0.0127333251953	31
Lztr1	mouse20	49	49	True	4	comparator	0.02130534062	49
Lztr1	mouse21	36	36	True	4	comparator	-0.0220485390104	36
Lztr1	mouse22	34	34	True	4	comparator	0.0357643222612	34
Lztr1	mouse23	56	56	True	4	comparator	-0.0288461824833	56
Lztr1	mouse24	23	23	True	4	comparator	0.00903084971719	23
Lztr1	mouse26	24	24	True	4	comparator	0.00518574521072	24
Lztr1	mouse31	25	25	True	5	comparator	-0.000152659883048	25
Lztr1	mouse34	31	31	True	5	comparator	0.00426642589087	31
Lztr1	mouse35	32	31	True	5	comparator	-8.61820715438e-05	31
Lztr1	mouse36	25	25	True	5	comparator	0.000211950971112	25
Lztr1	mouse38	35	35	True	6	comparator	0.00115077289079	35
Lztr1	mouse4	31	31	True	2	comparator	-0.0134926856101	31
Lztr1	mouse44	26	26	True	6	comparator	0.0101540323531	26
Lztr1	mouse45	35	34	True	6	comparator	0.0215315715268	34
Lztr1	mouse52	34	34	True	7	comparator	0.00696170881727	34
Lztr1	mouse54	20	20	True	7	comparator	0.0149612523738	20
Lztr1	mouse55	41	41	True	7	comparator	-0.00485360171985	41
Lztr1	mouse57	25	25	True	8	comparator	-0.0109801828434	25
Lztr1	mouse6	35	35	True	2	comparator	-0.0147898235511	35
Lztr1	mouse60	65	65	True	8	comparator	0.0115649178698	65
Lztr1	mouse61	21	21	True	8	comparator	-0.0182127722846	21
Lztr1	mouse62	76	76	True	8	comparator	-0.000858884673382	76
Lztr1	mouse63	63	63	True	8	comparator	0.000632543725345	63
Lztr1	mouse67	52	52	True	9	comparator	-0.00505370902388	52
Lztr1	mouse68	70	70	True	9	comparator	-0.00411290349883	70
Lztr1	mouse69	42	42	True	9	comparator	-0.0179133579569	42
Lztr1	mouse7	45	44	True	2	comparator	-0.00164978029502	44
Lztr1	mouse70	48	47	True	9	comparator	-0.0052779554508	47
Lztr1	mouse72	72	72	True	9	comparator	-0.00267394019756	72
Lztr1	mouse73	63	62	True	9	comparator	-0.0048624789981	62
Lztr1	mouse74	33	33	True	9	comparator	5.71690785953e-05	33
Lztr1	mouse75	29	29	True	9	comparator	-0.00153573171361	29
Lztr1	mouse76	49	49	True	9	comparator	-0.0190760314564	49
Lztr1	mouse8	30	29	True	3	comparator	-0.0235453000051	29
Lztr1	mouse9	42	42	True	3	comparator	-0.00244483334161	42
Manf	mouse10	21	20	True	3	comparator	0.01701492243	20
Manf	mouse11	53	52	True	3	comparator	-0.00646859621613	52
Manf	mouse12	22	22	True	3	comparator	-0.00296955891677	22
Manf	mouse13	48	48	True	3	comparator	-0.012530333535	48
Manf	mouse14	26	26	True	3	comparator	-0.00854034781838	26
Manf	mouse15	35	35	True	3	comparator	-0.0113365275532	35
Manf	mouse16	34	33	True	3	comparator	0.00512795621951	33
Manf	mouse18	41	41	True	4	comparator	-0.0138063999437	41
Manf	mouse19	32	32	True	4	comparator	-0.0128852932655	32
Manf	mouse20	44	44	True	4	comparator	0.0140323168614	44
Manf	mouse21	36	36	True	4	comparator	-0.0061841848468	36
Manf	mouse22	46	46	True	4	comparator	-0.0178799044708	46
Manf	mouse23	57	57	True	4	comparator	-0.00396254701072	57
Manf	mouse25	29	29	True	4	comparator	0.00932462149108	29
Manf	mouse26	29	27	True	4	comparator	0.0329759731651	27
Manf	mouse34	38	38	True	5	comparator	-0.0220271832572	38
Manf	mouse35	26	26	True	5	comparator	-0.0151334366699	26
Manf	mouse36	25	25	True	5	comparator	-0.014190871028	25
Manf	mouse38	44	44	True	6	comparator	-0.00844978422015	44
Manf	mouse4	35	35	True	2	comparator	0.0122960990387	35
Manf	mouse41	28	27	True	6	comparator	0.00197144996073	27
Manf	mouse44	23	23	True	6	comparator	-0.00101332087019	23
Manf	mouse45	25	25	True	6	comparator	0.0262252213047	25
Manf	mouse52	42	42	True	7	comparator	0.0299116451797	42
Manf	mouse54	34	33	True	7	comparator	0.00908171151743	33
Manf	mouse55	44	44	True	7	comparator	-0.00591988381993	44
Manf	mouse57	20	20	True	8	comparator	-0.00887121501902	20
Manf	mouse6	32	32	True	2	comparator	-0.00306908397764	32
Manf	mouse60	67	67	True	8	comparator	-0.0178802671994	67
Manf	mouse62	73	73	True	8	comparator	-2.66066461656e-05	73
Manf	mouse63	74	74	True	8	comparator	-0.0284104457286	74
Manf	mouse67	52	52	True	9	comparator	0.0105263587062	52
Manf	mouse68	76	76	True	9	comparator	0.000731318039256	76
Manf	mouse69	40	40	True	9	comparator	-0.00213987921751	40
Manf	mouse7	35	35	True	2	comparator	-0.0109956721815	35
Manf	mouse70	50	50	True	9	comparator	0.00477365222423	50
Manf	mouse72	82	82	True	9	comparator	-0.0123191050623	82
Manf	mouse73	54	54	True	9	comparator	-0.00829893732818	54
Manf	mouse74	56	56	True	9	comparator	-0.000690443503958	56
Manf	mouse75	35	35	True	9	comparator	0.00167939576819	35
Manf	mouse76	54	53	True	9	comparator	-0.011369745654	53
Manf	mouse8	31	31	True	3	comparator	0.0149005602476	31
Manf	mouse9	34	34	True	3	comparator	-0.0394343838118	34
Mboat7	mouse10	28	28	True	3	comparator	-0.0141739998415	28
Mboat7	mouse11	42	42	True	3	comparator	-0.00489774334869	42
Mboat7	mouse12	28	26	True	3	comparator	0.00459156962189	26
Mboat7	mouse13	41	41	True	3	comparator	-0.0108215941402	41
Mboat7	mouse14	23	22	True	3	comparator	-0.0223464009125	22
Mboat7	mouse15	35	35	True	3	comparator	-0.0169683831866	35
Mboat7	mouse16	23	23	True	3	comparator	-0.00136905057777	23
Mboat7	mouse18	39	39	True	4	comparator	-0.00694245948426	39
Mboat7	mouse19	29	28	True	4	comparator	-0.00716587217093	28
Mboat7	mouse20	45	45	True	4	comparator	-0.00534958655913	45
Mboat7	mouse21	22	22	True	4	comparator	0.0308595421008	22
Mboat7	mouse22	25	25	True	4	comparator	0.0227863807823	25
Mboat7	mouse23	51	51	True	4	comparator	-0.00933922503877	51
Mboat7	mouse3	26	25	True	2	comparator	-0.0120365666591	25
Mboat7	mouse34	32	32	True	5	comparator	0.00812133760522	32
Mboat7	mouse35	25	25	True	5	comparator	-0.00252996911361	25
Mboat7	mouse36	22	22	True	5	comparator	0.0270054210336	22
Mboat7	mouse38	41	41	True	6	comparator	0.0125728105597	41
Mboat7	mouse4	33	33	True	2	comparator	-0.0100905058861	33
Mboat7	mouse52	32	31	True	7	comparator	0.015482057618	31
Mboat7	mouse54	35	34	True	7	comparator	-0.00657141231194	34
Mboat7	mouse55	26	26	True	7	comparator	0.00261036716741	26
Mboat7	mouse6	21	21	True	2	comparator	0.0144479509782	21
Mboat7	mouse60	45	45	True	8	comparator	0.0182926177177	45
Mboat7	mouse62	65	65	True	8	comparator	0.011225441963	65
Mboat7	mouse63	47	47	True	8	comparator	0.0089760267814	47
Mboat7	mouse67	43	43	True	9	comparator	0.0118460880122	43
Mboat7	mouse68	49	49	True	9	comparator	-0.010166911941	49
Mboat7	mouse69	29	29	True	9	comparator	-0.0027129840311	29
Mboat7	mouse7	30	30	True	2	comparator	-0.0166755096404	30
Mboat7	mouse70	42	42	True	9	comparator	0.00868136345563	42
Mboat7	mouse72	79	79	True	9	comparator	0.00559120846968	79
Mboat7	mouse73	41	41	True	9	comparator	0.00589681996903	41
Mboat7	mouse74	25	25	True	9	comparator	0.0215316814865	25
Mboat7	mouse75	35	35	True	9	comparator	0.00903040927084	35
Mboat7	mouse76	65	65	True	9	comparator	-0.0182312256479	65
Mboat7	mouse8	29	28	True	3	comparator	0.00242790994185	28
Mboat7	mouse9	52	52	True	3	comparator	0.0239307487855	52
Mphosph9	mouse11	32	32	True	3	comparator	-0.00891797086553	32
Mphosph9	mouse13	38	37	True	3	comparator	-0.0070335598364	37
Mphosph9	mouse14	22	20	True	3	comparator	0.00829423015112	20
Mphosph9	mouse15	32	32	True	3	comparator	-0.0136248722278	32
Mphosph9	mouse18	29	29	True	4	comparator	0.0184520000494	29
Mphosph9	mouse19	27	27	True	4	comparator	0.0187124491359	27
Mphosph9	mouse20	24	24	True	4	comparator	0.0241712033262	24
Mphosph9	mouse22	22	22	True	4	comparator	-0.0060863807516	22
Mphosph9	mouse23	56	56	True	4	comparator	-0.00710260349807	56
Mphosph9	mouse25	20	20	True	4	comparator	0.0267025512786	20
Mphosph9	mouse34	24	24	True	5	comparator	0.0263821351296	24
Mphosph9	mouse35	20	20	True	5	comparator	-0.0266156217495	20
Mphosph9	mouse36	24	24	True	5	comparator	0.000701408746166	24
Mphosph9	mouse4	29	29	True	2	comparator	0.0301045553253	29
Mphosph9	mouse45	22	22	True	6	comparator	-0.0130777720919	22
Mphosph9	mouse52	28	27	True	7	comparator	0.00509313008905	27
Mphosph9	mouse55	24	24	True	7	comparator	-0.0239188023235	24
Mphosph9	mouse60	48	48	True	8	comparator	-0.0119115993304	48
Mphosph9	mouse62	53	53	True	8	comparator	-0.0282816048073	53
Mphosph9	mouse63	48	48	True	8	comparator	0.00475252241354	48
Mphosph9	mouse67	29	29	True	9	comparator	-0.00738529575553	29
Mphosph9	mouse68	63	63	True	9	comparator	-0.000999907572815	63
Mphosph9	mouse69	25	25	True	9	comparator	0.0202154854212	25
Mphosph9	mouse7	22	22	True	2	comparator	-0.00951988922587	22
Mphosph9	mouse70	48	47	True	9	comparator	0.0046388604331	47
Mphosph9	mouse72	52	52	True	9	comparator	-0.00868091478367	52
Mphosph9	mouse73	38	37	True	9	comparator	-0.00190328584948	37
Mphosph9	mouse74	28	28	True	9	comparator	-0.0336900005207	28
Mphosph9	mouse76	43	43	True	9	comparator	0.0156161205581	43
Mphosph9	mouse8	23	23	True	3	comparator	-0.0146622681883	23
Mphosph9	mouse9	29	29	True	3	comparator	0.00540177531472	29
Naa20	mouse10	21	21	True	3	focal	-0.04806827407	21
Naa20	mouse11	55	55	True	3	focal	-0.00900708253099	55
Naa20	mouse12	28	28	True	3	focal	0.0115326898365	28
Naa20	mouse13	41	40	True	3	focal	0.00833145348615	40
Naa20	mouse15	32	31	True	3	focal	0.000581076825727	31
Naa20	mouse16	21	21	True	3	focal	0.00304249720533	21
Naa20	mouse17	20	20	True	3	focal	-0.0284114383993	20
Naa20	mouse18	36	35	True	4	focal	-0.00624404837197	35
Naa20	mouse19	33	32	True	4	focal	-0.0159730487256	32
Naa20	mouse20	44	44	True	4	focal	0.00156490647733	44
Naa20	mouse21	36	34	True	4	focal	-0.0165131148966	34
Naa20	mouse22	25	25	True	4	focal	-0.026155981068	25
Naa20	mouse23	57	57	True	4	focal	-0.00603391186867	57
Naa20	mouse24	25	25	True	4	focal	0.000892119140832	25
Naa20	mouse25	25	25	True	4	focal	0.0370870610007	25
Naa20	mouse26	25	25	True	4	focal	0.00551647828111	25
Naa20	mouse31	21	21	True	5	focal	-0.0521150590775	21
Naa20	mouse35	23	23	True	5	focal	-0.00228854934285	23
Naa20	mouse38	29	29	True	6	focal	-0.0285962330341	29
Naa20	mouse4	34	34	True	2	focal	-0.0242617451589	34
Naa20	mouse41	22	22	True	6	focal	0.00627706136611	22
Naa20	mouse44	24	24	True	6	focal	-0.0669031657178	24
Naa20	mouse45	29	29	True	6	focal	-0.00439913385922	29
Naa20	mouse52	35	34	True	7	focal	-0.00412400636766	34
Naa20	mouse54	32	32	True	7	focal	-0.00687728236261	32
Naa20	mouse55	30	30	True	7	focal	-0.0151396892264	30
Naa20	mouse60	51	51	True	8	focal	-0.0243150778149	51
Naa20	mouse62	71	71	True	8	focal	-0.0143912959254	71
Naa20	mouse63	45	44	True	8	focal	-0.01344924927	44
Naa20	mouse67	49	49	True	9	focal	-0.0300062044535	49
Naa20	mouse68	60	60	True	9	focal	-0.0165362089505	60
Naa20	mouse69	33	32	True	9	focal	-0.00203396974825	32
Naa20	mouse7	27	27	True	2	focal	-0.0280579826552	27
Naa20	mouse70	36	36	True	9	focal	-0.00125347716515	36
Naa20	mouse72	61	61	True	9	focal	-0.00326980274199	61
Naa20	mouse73	31	31	True	9	focal	-0.0239351107178	31
Naa20	mouse74	32	32	True	9	focal	-0.0519385835592	32
Naa20	mouse75	24	24	True	9	focal	0.00590264301371	24
Naa20	mouse76	57	57	True	9	focal	-0.0182628157661	57
Naa20	mouse8	29	29	True	3	focal	-0.0198167908352	29
Naa20	mouse9	42	41	True	3	focal	-0.00655242524891	41
Ndufa4	mouse11	33	33	True	3	comparator	-0.0445136726398	33
Ndufa4	mouse13	25	25	True	3	comparator	-0.0240397994626	25
Ndufa4	mouse18	45	45	True	4	comparator	-0.00339254684113	45
Ndufa4	mouse20	31	31	True	4	comparator	0.00159010241774	31
Ndufa4	mouse21	32	32	True	4	comparator	0.00760700922705	32
Ndufa4	mouse23	38	37	True	4	comparator	-0.00698535961055	37
Ndufa4	mouse34	22	22	True	5	comparator	0.0092126646618	22
Ndufa4	mouse35	23	23	True	5	comparator	-0.0204432638859	23
Ndufa4	mouse38	23	23	True	6	comparator	-0.0268688460291	23
Ndufa4	mouse45	30	30	True	6	comparator	-0.000296158438709	30
Ndufa4	mouse52	24	24	True	7	comparator	-0.0264793031341	24
Ndufa4	mouse54	29	29	True	7	comparator	0.0301889532736	29
Ndufa4	mouse55	27	27	True	7	comparator	-0.0016299270809	27
Ndufa4	mouse6	21	21	True	2	comparator	0.0255179738553	21
Ndufa4	mouse60	43	43	True	8	comparator	-0.00358170493398	43
Ndufa4	mouse62	45	45	True	8	comparator	-0.0142465279222	45
Ndufa4	mouse63	44	44	True	8	comparator	-0.022696564974	44
Ndufa4	mouse67	32	32	True	9	comparator	-0.00970757201662	32
Ndufa4	mouse68	40	39	True	9	comparator	-0.0130881853548	39
Ndufa4	mouse69	22	22	True	9	comparator	0.0262172094838	22
Ndufa4	mouse7	25	25	True	2	comparator	0.0209942872114	25
Ndufa4	mouse70	35	34	True	9	comparator	-0.00239380891928	34
Ndufa4	mouse72	37	37	True	9	comparator	0.0164577907931	37
Ndufa4	mouse73	29	29	True	9	comparator	-0.00452980818864	29
Ndufa4	mouse74	31	31	True	9	comparator	-0.0124779492967	31
Ndufa4	mouse76	38	37	True	9	comparator	0.00203221418859	37
Ndufa4	mouse9	23	23	True	3	comparator	-0.0131140690576	23
Ndufb9	mouse11	44	44	True	3	comparator	-0.0081106490172	44
Ndufb9	mouse12	23	23	True	3	comparator	0.0230510572305	23
Ndufb9	mouse13	31	31	True	3	comparator	-0.00335962687006	31
Ndufb9	mouse15	22	22	True	3	comparator	-0.00870001796847	22
Ndufb9	mouse18	25	25	True	4	comparator	0.0200907648532	25
Ndufb9	mouse19	23	23	True	4	comparator	-0.0047085248138	23
Ndufb9	mouse20	36	36	True	4	comparator	-0.0213805482026	36
Ndufb9	mouse21	20	20	True	4	comparator	-0.0101225726181	20
Ndufb9	mouse22	22	22	True	4	comparator	0.0207788217948	22
Ndufb9	mouse23	31	31	True	4	comparator	-0.0160454070187	31
Ndufb9	mouse34	31	31	True	5	comparator	0.0115704407789	31
Ndufb9	mouse38	21	21	True	6	comparator	0.00294943967095	21
Ndufb9	mouse4	23	23	True	2	comparator	-0.00764720930116	23
Ndufb9	mouse45	31	31	True	6	comparator	0.0136374488839	31
Ndufb9	mouse52	28	28	True	7	comparator	0.000472671119282	28
Ndufb9	mouse54	27	27	True	7	comparator	0.0017919756236	27
Ndufb9	mouse55	30	29	True	7	comparator	-0.0250583167347	29
Ndufb9	mouse6	28	28	True	2	comparator	-0.000199515804107	28
Ndufb9	mouse60	44	44	True	8	comparator	0.00264960520211	44
Ndufb9	mouse62	48	48	True	8	comparator	0.0250784822252	48
Ndufb9	mouse63	46	46	True	8	comparator	-0.0201412148295	46
Ndufb9	mouse67	21	21	True	9	comparator	-0.0158022938865	21
Ndufb9	mouse68	48	48	True	9	comparator	-0.0111133203343	48
Ndufb9	mouse69	26	26	True	9	comparator	0.0134864720263	26
Ndufb9	mouse7	25	24	True	2	comparator	0.00913465096914	24
Ndufb9	mouse70	35	34	True	9	comparator	0.0195538473748	34
Ndufb9	mouse72	37	37	True	9	comparator	-0.0023804648991	37
Ndufb9	mouse73	24	24	True	9	comparator	0.0117226195051	24
Ndufb9	mouse74	22	22	True	9	comparator	0.00174809769026	22
Ndufb9	mouse76	40	40	True	9	comparator	-0.0108861040233	40
Ndufb9	mouse8	22	22	True	3	comparator	0.00126082653554	22
Ndufb9	mouse9	31	31	True	3	comparator	-0.0196268427299	31
Ndufs1	mouse11	31	31	True	3	comparator	-0.0195546417271	31
Ndufs1	mouse13	23	23	True	3	comparator	0.0260688075379	23
Ndufs1	mouse18	20	20	True	4	comparator	0.00833853587021	20
Ndufs1	mouse22	24	24	True	4	comparator	-0.0197968199365	24
Ndufs1	mouse23	30	30	True	4	comparator	0.00352005863559	30
Ndufs1	mouse4	22	22	True	2	comparator	0.015660426815	22
Ndufs1	mouse44	20	20	True	6	comparator	-0.00917816299333	20
Ndufs1	mouse52	21	20	True	7	comparator	-0.0141525757056	20
Ndufs1	mouse60	31	31	True	8	comparator	0.0077314233003	31
Ndufs1	mouse62	37	37	True	8	comparator	0.00777144992942	37
Ndufs1	mouse63	38	38	True	8	comparator	0.0260257343132	38
Ndufs1	mouse67	25	25	True	9	comparator	-0.0145537635355	25
Ndufs1	mouse68	23	23	True	9	comparator	0.0045325600507	23
Ndufs1	mouse70	25	25	True	9	comparator	0.00132758247969	25
Ndufs1	mouse72	34	34	True	9	comparator	0.0112893489425	34
Ndufs1	mouse73	28	28	True	9	comparator	-0.00153253732549	28
Ndufs1	mouse74	28	28	True	9	comparator	-0.0114995163074	28
Ndufs1	mouse76	25	25	True	9	comparator	-0.00816822127578	25
Ndufs1	mouse8	20	20	True	3	comparator	0.0192170000236	20
Ndufs1	mouse9	21	21	True	3	comparator	0.00654785920561	21
Nlgn1	mouse11	32	32	True	3	comparator	0.00405933360409	32
Nlgn1	mouse13	24	24	True	3	comparator	0.0114952925523	24
Nlgn1	mouse18	25	25	True	4	comparator	-0.00842299252089	25
Nlgn1	mouse20	20	20	True	4	comparator	0.0464822525239	20
Nlgn1	mouse23	30	30	True	4	comparator	-0.000417048673511	30
Nlgn1	mouse34	23	23	True	5	comparator	-0.00646114807635	23
Nlgn1	mouse35	21	21	True	5	comparator	-0.00250952919825	21
Nlgn1	mouse52	20	20	True	7	comparator	0.0162419565501	20
Nlgn1	mouse60	28	28	True	8	comparator	-0.0252179673863	28
Nlgn1	mouse62	43	43	True	8	comparator	-0.0107808992424	43
Nlgn1	mouse63	28	28	True	8	comparator	0.0316759042613	28
Nlgn1	mouse67	29	29	True	9	comparator	0.0110731398066	29
Nlgn1	mouse68	42	42	True	9	comparator	0.00558217535333	42
Nlgn1	mouse69	37	37	True	9	comparator	0.0104245059329	37
Nlgn1	mouse7	23	23	True	2	comparator	0.00612283262215	23
Nlgn1	mouse70	27	27	True	9	comparator	0.00847751184097	27
Nlgn1	mouse72	34	34	True	9	comparator	0.0286013774778	34
Nlgn1	mouse73	27	27	True	9	comparator	-0.00588333527916	27
Nlgn1	mouse74	20	20	True	9	comparator	0.0109721854328	20
Nlgn1	mouse75	21	21	True	9	comparator	0.0253372515371	21
Nlgn1	mouse76	21	21	True	9	comparator	0.0304242243408	21
Nlgn1	mouse9	23	23	True	3	comparator	0.0215310030972	23
Nup93	mouse11	43	42	True	3	comparator	-0.00745224292717	42
Nup93	mouse15	23	23	True	3	comparator	0.0128666112227	23
Nup93	mouse18	27	27	True	4	comparator	0.00556060765765	27
Nup93	mouse20	24	24	True	4	comparator	-0.00417574305295	24
Nup93	mouse22	21	21	True	4	comparator	0.0122471770176	21
Nup93	mouse23	34	34	True	4	comparator	-0.0230691123204	34
Nup93	mouse25	20	20	True	4	comparator	0.0109456013531	20
Nup93	mouse34	34	34	True	5	comparator	0.00622682896883	34
Nup93	mouse38	25	25	True	6	comparator	-0.00464001999287	25
Nup93	mouse4	27	27	True	2	comparator	0.00211039402926	27
Nup93	mouse44	21	21	True	6	comparator	0.00423189380203	21
Nup93	mouse52	25	25	True	7	comparator	0.0355192168861	25
Nup93	mouse54	28	27	True	7	comparator	0.0138088260481	27
Nup93	mouse55	22	21	True	7	comparator	-0.0130728169646	21
Nup93	mouse60	29	29	True	8	comparator	0.0221358159319	29
Nup93	mouse62	40	40	True	8	comparator	-0.000986096128557	40
Nup93	mouse63	42	42	True	8	comparator	0.00786268000904	42
Nup93	mouse67	35	35	True	9	comparator	-0.00467843675443	35
Nup93	mouse68	36	36	True	9	comparator	-0.010505656768	36
Nup93	mouse7	20	20	True	2	comparator	0.0128022095116	20
Nup93	mouse70	34	34	True	9	comparator	0.0287889985988	34
Nup93	mouse72	62	62	True	9	comparator	0.0104768230089	62
Nup93	mouse73	32	32	True	9	comparator	0.0182212782494	32
Nup93	mouse74	29	29	True	9	comparator	-0.0052040268184	29
Nup93	mouse76	51	51	True	9	comparator	-0.000173227172259	51
Nup93	mouse8	26	25	True	3	comparator	-0.0281113286418	25
Nup93	mouse9	32	32	True	3	comparator	0.00344738974907	32
Pank2	mouse13	24	24	True	3	comparator	-0.00776042001011	24
Pank2	mouse18	30	30	True	4	comparator	-0.00853195466113	30
Pank2	mouse20	33	33	True	4	comparator	0.0223712071787	33
Pank2	mouse21	23	23	True	4	comparator	-0.0572198715555	23
Pank2	mouse23	27	27	True	4	comparator	0.00792552641212	27
Pank2	mouse38	23	23	True	6	comparator	0.0365915516106	23
Pank2	mouse4	25	25	True	2	comparator	-0.0390438784612	25
Pank2	mouse45	20	20	True	6	comparator	-0.0246307171212	20
Pank2	mouse52	26	25	True	7	comparator	-0.00380150966047	25
Pank2	mouse60	36	36	True	8	comparator	0.00158269688217	36
Pank2	mouse62	26	26	True	8	comparator	0.00507781437628	26
Pank2	mouse63	43	43	True	8	comparator	-0.0116027070411	43
Pank2	mouse67	28	28	True	9	comparator	-0.0104193551352	28
Pank2	mouse68	42	42	True	9	comparator	0.00662021359593	42
Pank2	mouse7	22	22	True	2	comparator	0.000687499444925	22
Pank2	mouse70	24	24	True	9	comparator	-0.0197923537012	24
Pank2	mouse72	50	50	True	9	comparator	0.0195699561957	50
Pank2	mouse73	30	30	True	9	comparator	0.00178869486882	30
Pank2	mouse74	20	20	True	9	comparator	0.0181452888962	20
Pank2	mouse76	24	23	True	9	comparator	0.00425289336454	23
Pank2	mouse8	21	20	True	3	comparator	-0.0130113826381	20
Pank2	mouse9	24	24	True	3	comparator	0.0315593148492	24
Pcdh19	mouse11	41	41	True	3	comparator	0.00538978768082	41
Pcdh19	mouse12	24	23	True	3	comparator	0.0279500952477	23
Pcdh19	mouse14	20	20	True	3	comparator	0.0234628896238	20
Pcdh19	mouse18	34	34	True	4	comparator	0.00597848408158	34
Pcdh19	mouse19	25	24	True	4	comparator	0.00512756460249	24
Pcdh19	mouse23	40	40	True	4	comparator	0.0124684677689	40
Pcdh19	mouse34	31	31	True	5	comparator	0.0188569530422	31
Pcdh19	mouse38	21	21	True	6	comparator	-0.0124166638599	21
Pcdh19	mouse44	23	23	True	6	comparator	-0.00655290821318	23
Pcdh19	mouse54	28	27	True	7	comparator	-0.0204226778534	27
Pcdh19	mouse60	37	37	True	8	comparator	0.0125823216357	37
Pcdh19	mouse62	51	51	True	8	comparator	0.00678181869392	51
Pcdh19	mouse63	32	32	True	8	comparator	-0.00580057485999	32
Pcdh19	mouse67	32	32	True	9	comparator	0.0192981691849	32
Pcdh19	mouse68	41	41	True	9	comparator	-0.0131612339956	41
Pcdh19	mouse69	29	28	True	9	comparator	-0.0037589870631	28
Pcdh19	mouse70	25	25	True	9	comparator	0.0224889264103	25
Pcdh19	mouse72	54	54	True	9	comparator	-0.00479682422543	54
Pcdh19	mouse73	41	41	True	9	comparator	-0.00301598384531	41
Pcdh19	mouse74	22	22	True	9	comparator	0.00106612347796	22
Pcdh19	mouse76	48	48	True	9	comparator	-0.0201347837471	48
Pcdh19	mouse8	23	23	True	3	comparator	0.00364258571482	23
Pcdh19	mouse9	27	27	True	3	comparator	0.00130928471755	27
Phactr1	mouse11	36	36	True	3	comparator	0.0102180156231	36
Phactr1	mouse12	22	22	True	3	comparator	0.0151866676911	22
Phactr1	mouse13	26	25	True	3	comparator	0.0196937866562	25
Phactr1	mouse18	21	21	True	4	comparator	0.0199876065295	21
Phactr1	mouse21	24	24	True	4	comparator	-0.0218448703607	24
Phactr1	mouse22	21	21	True	4	comparator	-0.00703436610709	21
Phactr1	mouse23	38	38	True	4	comparator	0.00311941059123	38
Phactr1	mouse34	21	21	True	5	comparator	0.00654607365105	21
Phactr1	mouse38	26	26	True	6	comparator	0.000459602961538	26
Phactr1	mouse4	26	26	True	2	comparator	0.0236378698076	26
Phactr1	mouse44	23	23	True	6	comparator	-0.034751286744	23
Phactr1	mouse45	22	21	True	6	comparator	0.0335479039337	21
Phactr1	mouse52	24	22	True	7	comparator	-0.00909334038471	22
Phactr1	mouse54	25	25	True	7	comparator	-0.00845639302834	25
Phactr1	mouse55	32	32	True	7	comparator	0.0224899885941	32
Phactr1	mouse6	25	25	True	2	comparator	-0.0135473405953	25
Phactr1	mouse60	37	37	True	8	comparator	0.00538693737792	37
Phactr1	mouse62	44	44	True	8	comparator	-0.0198504649809	44
Phactr1	mouse63	45	43	True	8	comparator	-0.00818321418104	43
Phactr1	mouse67	48	48	True	9	comparator	0.0135263544164	48
Phactr1	mouse68	46	45	True	9	comparator	0.00492864749087	45
Phactr1	mouse7	32	32	True	2	comparator	-0.0198831682383	32
Phactr1	mouse70	30	30	True	9	comparator	0.0198578843565	30
Phactr1	mouse72	63	63	True	9	comparator	0.00134794121532	63
Phactr1	mouse73	44	43	True	9	comparator	-0.00158457624785	43
Phactr1	mouse74	33	32	True	9	comparator	-0.00300093530586	32
Phactr1	mouse76	41	41	True	9	comparator	-0.0114058836354	41
Phactr1	mouse8	20	20	True	3	comparator	-0.0516299155488	20
Phactr1	mouse9	28	28	True	3	comparator	0.0322178876724	28
Phf21a	mouse11	39	39	True	3	comparator	-0.0281883552029	39
Phf21a	mouse12	28	28	True	3	comparator	0.00763379205367	28
Phf21a	mouse13	35	34	True	3	comparator	0.0204408095709	34
Phf21a	mouse15	28	27	True	3	comparator	-0.0347795906242	27
Phf21a	mouse16	23	23	True	3	comparator	-0.0147968421536	23
Phf21a	mouse18	36	36	True	4	comparator	-1.5752963359e-05	36
Phf21a	mouse19	22	22	True	4	comparator	-0.00177694176422	22
Phf21a	mouse20	36	35	True	4	comparator	0.0193311851266	35
Phf21a	mouse21	32	32	True	4	comparator	-0.0103968765337	32
Phf21a	mouse22	32	32	True	4	comparator	-0.0100601525972	32
Phf21a	mouse23	52	52	True	4	comparator	-0.0347589641781	52
Phf21a	mouse25	20	20	True	4	comparator	0.000375671104032	20
Phf21a	mouse34	27	27	True	5	comparator	-0.0110053740371	27
Phf21a	mouse36	21	21	True	5	comparator	0.00127437058883	21
Phf21a	mouse38	33	33	True	6	comparator	-0.0702687936163	33
Phf21a	mouse4	25	25	True	2	comparator	-0.0304503921745	25
Phf21a	mouse44	25	25	True	6	comparator	0.0101839243054	25
Phf21a	mouse45	28	28	True	6	comparator	0.0164878541149	28
Phf21a	mouse52	34	34	True	7	comparator	-0.00413817509331	34
Phf21a	mouse54	26	26	True	7	comparator	-0.040676801555	26
Phf21a	mouse55	30	30	True	7	comparator	-0.0489102808087	30
Phf21a	mouse6	22	22	True	2	comparator	0.0249970453519	22
Phf21a	mouse60	49	49	True	8	comparator	-0.00515629287477	49
Phf21a	mouse61	20	20	True	8	comparator	-0.0121374636912	20
Phf21a	mouse62	62	62	True	8	comparator	-0.0103462691901	62
Phf21a	mouse63	60	59	True	8	comparator	-0.028955801189	59
Phf21a	mouse67	38	38	True	9	comparator	-0.0206423345068	38
Phf21a	mouse68	54	53	True	9	comparator	0.0153782247544	53
Phf21a	mouse69	27	27	True	9	comparator	-0.00491841347165	27
Phf21a	mouse7	33	32	True	2	comparator	-0.0107742871899	32
Phf21a	mouse70	45	45	True	9	comparator	-0.00425093976817	45
Phf21a	mouse72	59	59	True	9	comparator	-0.0153451647051	59
Phf21a	mouse73	31	31	True	9	comparator	0.000967061455187	31
Phf21a	mouse74	27	27	True	9	comparator	-0.00537653280552	27
Phf21a	mouse76	43	43	True	9	comparator	-0.00826427996518	43
Phf21a	mouse8	27	27	True	3	comparator	-0.0263485839489	27
Phf21a	mouse9	42	42	True	3	comparator	-0.00358627160912	42
Pi4ka	mouse11	38	37	True	3	comparator	7.09310330776e-05	37
Pi4ka	mouse15	31	31	True	3	comparator	-0.00511962395768	31
Pi4ka	mouse16	21	21	True	3	comparator	-0.00152648019914	21
Pi4ka	mouse18	21	21	True	4	comparator	0.00568900852095	21
Pi4ka	mouse19	23	23	True	4	comparator	-0.0127548351507	23
Pi4ka	mouse20	24	24	True	4	comparator	0.0126459235431	24
Pi4ka	mouse22	23	22	True	4	comparator	-0.000727067376774	22
Pi4ka	mouse23	29	29	True	4	comparator	0.00459707744305	29
Pi4ka	mouse34	31	31	True	5	comparator	0.0156891911413	31
Pi4ka	mouse35	21	21	True	5	comparator	-0.0102931735855	21
Pi4ka	mouse4	22	22	True	2	comparator	0.012999637687	22
Pi4ka	mouse45	23	23	True	6	comparator	-0.00976993768968	23
Pi4ka	mouse52	26	26	True	7	comparator	0.0151690719138	26
Pi4ka	mouse55	31	31	True	7	comparator	0.000774796574017	31
Pi4ka	mouse6	21	20	True	2	comparator	-0.00119180830092	20
Pi4ka	mouse60	35	34	True	8	comparator	0.00556786053151	34
Pi4ka	mouse62	45	45	True	8	comparator	0.0118737278583	45
Pi4ka	mouse63	33	33	True	8	comparator	-0.00567644984325	33
Pi4ka	mouse67	38	38	True	9	comparator	-0.0175141593058	38
Pi4ka	mouse68	55	55	True	9	comparator	-0.0135836294777	55
Pi4ka	mouse69	20	20	True	9	comparator	0.0127390371997	20
Pi4ka	mouse7	25	24	True	2	comparator	-0.00517517800934	24
Pi4ka	mouse70	22	22	True	9	comparator	-0.0041628188869	22
Pi4ka	mouse72	48	48	True	9	comparator	0.00208425967167	48
Pi4ka	mouse73	31	31	True	9	comparator	-0.0118291110063	31
Pi4ka	mouse76	48	48	True	9	comparator	0.00591619911318	48
Pi4ka	mouse9	22	22	True	3	comparator	0.00739252158314	22
Pik3cb	mouse11	29	29	True	3	comparator	0.0275687954335	29
Pik3cb	mouse23	26	26	True	4	comparator	-0.0149929925262	26
Pik3cb	mouse26	20	20	True	4	comparator	0.0134187931186	20
Pik3cb	mouse38	22	22	True	6	comparator	-0.023763287071	22
Pik3cb	mouse52	20	20	True	7	comparator	-0.0161601417355	20
Pik3cb	mouse60	25	25	True	8	comparator	0.0378207180825	25
Pik3cb	mouse62	41	41	True	8	comparator	-0.019805206634	41
Pik3cb	mouse63	25	25	True	8	comparator	-0.0044152816315	25
Pik3cb	mouse68	32	32	True	9	comparator	0.0157270608605	32
Pik3cb	mouse69	21	21	True	9	comparator	-0.0212494367115	21
Pik3cb	mouse70	28	28	True	9	comparator	0.0166350190844	28
Pik3cb	mouse72	38	38	True	9	comparator	-0.00228117465282	38
Pik3cb	mouse73	24	24	True	9	comparator	0.00269161754422	24
Pik3cb	mouse74	27	27	True	9	comparator	0.0275090293783	27
Pik3cb	mouse76	28	28	True	9	comparator	-0.0146307575945	28
Pnkd	mouse10	21	21	True	3	comparator	0.0418354422648	21
Pnkd	mouse11	59	57	True	3	comparator	0.00193786972956	57
Pnkd	mouse12	24	24	True	3	comparator	0.00253380450324	24
Pnkd	mouse13	44	44	True	3	comparator	0.02855553155	44
Pnkd	mouse14	25	24	True	3	comparator	0.00751822983419	24
Pnkd	mouse15	25	25	True	3	comparator	0.0196650796405	25
Pnkd	mouse16	20	20	True	3	comparator	0.0190616914192	20
Pnkd	mouse17	24	23	True	3	comparator	-0.0332801796484	23
Pnkd	mouse18	46	46	True	4	comparator	0.000308668483705	46
Pnkd	mouse19	28	28	True	4	comparator	0.0171230121904	28
Pnkd	mouse20	40	39	True	4	comparator	0.00948507825338	39
Pnkd	mouse21	38	38	True	4	comparator	-0.00176362753491	38
Pnkd	mouse22	27	27	True	4	comparator	-0.0067023116451	27
Pnkd	mouse23	52	52	True	4	comparator	-0.00463750524621	52
Pnkd	mouse25	21	21	True	4	comparator	0.0167390890472	21
Pnkd	mouse26	26	26	True	4	comparator	0.00606608311107	26
Pnkd	mouse31	24	23	True	5	comparator	-0.00939635841723	23
Pnkd	mouse34	37	37	True	5	comparator	-0.00694947766951	37
Pnkd	mouse35	41	41	True	5	comparator	-0.0105569078962	41
Pnkd	mouse36	26	26	True	5	comparator	0.0129239557039	26
Pnkd	mouse37	20	20	True	6	comparator	0.0177102404857	20
Pnkd	mouse38	38	38	True	6	comparator	0.00689131871118	38
Pnkd	mouse4	30	30	True	2	comparator	0.0161752534525	30
Pnkd	mouse44	30	30	True	6	comparator	0.00474671372445	30
Pnkd	mouse45	46	45	True	6	comparator	-0.0114160631313	45
Pnkd	mouse52	45	44	True	7	comparator	-0.00192649017507	44
Pnkd	mouse54	37	36	True	7	comparator	-0.0228462051733	36
Pnkd	mouse55	51	51	True	7	comparator	0.00298685574106	51
Pnkd	mouse6	22	22	True	2	comparator	-0.0115282356499	22
Pnkd	mouse60	55	54	True	8	comparator	0.0184348334331	54
Pnkd	mouse62	52	52	True	8	comparator	-0.00245878216473	52
Pnkd	mouse63	70	69	True	8	comparator	-0.012452512789	69
Pnkd	mouse67	59	59	True	9	comparator	-0.0155056438068	59
Pnkd	mouse68	68	68	True	9	comparator	-0.0142204568797	68
Pnkd	mouse69	42	42	True	9	comparator	-0.0201878864047	42
Pnkd	mouse7	26	25	True	2	comparator	0.0131163619664	25
Pnkd	mouse70	43	43	True	9	comparator	-0.00291554114765	43
Pnkd	mouse72	73	73	True	9	comparator	-0.00525391787829	73
Pnkd	mouse73	58	58	True	9	comparator	0.00124750482449	58
Pnkd	mouse74	48	48	True	9	comparator	-0.00753853678324	48
Pnkd	mouse75	20	20	True	9	comparator	-0.0257805869904	20
Pnkd	mouse76	52	52	True	9	comparator	-0.00277740898599	52
Pnkd	mouse8	47	47	True	3	comparator	-0.034539533547	47
Pnkd	mouse9	61	60	True	3	comparator	0.0057376660501	60
Pogz	mouse11	32	32	True	3	comparator	-0.0282559685776	32
Pogz	mouse13	21	21	True	3	comparator	0.0114763335072	21
Pogz	mouse16	25	25	True	3	comparator	-0.00328856533889	25
Pogz	mouse19	20	20	True	4	comparator	0.0254386612513	20
Pogz	mouse20	22	22	True	4	comparator	0.0284896012708	22
Pogz	mouse21	23	23	True	4	comparator	0.00789862848461	23
Pogz	mouse23	46	46	True	4	comparator	-0.00841889748556	46
Pogz	mouse34	21	21	True	5	comparator	-0.00548415742316	21
Pogz	mouse38	24	24	True	6	comparator	-0.00424849789296	24
Pogz	mouse44	27	27	True	6	comparator	0.0183873382756	27
Pogz	mouse55	24	23	True	7	comparator	0.0080216479979	23
Pogz	mouse60	31	30	True	8	comparator	0.0138235252283	30
Pogz	mouse62	29	29	True	8	comparator	-0.00916490646955	29
Pogz	mouse63	34	33	True	8	comparator	0.0271768799526	33
Pogz	mouse67	34	34	True	9	comparator	-0.00307207830656	34
Pogz	mouse68	38	38	True	9	comparator	-0.000613325707055	38
Pogz	mouse70	28	28	True	9	comparator	-0.0203684089728	28
Pogz	mouse72	33	33	True	9	comparator	-0.00379263060733	33
Pogz	mouse73	29	29	True	9	comparator	-0.0333969023917	29
Pogz	mouse76	35	35	True	9	comparator	0.000615221976431	35
Pomp	mouse11	26	26	True	3	focal	-0.062410903094	26
Pomp	mouse19	22	21	True	4	focal	-0.0432929919677	21
Pomp	mouse20	25	24	True	4	focal	-0.0406988736119	24
Pomp	mouse23	25	24	True	4	focal	-0.0671917780545	24
Pomp	mouse31	20	20	True	5	focal	-0.019685902589	20
Pomp	mouse34	22	22	True	5	focal	-0.00947421802947	22
Pomp	mouse38	23	23	True	6	focal	-0.00457555147744	23
Pomp	mouse4	20	20	True	2	focal	-0.0563145682613	20
Pomp	mouse52	24	23	True	7	focal	-0.0164586163636	23
Pomp	mouse54	27	26	True	7	focal	-0.037293846864	26
Pomp	mouse62	36	36	True	8	focal	-0.00393118114879	36
Pomp	mouse63	35	35	True	8	focal	0.00294084302088	35
Pomp	mouse67	23	23	True	9	focal	-0.0303472021557	23
Pomp	mouse68	37	37	True	9	focal	-0.0239205743484	37
Pomp	mouse7	27	27	True	2	focal	-0.0585678374902	27
Pomp	mouse70	33	32	True	9	focal	-0.0319574725881	32
Pomp	mouse72	29	29	True	9	focal	-0.0450761800878	29
Pomp	mouse73	24	24	True	9	focal	-0.0305536984617	24
Pomp	mouse76	36	36	True	9	focal	-0.0108801968897	36
Pomp	mouse9	25	25	True	3	focal	-0.0621764207269	25
Psmb4	mouse11	33	32	True	3	focal	-0.0860544252916	32
Psmb4	mouse12	20	20	True	3	focal	-0.103235115426	20
Psmb4	mouse13	23	23	True	3	focal	-0.0597244553209	23
Psmb4	mouse23	29	28	True	4	focal	-0.0990478223967	28
Psmb4	mouse62	25	25	True	8	focal	-0.0321729065711	25
Psmb4	mouse63	27	27	True	8	focal	-0.0402863857056	27
Psmb4	mouse67	24	24	True	9	focal	-0.0923599423756	24
Psmb4	mouse68	21	21	True	9	focal	-0.0756246509518	21
Psmb4	mouse7	23	22	True	2	focal	-0.105430472902	22
Psmb4	mouse72	27	27	True	9	focal	-0.0404291380521	27
Psmb4	mouse76	25	25	True	9	focal	-0.0441631716457	25
Psmb4	mouse8	22	22	True	3	focal	-0.137932563591	22
Psmb4	mouse9	28	28	True	3	focal	-0.0848839147887	28
Psmc5	mouse11	34	34	True	3	focal	-0.00698760607347	34
Psmc5	mouse15	27	27	True	3	focal	-0.0130126491377	27
Psmc5	mouse18	25	25	True	4	focal	-0.0364782353926	25
Psmc5	mouse19	23	23	True	4	focal	-0.0735525080009	23
Psmc5	mouse20	26	26	True	4	focal	-0.0589493999787	26
Psmc5	mouse21	20	20	True	4	focal	-0.0208643762227	20
Psmc5	mouse23	32	32	True	4	focal	-0.0381603246033	32
Psmc5	mouse34	21	21	True	5	focal	-0.0735798339995	21
Psmc5	mouse4	22	21	True	2	focal	-0.054661467041	21
Psmc5	mouse45	25	25	True	6	focal	-0.0801654946942	25
Psmc5	mouse54	34	34	True	7	focal	-0.0173938779982	34
Psmc5	mouse6	22	22	True	2	focal	-0.0532306078877	22
Psmc5	mouse60	21	21	True	8	focal	-0.00141068451769	21
Psmc5	mouse62	24	24	True	8	focal	-0.0267485173152	24
Psmc5	mouse63	32	32	True	8	focal	-0.0288044835279	32
Psmc5	mouse67	23	23	True	9	focal	-0.0436771237842	23
Psmc5	mouse68	47	47	True	9	focal	-0.0202341364451	47
Psmc5	mouse7	27	27	True	2	focal	-0.0526437194838	27
Psmc5	mouse70	36	36	True	9	focal	-0.034827000614	36
Psmc5	mouse72	50	50	True	9	focal	-0.00385254374444	50
Psmc5	mouse73	29	29	True	9	focal	-0.000613447802633	29
Psmc5	mouse74	20	20	True	9	focal	-0.1045642957	20
Psmc5	mouse76	45	45	True	9	focal	-0.0317129922398	45
Psmc5	mouse8	20	20	True	3	focal	-0.040162735844	20
Psmc5	mouse9	35	33	True	3	focal	-0.0641977807551	33
Pum1	mouse11	34	34	True	3	comparator	-0.00796326572121	34
Pum1	mouse18	25	25	True	4	comparator	-0.00273380381148	25
Pum1	mouse20	23	23	True	4	comparator	0.00433669446597	23
Pum1	mouse21	26	26	True	4	comparator	-0.0359162099264	26
Pum1	mouse23	39	39	True	4	comparator	-0.00983924128852	39
Pum1	mouse34	24	24	True	5	comparator	0.0248179125502	24
Pum1	mouse36	21	21	True	5	comparator	0.0112151500365	21
Pum1	mouse4	22	22	True	2	comparator	-0.0260876096132	22
Pum1	mouse52	30	30	True	7	comparator	-0.0124890114087	30
Pum1	mouse55	21	21	True	7	comparator	-0.0493342396981	21
Pum1	mouse60	35	35	True	8	comparator	0.0257475972603	35
Pum1	mouse62	38	38	True	8	comparator	0.00916973101141	38
Pum1	mouse63	33	33	True	8	comparator	-0.0048852063088	33
Pum1	mouse67	35	35	True	9	comparator	-0.0459960219176	35
Pum1	mouse68	40	40	True	9	comparator	-0.00057542050416	40
Pum1	mouse69	30	29	True	9	comparator	0.020835239666	29
Pum1	mouse7	22	22	True	2	comparator	-0.0186693768983	22
Pum1	mouse70	38	38	True	9	comparator	-0.00750167562564	38
Pum1	mouse72	49	49	True	9	comparator	-0.0132951675172	49
Pum1	mouse73	37	37	True	9	comparator	-0.0206660501459	37
Pum1	mouse74	27	26	True	9	comparator	0.0086233024017	26
Pum1	mouse76	51	51	True	9	comparator	0.0053728305182	51
Pum1	mouse9	34	34	True	3	comparator	0.00590512197235	34
Rasa2	mouse18	26	26	True	4	comparator	0.00807101181132	26
Rasa2	mouse19	21	21	True	4	comparator	-0.0294231951922	21
Rasa2	mouse20	26	26	True	4	comparator	0.0316622796189	26
Rasa2	mouse21	24	24	True	4	comparator	-0.00393874227306	24
Rasa2	mouse23	33	33	True	4	comparator	0.0215115933145	33
Rasa2	mouse26	24	24	True	4	comparator	-0.000118698840802	24
Rasa2	mouse34	20	20	True	5	comparator	-0.012391742731	20
Rasa2	mouse4	20	20	True	2	comparator	-0.0311013378671	20
Rasa2	mouse52	26	25	True	7	comparator	-0.00281815500575	25
Rasa2	mouse54	30	29	True	7	comparator	-0.00858986016731	29
Rasa2	mouse55	25	25	True	7	comparator	0.0100524345508	25
Rasa2	mouse60	42	42	True	8	comparator	0.00768902364772	42
Rasa2	mouse62	39	39	True	8	comparator	0.00974191492476	39
Rasa2	mouse63	45	45	True	8	comparator	0.00686723828148	45
Rasa2	mouse67	26	26	True	9	comparator	-0.00110017802429	26
Rasa2	mouse68	40	40	True	9	comparator	0.00913636305745	40
Rasa2	mouse69	23	23	True	9	comparator	-0.00723779176902	23
Rasa2	mouse7	25	25	True	2	comparator	0.00923060999276	25
Rasa2	mouse70	26	26	True	9	comparator	0.0157357371284	26
Rasa2	mouse72	37	37	True	9	comparator	0.0115998040624	37
Rasa2	mouse73	28	28	True	9	comparator	0.0263377328998	28
Rasa2	mouse74	20	20	True	9	comparator	-0.0400928928078	20
Rasa2	mouse76	43	43	True	9	comparator	0.00637226873088	43
Rasa2	mouse9	25	25	True	3	comparator	-0.00359521129782	25
Rdx	mouse11	30	30	True	3	comparator	0.00149614547978	30
Rdx	mouse12	21	21	True	3	comparator	-0.0144739282788	21
Rdx	mouse13	28	28	True	3	comparator	0.0240133095025	28
Rdx	mouse14	21	21	True	3	comparator	-0.00459817995849	21
Rdx	mouse15	20	20	True	3	comparator	-0.010200787569	20
Rdx	mouse18	27	26	True	4	comparator	0.0231432914216	26
Rdx	mouse19	20	20	True	4	comparator	0.0127752097239	20
Rdx	mouse20	28	28	True	4	comparator	-0.0219451677592	28
Rdx	mouse22	25	25	True	4	comparator	0.00424119611935	25
Rdx	mouse23	26	25	True	4	comparator	-0.012106059038	25
Rdx	mouse36	25	25	True	5	comparator	-0.0046321652546	25
Rdx	mouse4	21	21	True	2	comparator	0.0544735640876	21
Rdx	mouse44	23	22	True	6	comparator	-0.0367741279036	22
Rdx	mouse45	24	24	True	6	comparator	0.0105156368993	24
Rdx	mouse52	24	24	True	7	comparator	-0.022352415115	24
Rdx	mouse55	21	21	True	7	comparator	0.0108806093444	21
Rdx	mouse60	30	30	True	8	comparator	0.00522044374003	30
Rdx	mouse62	41	41	True	8	comparator	0.0147435657306	41
Rdx	mouse63	35	35	True	8	comparator	-0.0105083644586	35
Rdx	mouse67	34	34	True	9	comparator	0.0325424804433	34
Rdx	mouse68	54	54	True	9	comparator	-0.00170475980011	54
Rdx	mouse69	26	26	True	9	comparator	-0.0184362659687	26
Rdx	mouse7	26	25	True	2	comparator	-0.0068102518297	25
Rdx	mouse70	31	31	True	9	comparator	0.0109075488687	31
Rdx	mouse72	46	46	True	9	comparator	0.0300560396563	46
Rdx	mouse73	21	21	True	9	comparator	0.0278706882851	21
Rdx	mouse74	25	25	True	9	comparator	-0.0295849903707	25
Rdx	mouse76	36	35	True	9	comparator	0.0018355148281	35
Rdx	mouse8	22	22	True	3	comparator	-0.00179614040151	22
Rdx	mouse9	28	28	True	3	comparator	0.00211096180941	28
Rhot1	mouse11	39	39	True	3	comparator	0.00969606942925	39
Rhot1	mouse18	21	21	True	4	comparator	0.0385867028612	21
Rhot1	mouse19	20	20	True	4	comparator	-0.00187393613862	20
Rhot1	mouse22	22	22	True	4	comparator	-0.0314275772929	22
Rhot1	mouse23	29	28	True	4	comparator	-0.023486240559	28
Rhot1	mouse52	22	22	True	7	comparator	0.000504406922654	22
Rhot1	mouse54	23	23	True	7	comparator	0.0184682388225	23
Rhot1	mouse55	20	20	True	7	comparator	0.0344486776458	20
Rhot1	mouse60	21	21	True	8	comparator	0.00848265474812	21
Rhot1	mouse62	36	36	True	8	comparator	0.0156908144666	36
Rhot1	mouse63	39	39	True	8	comparator	-0.00217200597036	39
Rhot1	mouse67	22	22	True	9	comparator	-0.00995741649589	22
Rhot1	mouse68	38	38	True	9	comparator	-0.0114634290934	38
Rhot1	mouse7	23	23	True	2	comparator	0.00655571778906	23
Rhot1	mouse70	21	21	True	9	comparator	0.000490737253284	21
Rhot1	mouse72	34	34	True	9	comparator	-0.00429485539317	34
Rhot1	mouse73	31	31	True	9	comparator	-0.0089484035064	31
Rhot1	mouse76	41	41	True	9	comparator	-0.0116108394564	41
Rhot1	mouse8	25	25	True	3	comparator	-0.0218079876627	25
Rhot1	mouse9	22	21	True	3	comparator	0.0116224341437	21
Rlf	mouse10	20	20	True	3	comparator	-0.00694295620699	20
Rlf	mouse11	42	42	True	3	comparator	-0.00761507813305	42
Rlf	mouse13	24	24	True	3	comparator	-0.00184267600803	24
Rlf	mouse18	27	27	True	4	comparator	-0.00126444752498	27
Rlf	mouse19	23	22	True	4	comparator	-0.00770302521203	22
Rlf	mouse20	36	36	True	4	comparator	0.023059997003	36
Rlf	mouse22	22	22	True	4	comparator	-0.0240460671487	22
Rlf	mouse23	40	40	True	4	comparator	0.00851895243491	40
Rlf	mouse34	25	25	True	5	comparator	0.0237976869592	25
Rlf	mouse35	28	28	True	5	comparator	-0.00117321535185	28
Rlf	mouse38	26	26	True	6	comparator	0.0250274008239	26
Rlf	mouse4	21	21	True	2	comparator	-0.0152143696518	21
Rlf	mouse54	26	25	True	7	comparator	-0.000214882229093	25
Rlf	mouse60	30	30	True	8	comparator	0.0127215466857	30
Rlf	mouse62	33	33	True	8	comparator	0.00501986371297	33
Rlf	mouse63	32	32	True	8	comparator	0.00374701702584	32
Rlf	mouse67	42	42	True	9	comparator	-0.00688937766854	42
Rlf	mouse68	48	48	True	9	comparator	0.00585254941208	48
Rlf	mouse69	25	25	True	9	comparator	0.0348848093838	25
Rlf	mouse7	23	23	True	2	comparator	-0.00374356661001	23
Rlf	mouse70	31	31	True	9	comparator	-0.0172661671423	31
Rlf	mouse72	49	49	True	9	comparator	-0.00531862287003	49
Rlf	mouse73	34	34	True	9	comparator	-0.0074326897158	34
Rlf	mouse76	31	31	True	9	comparator	0.00223983901351	31
Rlf	mouse9	31	30	True	3	comparator	-0.000894242615834	30
Sclt1	mouse10	23	22	True	3	comparator	-0.0406167464547	22
Sclt1	mouse11	21	21	True	3	comparator	0.0285029879009	21
Sclt1	mouse13	20	20	True	3	comparator	0.0186527998142	20
Sclt1	mouse20	27	27	True	4	comparator	0.0141685833748	27
Sclt1	mouse23	21	21	True	4	comparator	0.00837628090625	21
Sclt1	mouse38	22	21	True	6	comparator	0.0101591738099	21
Sclt1	mouse52	23	23	True	7	comparator	-0.0119895149792	23
Sclt1	mouse55	26	26	True	7	comparator	-0.0154865931508	26
Sclt1	mouse60	36	36	True	8	comparator	-0.03995587278	36
Sclt1	mouse62	38	38	True	8	comparator	0.00381270802079	38
Sclt1	mouse63	36	36	True	8	comparator	-0.00167066150692	36
Sclt1	mouse67	24	24	True	9	comparator	0.0123007802607	24
Sclt1	mouse68	34	34	True	9	comparator	0.00409236472342	34
Sclt1	mouse70	31	31	True	9	comparator	0.00677988611742	31
Sclt1	mouse72	43	43	True	9	comparator	0.00712051685824	43
Sclt1	mouse73	27	27	True	9	comparator	-0.0112998051911	27
Sclt1	mouse74	20	20	True	9	comparator	-0.00221367344865	20
Sclt1	mouse76	29	29	True	9	comparator	0.00577797071487	29
Sclt1	mouse9	24	24	True	3	comparator	-0.023284145502	24
Sipa1l3	mouse11	39	39	True	3	comparator	0.00339313694217	39
Sipa1l3	mouse12	25	25	True	3	comparator	0.0104469856559	25
Sipa1l3	mouse13	28	28	True	3	comparator	-0.00302200493661	28
Sipa1l3	mouse18	34	34	True	4	comparator	-0.0192011301755	34
Sipa1l3	mouse19	26	26	True	4	comparator	0.00209257575762	26
Sipa1l3	mouse20	41	41	True	4	comparator	-0.00726046419507	41
Sipa1l3	mouse21	37	36	True	4	comparator	0.0158422776976	36
Sipa1l3	mouse22	21	20	True	4	comparator	0.00816486553432	20
Sipa1l3	mouse23	31	31	True	4	comparator	0.00126175966685	31
Sipa1l3	mouse38	22	22	True	6	comparator	-0.00145390921564	22
Sipa1l3	mouse44	28	28	True	6	comparator	0.0204500328299	28
Sipa1l3	mouse45	37	37	True	6	comparator	-0.0122933014064	37
Sipa1l3	mouse52	24	24	True	7	comparator	-0.00887430045506	24
Sipa1l3	mouse54	26	26	True	7	comparator	0.021369771921	26
Sipa1l3	mouse55	23	23	True	7	comparator	0.0246762851218	23
Sipa1l3	mouse60	40	39	True	8	comparator	-0.01236297042	39
Sipa1l3	mouse62	53	53	True	8	comparator	-0.0224688326027	53
Sipa1l3	mouse63	45	45	True	8	comparator	-0.00659488048541	45
Sipa1l3	mouse67	33	33	True	9	comparator	0.0196205180317	33
Sipa1l3	mouse68	43	43	True	9	comparator	0.00235576518416	43
Sipa1l3	mouse7	26	26	True	2	comparator	-0.00931063463561	26
Sipa1l3	mouse70	31	31	True	9	comparator	-0.00771788700072	31
Sipa1l3	mouse72	51	51	True	9	comparator	-0.00346386879291	51
Sipa1l3	mouse73	42	42	True	9	comparator	-0.0219024569406	42
Sipa1l3	mouse74	23	23	True	9	comparator	0.0083945059986	23
Sipa1l3	mouse76	37	36	True	9	comparator	-0.0199606706619	36
Sipa1l3	mouse8	22	22	True	3	comparator	0.0235297421162	22
Sipa1l3	mouse9	38	38	True	3	comparator	-0.0389794493289	38
Stx1b	mouse10	26	26	True	3	comparator	0.00453737224579	26
Stx1b	mouse11	47	47	True	3	comparator	-0.0021758562491	47
Stx1b	mouse13	33	33	True	3	comparator	0.00450261821383	33
Stx1b	mouse14	20	20	True	3	comparator	-0.00074581121879	20
Stx1b	mouse15	35	34	True	3	comparator	-0.0035177840055	34
Stx1b	mouse16	27	26	True	3	comparator	0.0181764349333	26
Stx1b	mouse18	33	33	True	4	comparator	0.00252462943487	33
Stx1b	mouse19	40	40	True	4	comparator	-0.00215001301653	40
Stx1b	mouse20	50	50	True	4	comparator	-0.00244597496186	50
Stx1b	mouse21	29	29	True	4	comparator	0.0171610249	29
Stx1b	mouse22	34	34	True	4	comparator	0.00306666847324	34
Stx1b	mouse23	57	57	True	4	comparator	0.00482844127844	57
Stx1b	mouse26	20	20	True	4	comparator	-0.0261268127654	20
Stx1b	mouse31	31	31	True	5	comparator	0.0167173794459	31
Stx1b	mouse33	20	20	True	5	comparator	0.00145126275427	20
Stx1b	mouse34	32	31	True	5	comparator	-0.0022552110385	31
Stx1b	mouse35	28	28	True	5	comparator	0.00261612415315	28
Stx1b	mouse38	32	32	True	6	comparator	0.0203789381723	32
Stx1b	mouse4	27	27	True	2	comparator	0.0385365285816	27
Stx1b	mouse41	21	20	True	6	comparator	0.0255293226296	20
Stx1b	mouse45	28	28	True	6	comparator	-0.0229497859096	28
Stx1b	mouse52	33	32	True	7	comparator	0.0270830865045	32
Stx1b	mouse54	22	22	True	7	comparator	-0.0163685519745	22
Stx1b	mouse55	34	33	True	7	comparator	-0.00964219993079	33
Stx1b	mouse6	25	25	True	2	comparator	0.00311872709824	25
Stx1b	mouse60	43	43	True	8	comparator	0.00236094618212	43
Stx1b	mouse61	22	22	True	8	comparator	0.0327490041544	22
Stx1b	mouse62	39	39	True	8	comparator	0.011604019064	39
Stx1b	mouse63	44	44	True	8	comparator	-0.0033839963497	44
Stx1b	mouse67	53	53	True	9	comparator	0.0138577588706	53
Stx1b	mouse68	79	79	True	9	comparator	-0.0122621152348	79
Stx1b	mouse69	37	37	True	9	comparator	0.00582595210018	37
Stx1b	mouse7	28	28	True	2	comparator	-0.0204587506474	28
Stx1b	mouse70	39	39	True	9	comparator	-0.00400861465092	39
Stx1b	mouse72	62	62	True	9	comparator	0.000285546287402	62
Stx1b	mouse73	50	50	True	9	comparator	0.0193686078439	50
Stx1b	mouse74	31	31	True	9	comparator	0.0154553897752	31
Stx1b	mouse75	22	22	True	9	comparator	-0.00502799766925	22
Stx1b	mouse76	41	41	True	9	comparator	-0.00742840283224	41
Stx1b	mouse8	23	22	True	3	comparator	-0.0295327467247	22
Stx1b	mouse9	36	36	True	3	comparator	0.00269260188787	36
Tfrc	mouse11	30	30	True	3	comparator	-0.00886823615555	30
Tfrc	mouse18	37	37	True	4	comparator	0.0186539934536	37
Tfrc	mouse20	21	21	True	4	comparator	0.00408934414184	21
Tfrc	mouse21	25	25	True	4	comparator	0.00887288263906	25
Tfrc	mouse22	24	24	True	4	comparator	0.000784108745886	24
Tfrc	mouse23	27	27	True	4	comparator	-0.00655591301729	27
Tfrc	mouse34	20	20	True	5	comparator	0.0351333971559	20
Tfrc	mouse38	28	28	True	6	comparator	0.0137225735206	28
Tfrc	mouse4	28	27	True	2	comparator	-0.00640665600803	27
Tfrc	mouse44	30	30	True	6	comparator	-0.00507108874093	30
Tfrc	mouse45	21	21	True	6	comparator	0.0395788794826	21
Tfrc	mouse52	25	25	True	7	comparator	0.00936314008242	25
Tfrc	mouse54	29	28	True	7	comparator	-0.0129443963655	28
Tfrc	mouse60	33	33	True	8	comparator	0.0387452282752	33
Tfrc	mouse62	37	37	True	8	comparator	-0.000208477097722	37
Tfrc	mouse63	32	32	True	8	comparator	-0.0174498049339	32
Tfrc	mouse67	31	31	True	9	comparator	0.00943642757392	31
Tfrc	mouse68	40	40	True	9	comparator	-0.00402340749025	40
Tfrc	mouse69	31	30	True	9	comparator	-0.000350999683339	30
Tfrc	mouse70	33	33	True	9	comparator	0.0121701424653	33
Tfrc	mouse72	38	38	True	9	comparator	-0.0051525164277	38
Tfrc	mouse73	35	34	True	9	comparator	0.00359989844256	34
Tfrc	mouse74	21	21	True	9	comparator	-0.00124030528405	21
Tfrc	mouse75	22	22	True	9	comparator	0.00373196461159	22
Tfrc	mouse76	45	45	True	9	comparator	-0.0113967970796	45
Tfrc	mouse8	22	22	True	3	comparator	0.00738736683189	22
Tfrc	mouse9	28	28	True	3	comparator	0.0115333689395	28
Uqcrc2	mouse10	21	21	True	3	comparator	0.00112741536581	21
Uqcrc2	mouse11	30	29	True	3	comparator	-0.0123439509057	29
Uqcrc2	mouse13	31	30	True	3	comparator	0.0176331942522	30
Uqcrc2	mouse14	23	23	True	3	comparator	0.025848880072	23
Uqcrc2	mouse16	25	25	True	3	comparator	-0.00528284444848	25
Uqcrc2	mouse18	23	22	True	4	comparator	0.0070976051993	22
Uqcrc2	mouse19	22	22	True	4	comparator	0.0411714362496	22
Uqcrc2	mouse20	27	26	True	4	comparator	0.0289110730269	26
Uqcrc2	mouse21	25	25	True	4	comparator	0.0205833008442	25
Uqcrc2	mouse22	34	34	True	4	comparator	-0.00239071574508	34
Uqcrc2	mouse23	33	33	True	4	comparator	0.0202136866015	33
Uqcrc2	mouse35	23	23	True	5	comparator	0.0128621035145	23
Uqcrc2	mouse38	21	21	True	6	comparator	0.00264790267086	21
Uqcrc2	mouse52	25	25	True	7	comparator	-0.00259869686442	25
Uqcrc2	mouse54	23	23	True	7	comparator	0.0383659777268	23
Uqcrc2	mouse55	32	32	True	7	comparator	-0.0241369608811	32
Uqcrc2	mouse60	35	35	True	8	comparator	0.00306050949812	35
Uqcrc2	mouse62	42	42	True	8	comparator	-0.0186808466112	42
Uqcrc2	mouse63	51	50	True	8	comparator	-0.000324151866178	50
Uqcrc2	mouse67	38	38	True	9	comparator	0.00957360356785	38
Uqcrc2	mouse68	66	66	True	9	comparator	0.0163088029402	66
Uqcrc2	mouse69	24	23	True	9	comparator	-0.0100064831881	23
Uqcrc2	mouse70	23	23	True	9	comparator	-0.00616673979782	23
Uqcrc2	mouse72	50	50	True	9	comparator	-0.00726451823628	50
Uqcrc2	mouse73	38	38	True	9	comparator	0.00836328667282	38
Uqcrc2	mouse74	21	21	True	9	comparator	-0.0107168572719	21
Uqcrc2	mouse76	43	43	True	9	comparator	-0.0016500947734	43
Uqcrc2	mouse9	30	30	True	3	comparator	-0.00162797631672	30
Wnk1	mouse11	25	25	True	3	comparator	-0.00886587016861	25
Wnk1	mouse12	20	20	True	3	comparator	-0.0139336023511	20
Wnk1	mouse13	23	23	True	3	comparator	-0.0192377487621	23
Wnk1	mouse18	26	26	True	4	comparator	0.0119512494301	26
Wnk1	mouse19	22	22	True	4	comparator	0.0176880803686	22
Wnk1	mouse20	24	24	True	4	comparator	-0.028417197016	24
Wnk1	mouse23	45	45	True	4	comparator	-0.00329771797386	45
Wnk1	mouse34	26	26	True	5	comparator	-0.00681107043992	26
Wnk1	mouse4	33	33	True	2	comparator	-0.00889086636862	33
Wnk1	mouse44	21	21	True	6	comparator	0.00912221870822	21
Wnk1	mouse52	41	41	True	7	comparator	-0.0338024739322	41
Wnk1	mouse54	23	23	True	7	comparator	-0.0190866405221	23
Wnk1	mouse55	28	28	True	7	comparator	0.00208205648277	28
Wnk1	mouse60	31	31	True	8	comparator	0.00596979616931	31
Wnk1	mouse62	35	35	True	8	comparator	0.00502409766568	35
Wnk1	mouse63	37	37	True	8	comparator	-0.00204054220466	37
Wnk1	mouse67	34	34	True	9	comparator	-0.0156409235978	34
Wnk1	mouse68	39	39	True	9	comparator	-0.00227160508263	39
Wnk1	mouse69	30	30	True	9	comparator	-0.0239632256759	30
Wnk1	mouse7	24	24	True	2	comparator	-0.013807298132	24
Wnk1	mouse70	29	29	True	9	comparator	-0.0211476082601	29
Wnk1	mouse72	47	47	True	9	comparator	-0.0171534591521	47
Wnk1	mouse73	37	37	True	9	comparator	-0.0116081182332	37
Wnk1	mouse74	27	27	True	9	comparator	-0.0181248558692	27
Wnk1	mouse75	20	20	True	9	comparator	-0.00416536279266	20
Wnk1	mouse76	43	43	True	9	comparator	0.00688426663465	43
Wnk1	mouse9	44	43	True	3	comparator	0.00883570647898	43
