contrast	gene	logFC	t	p_value	residual_variance	residual_df	FDR
SN_MPTP10_vs_control	SNX3	-0.10467465966666664	-0.8811829021262444	0.395525583890792	0.021166168565818964	12.0	0.986510994408949
SN_MPTP10_vs_control	VPS26B	-0.04783741666666665	-0.24480575255035605	0.8107429160571823	0.05727742149784637	12.0	0.9952775453850997
SN_MPTP10_vs_control	VPS26A	0.215360957	1.0812491324559412	0.3008370935262937	0.05950776782087444	12.0	0.9748656798092349
SN_MPTP10_vs_control	VPS29	-0.07569885166666666	-0.6986122525241502	0.49811063228953567	0.017611544541804938	12.0	0.9903039739578321
SN_MPTP10_vs_control	SNX2	-0.23203500266666668	-1.6660919641847298	0.12156325367773592	0.029093791799682345	12.0	0.9359769924596566
SN_MPTP10_vs_control	HSPA8	-0.01958370299999999	-0.16727350013697603	0.86994061991567	0.02056016513230528	12.0	0.9957366358168329
SN_MPTP10_vs_control	SNX1	-0.12240044233333332	-0.5744779530364879	0.5762556542789516	0.06809425944420495	12.0	0.9952775453850997
SN_MPTP10_vs_control	MFN2	0.03164879433333332	0.22853774609315375	0.8230764080781163	0.028766678489431912	12.0	0.9952775453850997
SN_MPTP10_vs_control	CLTC	0.13177160316666664	0.7159076524845807	0.487746210083253	0.05081839084247649	12.0	0.9896390342393985
SN_MPTP10_vs_control	SNCAIP	0.19872781533333334	0.9531522935501388	0.35931869286365997	0.06520546270793526	12.0	0.986510994408949
SN_MPTP10_vs_control	EPS15	-0.001384181833333338	-0.006367162523119156	0.9950244006458502	0.07089011456958459	12.0	0.999818181849656
SN_MPTP10_vs_control	UBC	0.05350041249999999	0.4777287088476514	0.6414274169475431	0.018812340838793493	12.0	0.9952775453850997
SN_MPTP10_vs_control	UBB						
SN_MPTP10_vs_control	TOMM20	0.08811839300000002	0.736131401419189	0.4757950501315139	0.021493824965502163	12.0	0.9885863175729833
SN_MPTP10_vs_control	UBA52	0.018704095000000004	0.11142811821482101	0.9131189607663889	0.0422644348262086	12.0	0.9973359263680464
SN_MPTP10_vs_control	MFN1	-0.05915864166666665	-0.9092542602919326	0.38111551191963017	0.006349754830991897	12.0	0.986510994408949
SN_MPTP10_vs_control	ITSN1	0.06013719000000001	0.556602631013675	0.5880289733075768	0.0175100348987432	12.0	0.9952775453850997
SN_MPTP10_vs_control	RHOT1	-0.23646958433333332	-1.2949464395269132	0.21969949590884635	0.050019370669532597	12.0	0.966666221910366
SN_MPTP10_vs_control	CLTCL1						
SN_MPTP10_vs_control	SH3GL2	0.016059873999999995	0.0998652872336793	0.9221002744191097	0.038792379109838265	12.0	0.9982711302021922
SN_MPTP10_vs_control	WLS	-0.015368677333333344	-0.06336815369981624	0.9505166665219751	0.08823119005769627	12.0	0.9989524617144023
interaction10_SNminusVTA	SNX3	-0.07100168999999999	-0.4226473910530459	0.6800271841013235	0.021166168565818964	12.0	0.999775913956537
interaction10_SNminusVTA	VPS26B	0.158988794	0.5753146290296954	0.5757076773662505	0.05727742149784637	12.0	0.999775913956537
interaction10_SNminusVTA	VPS26A	0.27536042066666666	0.9775642666221988	0.34758659478593906	0.05950776782087444	12.0	0.999775913956537
interaction10_SNminusVTA	VPS29	-0.06476891099999998	-0.42266715831605683	0.6800131515924926	0.017611544541804938	12.0	0.999775913956537
interaction10_SNminusVTA	SNX2	-0.20445251333333336	-1.0380611128226633	0.3197068527326329	0.029093791799682345	12.0	0.999775913956537
interaction10_SNminusVTA	HSPA8	0.09522326516666667	0.5751225572149139	0.5758334493000414	0.02056016513230528	12.0	0.999775913956537
interaction10_SNminusVTA	SNX1	-0.31090132466666665	-1.0318057733954693	0.32251103121774466	0.06809425944420495	12.0	0.999775913956537
interaction10_SNminusVTA	MFN2	-0.020752153166666704	-0.10596170459414726	0.9173634616715803	0.028766678489431912	12.0	0.999775913956537
interaction10_SNminusVTA	CLTC	0.20107630749999994	0.7724690334496995	0.4547823570065704	0.05081839084247649	12.0	0.999775913956537
interaction10_SNminusVTA	SNCAIP	0.27770941233333335	0.9418445749804594	0.3648472832684773	0.06520546270793526	12.0	0.999775913956537
interaction10_SNminusVTA	EPS15	-0.03140123566666663	-0.10213733710338642	0.9203345551727212	0.07089011456958459	12.0	0.999775913956537
interaction10_SNminusVTA	UBC	-0.05016589216666667	-0.3167508235158783	0.7568753060648701	0.018812340838793493	12.0	0.999775913956537
interaction10_SNminusVTA	UBB						
interaction10_SNminusVTA	TOMM20	0.31247973183333333	1.84584670650472	0.08971762048400415	0.021493824965502163	12.0	0.999775913956537
interaction10_SNminusVTA	UBA52	-0.012679102333333324	-0.0534111102688787	0.9582832354676942	0.0422644348262086	12.0	0.999775913956537
interaction10_SNminusVTA	MFN1	0.07215786333333335	0.7842162151996239	0.4481173260163307	0.006349754830991897	12.0	0.999775913956537
interaction10_SNminusVTA	ITSN1	0.10863446933333333	0.7109757255183292	0.49068826360126966	0.0175100348987432	12.0	0.999775913956537
interaction10_SNminusVTA	RHOT1	-0.20505317099999995	-0.7940137254889329	0.44260663869132794	0.050019370669532597	12.0	0.999775913956537
interaction10_SNminusVTA	CLTCL1						
interaction10_SNminusVTA	SH3GL2	0.12776756	0.5617952010575418	0.5845960384099322	0.038792379109838265	12.0	0.999775913956537
interaction10_SNminusVTA	WLS	0.11016327399999996	0.32118584533032346	0.7535946162678684	0.08823119005769627	12.0	0.999775913956537
VTA_MPTP10_vs_control	SNX3	-0.03367296966666666	-0.28346922959742193	0.7816483485059358	0.021166168565818964	12.0	0.9984707623241584
VTA_MPTP10_vs_control	VPS26B	-0.20682621066666665	-1.0584235035557972	0.31070350465245494	0.05727742149784637	12.0	0.979108763433179
VTA_MPTP10_vs_control	VPS26A	-0.059999463666666655	-0.30123551149248046	0.7683909355808907	0.05950776782087444	12.0	0.9963873863111
VTA_MPTP10_vs_control	VPS29	-0.01092994066666668	-0.10087062486388647	0.921318924111545	0.017611544541804938	12.0	0.9989344794601835
VTA_MPTP10_vs_control	SNX2	-0.027582489333333328	-0.19805185985881177	0.8463199489891196	0.029093791799682345	12.0	0.9989344794601835
VTA_MPTP10_vs_control	HSPA8	-0.11480696816666666	-0.9806196205770036	0.34613778903103876	0.02056016513230528	12.0	0.981383693701041
VTA_MPTP10_vs_control	SNX1	0.18850088233333334	0.8847157654342453	0.3936918113271741	0.06809425944420495	12.0	0.9867699930142353
VTA_MPTP10_vs_control	MFN2	0.052400947500000024	0.3783902258223683	0.7117498221599674	0.028766678489431912	12.0	0.9963873863111
VTA_MPTP10_vs_control	CLTC	-0.06930470433333331	-0.3765285311332204	0.7130972083687872	0.05081839084247649	12.0	0.9963873863111
VTA_MPTP10_vs_control	SNCAIP	-0.07898159699999999	-0.3788170780347501	0.7114410343810722	0.06520546270793526	12.0	0.9963873863111
VTA_MPTP10_vs_control	EPS15	0.0300170538333333	0.13807684483316268	0.8924695948807879	0.07089011456958459	12.0	0.9989344794601835
VTA_MPTP10_vs_control	UBC	0.10366630466666667	0.9256820193566533	0.37285319018089935	0.018812340838793493	12.0	0.983554857660716
VTA_MPTP10_vs_control	UBB						
VTA_MPTP10_vs_control	TOMM20	-0.22436133883333334	-1.874290044981496	0.08543454982636489	0.021493824965502163	12.0	0.9351939288079287
VTA_MPTP10_vs_control	UBA52	0.03138319733333333	0.18696283473847417	0.8548134994670522	0.0422644348262086	12.0	0.9989344794601835
VTA_MPTP10_vs_control	MFN1	-0.131316505	-2.0183034676601386	0.06648290376466018	0.006349754830991897	12.0	0.9222769158622954
VTA_MPTP10_vs_control	ITSN1	-0.04849727933333334	-0.4488688825323973	0.6615246813588336	0.0175100348987432	12.0	0.9954582854806795
VTA_MPTP10_vs_control	RHOT1	-0.03141641333333335	-0.1720414602300764	0.8662722612855261	0.050019370669532597	12.0	0.9989344794601835
VTA_MPTP10_vs_control	CLTCL1						
VTA_MPTP10_vs_control	SH3GL2	-0.111707686	-0.6946331053780159	0.5005137832042522	0.038792379109838265	12.0	0.9912774745948572
VTA_MPTP10_vs_control	WLS	-0.1255319513333333	-0.5175935322082269	0.6141500456969887	0.08823119005769627	12.0	0.994142975000979
SN_MPTP2_vs_control	SNX3	-0.13806279633333332	-1.1622543214956649	0.26772656166884895	0.021166168565818964	12.0	0.8922270328395675
SN_MPTP2_vs_control	VPS26B	0.05211591799999999	0.26670078392282154	0.794227320314144	0.05727742149784637	12.0	0.9839273683258678
SN_MPTP2_vs_control	VPS26A	-0.022614797000000013	-0.1135406806207554	0.9114793634122464	0.05950776782087444	12.0	0.9934444970812705
SN_MPTP2_vs_control	VPS29	0.06862393933333334	0.6333190501468501	0.5384085208716779	0.017611544541804938	12.0	0.9504867025811558
SN_MPTP2_vs_control	SNX2	-0.22980594833333334	-1.6500865793513348	0.12483551284969183	0.029093791799682345	12.0	0.8259959400933382
SN_MPTP2_vs_control	HSPA8	0.030922252333333337	0.26412131453971927	0.7961678046300411	0.02056016513230528	12.0	0.984709672952752
SN_MPTP2_vs_control	SNX1	-0.0022432019999999928	-0.010528312387122868	0.9917727874587049	0.06809425944420495	12.0	0.9989387058905476
SN_MPTP2_vs_control	MFN2	0.021787444333333336	0.1573283761974395	0.8776022485001818	0.028766678489431912	12.0	0.9931012201582919
SN_MPTP2_vs_control	CLTC	-0.017259201666666668	-0.09376826457300709	0.9268406805435969	0.05081839084247649	12.0	0.9947225430457239
SN_MPTP2_vs_control	SNCAIP	-0.059403056499999975	-0.28491310817206145	0.7805681647707539	0.06520546270793526	12.0	0.9817696587604767
SN_MPTP2_vs_control	EPS15	-0.0014938904999999975	-0.006871816531746868	0.9946300468178763	0.07089011456958459	12.0	0.9991724014170136
SN_MPTP2_vs_control	UBC	-0.014051120666666674	-0.125468635105369	0.9022300756267305	0.018812340838793493	12.0	0.9934444970812705
SN_MPTP2_vs_control	UBB						
SN_MPTP2_vs_control	TOMM20	0.09523105483333336	0.7955497991558845	0.4417466436119242	0.021493824965502163	12.0	0.9375892938856744
SN_MPTP2_vs_control	UBA52	0.06476433833333332	0.3858282556793755	0.7063767861783009	0.0422644348262086	12.0	0.9789256330317966
SN_MPTP2_vs_control	MFN1	0.19289016666666667	2.964676011297098	0.011817522652857522	0.006349754830991897	12.0	0.7057021425191687
SN_MPTP2_vs_control	ITSN1	-0.05188123599999999	-0.48018925489936237	0.6397273019844467	0.0175100348987432	12.0	0.9711225979026872
SN_MPTP2_vs_control	RHOT1	-0.14063056000000002	-0.7701161376592542	0.45612487291532805	0.050019370669532597	12.0	0.9410164818076894
SN_MPTP2_vs_control	CLTCL1						
SN_MPTP2_vs_control	SH3GL2	0.027538934	0.17124564950007315	0.8668843160870626	0.038792379109838265	12.0	0.9916465818463034
SN_MPTP2_vs_control	WLS	-0.006930330500000012	-0.02857514923304557	0.977673166679507	0.08823119005769627	12.0	0.9982737031190186
interaction2_SNminusVTA	SNX3	-0.024175962333333356	-0.1439107633407043	0.8879594574856807	0.021166168565818964	12.0	0.9998801947648106
interaction2_SNminusVTA	VPS26B	-0.060412407333333334	-0.21860749326627082	0.8306295391588979	0.05727742149784637	12.0	0.9998801947648106
interaction2_SNminusVTA	VPS26A	0.10034147766666666	0.3562249171087096	0.7278565688120207	0.05950776782087444	12.0	0.9998801947648106
interaction2_SNminusVTA	VPS29	-0.027433911333333318	-0.17902745569945835	0.8609032918165309	0.017611544541804938	12.0	0.9998801947648106
interaction2_SNminusVTA	SNX2	-0.2911090853333333	-1.4780401382556132	0.16515827165857852	0.029093791799682345	12.0	0.9998801947648106
interaction2_SNminusVTA	HSPA8	0.011167680833333332	0.06744974715774577	0.9473344787732848	0.02056016513230528	12.0	0.9998801947648106
interaction2_SNminusVTA	SNX1	-0.029771008666666654	-0.09880272673333719	0.9229261907373355	0.06809425944420495	12.0	0.9998801947648106
interaction2_SNminusVTA	MFN2	-0.091990829	-0.4697105389297972	0.6469822836361545	0.028766678489431912	12.0	0.9998801947648106
interaction2_SNminusVTA	CLTC	0.15413625583333332	0.5921407949224979	0.5647467984057205	0.05081839084247649	12.0	0.9998801947648106
interaction2_SNminusVTA	SNCAIP	0.18844604950000002	0.6391100967980063	0.5347608885137691	0.06520546270793526	12.0	0.9998801947648106
interaction2_SNminusVTA	EPS15	0.08911065416666665	0.2898460755092407	0.7768813696657297	0.07089011456958459	12.0	0.9998801947648106
interaction2_SNminusVTA	UBC	0.07462231233333333	0.47117030841819835	0.645969308963052	0.018812340838793493	12.0	0.9998801947648106
interaction2_SNminusVTA	UBB						
interaction2_SNminusVTA	TOMM20	0.19930720283333336	1.1773260997574	0.261889031390701	0.021493824965502163	12.0	0.9998801947648106
interaction2_SNminusVTA	UBA52	0.049885750333333326	0.2101452643768462	0.8370800726639974	0.0422644348262086	12.0	0.9998801947648106
interaction2_SNminusVTA	MFN1	0.24405129766666667	2.6523649139469176	0.02108673784175974	0.006349754830991897	12.0	0.9998801947648106
interaction2_SNminusVTA	ITSN1	0.014221029666666676	0.09307181180083908	0.9273823595682077	0.0175100348987432	12.0	0.9998801947648106
interaction2_SNminusVTA	RHOT1	-0.061057806666666686	-0.23643007472234132	0.8170864934182533	0.050019370669532597	12.0	0.9998801947648106
interaction2_SNminusVTA	CLTCL1						
interaction2_SNminusVTA	SH3GL2	-0.03048451799999999	-0.13404072143940327	0.8955921873771168	0.038792379109838265	12.0	0.9998801947648106
interaction2_SNminusVTA	WLS	0.42216425616666664	1.230838359843391	0.24196353659852335	0.08823119005769627	12.0	0.9998801947648106
VTA_MPTP2_vs_control	SNX3	-0.11388683399999998	-0.9587337682077761	0.35661179135596244	0.021166168565818964	12.0	0.8842282727652702
VTA_MPTP2_vs_control	VPS26B	0.11252832533333332	0.5758584657363668	0.5753516432007673	0.05727742149784637	12.0	0.9414333188236189
VTA_MPTP2_vs_control	VPS26A	-0.12295627466666667	-0.617318789651124	0.5485595133935713	0.05950776782087444	12.0	0.9379177599037853
VTA_MPTP2_vs_control	VPS29	0.09605785066666665	0.8865021060341726	0.39276680626542515	0.017611544541804938	12.0	0.8960615429145579
VTA_MPTP2_vs_control	SNX2	0.061303137	0.4401778299015581	0.6676322487911585	0.029093791799682345	12.0	0.9620249152522955
VTA_MPTP2_vs_control	HSPA8	0.019754571500000005	0.1687329673305991	0.868817399496153	0.02056016513230528	12.0	0.988657411081116
VTA_MPTP2_vs_control	SNX1	0.027527806666666668	0.12919984375860538	0.8993397933472546	0.06809425944420495	12.0	0.9920620918004232
VTA_MPTP2_vs_control	MFN2	0.11377827333333335	0.8215993907415344	0.4273273449703828	0.028766678489431912	12.0	0.905972144930103
VTA_MPTP2_vs_control	CLTC	-0.1713954575	-0.9311818075867891	0.37011524628701525	0.05081839084247649	12.0	0.8901742392998424
VTA_MPTP2_vs_control	SNCAIP	-0.24784910599999999	-1.1887512749133835	0.25753038045527854	0.06520546270793526	12.0	0.8475213541769793
VTA_MPTP2_vs_control	EPS15	-0.09060454466666665	-0.4167760675175312	0.6842006749392093	0.07089011456958459	12.0	0.9655212792544345
VTA_MPTP2_vs_control	UBC	-0.088673433	-0.7918040754578991	0.44384564067999127	0.018812340838793493	12.0	0.9107496403957294
VTA_MPTP2_vs_control	UBB						
VTA_MPTP2_vs_control	TOMM20	-0.104076148	-0.8694407384568499	0.40166227687840067	0.021493824965502163	12.0	0.8965851864921415
VTA_MPTP2_vs_control	UBA52	0.014878587999999998	0.08863797272915995	0.9308317394063953	0.0422644348262086	12.0	0.9940193653518502
VTA_MPTP2_vs_control	MFN1	-0.05116113100000001	-0.7863344223691807	0.4469222069979679	0.006349754830991897	12.0	0.9116095608118527
VTA_MPTP2_vs_control	ITSN1	-0.06610226566666666	-0.6118126734227451	0.5520772892251379	0.0175100348987432	12.0	0.9382547345229648
VTA_MPTP2_vs_control	RHOT1	-0.07957275333333332	-0.4357535194340348	0.6707510086321266	0.050019370669532597	12.0	0.9623013064361304
VTA_MPTP2_vs_control	CLTCL1						
VTA_MPTP2_vs_control	SH3GL2	0.058023451999999996	0.3608078556699514	0.7245148460007398	0.038792379109838265	12.0	0.9710540106018601
VTA_MPTP2_vs_control	WLS	-0.4290945866666666	-1.7692434508126247	0.10223715285076651	0.08823119005769627	12.0	0.7709260287696348
baseline_SN_minus_VTA	SNX3	0.18663597066666665	1.5711579745940547	0.14212686906455033	0.021166168565818964	12.0	0.9984998157232244
baseline_SN_minus_VTA	VPS26B	-0.029996872333333334	-0.15350759755460505	0.880549232146071	0.05727742149784637	12.0	0.9984998157232244
baseline_SN_minus_VTA	VPS26A	0.0008211160000000141	0.0041225251550387	0.9967784518415431	0.05950776782087444	12.0	0.9996652553885711
baseline_SN_minus_VTA	VPS29	0.12683157133333334	1.1705077129905044	0.26451750128348916	0.017611544541804938	12.0	0.9984998157232244
baseline_SN_minus_VTA	SNX2	0.250213942	1.7966230667881538	0.09759221252648137	0.029093791799682345	12.0	0.9984998157232244
baseline_SN_minus_VTA	HSPA8	-0.022704280166666663	-0.1939277986174964	0.8494764484246623	0.02056016513230528	12.0	0.9984998157232244
baseline_SN_minus_VTA	SNX1	0.15989542	0.7504580198440529	0.46743941331496286	0.06809425944420495	12.0	0.9984998157232244
baseline_SN_minus_VTA	MFN2	-0.04564619099999997	-0.32961374449232883	0.7473741729807909	0.028766678489431912	12.0	0.9984998157232244
baseline_SN_minus_VTA	CLTC	-0.160634077	-0.8727158371796141	0.39994418561014505	0.05081839084247649	12.0	0.9984998157232244
baseline_SN_minus_VTA	SNCAIP	-0.145299879	-0.6968974760232154	0.49914539733833446	0.06520546270793526	12.0	0.9984998157232244
baseline_SN_minus_VTA	EPS15	0.14100638999999998	0.6486218647778722	0.5288003334008422	0.07089011456958459	12.0	0.9984998157232244
baseline_SN_minus_VTA	UBC	-0.08335272483333332	-0.7442931325727985	0.4710236307866595	0.018812340838793493	12.0	0.9984998157232244
baseline_SN_minus_VTA	UBB						
baseline_SN_minus_VTA	TOMM20	-0.10499159300000002	-0.8770882656963923	0.39765822999154526	0.021493824965502163	12.0	0.9984998157232244
baseline_SN_minus_VTA	UBA52	0.07997544666666666	0.47644719113415773	0.6423137244063714	0.0422644348262086	12.0	0.9984998157232244
baseline_SN_minus_VTA	MFN1	-0.17031987666666668	-2.6177760189991384	0.022476941581315756	0.006349754830991897	12.0	0.9984998157232244
baseline_SN_minus_VTA	ITSN1	-0.029687720000000008	-0.2747761087739102	0.7881617616770964	0.0175100348987432	12.0	0.9984998157232244
baseline_SN_minus_VTA	RHOT1	0.27003320166666667	1.4787463429520284	0.16497228063814365	0.050019370669532597	12.0	0.9984998157232244
baseline_SN_minus_VTA	CLTCL1						
baseline_SN_minus_VTA	SH3GL2	0.037346523333333326	0.23223228774164975	0.8202709456818977	0.038792379109838265	12.0	0.9984998157232244
baseline_SN_minus_VTA	WLS	0.055795906666666686	0.2300577670275725	0.8219218634658418	0.08823119005769627	12.0	0.9984998157232244
