contrast	gene	mean_expression	logFC	t	p_value	FDR	residual_df
exposure_corrected	SNX3	12.853573999533559	-0.012246961278416995	-0.04840491277800903	0.9625801737626889	1.0	8
exposure_corrected	VPS26B	9.325524557604398	0.003330008190795633	0.015768565203155907	0.9878051910847769	1.0	8
exposure_corrected	VPS26A	10.524361341339903	-0.29611872813958734	-1.3505403389930286	0.2138008030242057	0.9490663375554828	8
exposure_corrected	VPS29	11.092100203784375	-0.2571597899988967	-1.1724083474509894	0.2747602335430396	0.9490663375554828	8
exposure_corrected	SNX2	9.89804274049172	-0.011861070969145215	-0.05498585195492654	0.9574981425199114	1.0	8
exposure_corrected	HSPA8	13.719085219295621	0.0023197643981421228	0.01539657852661532	0.9880928455589955	1.0	8
exposure_corrected	SNX1	6.697296667977985	-0.2162915128913384	-0.7788178020118612	0.45850232020292586	0.9530640193670189	8
exposure_corrected	MFN2	9.193148604373816	-0.1355780493692933	-0.5584952335939612	0.5917902074065524	0.9706240758615212	8
exposure_corrected	CLTC	6.768943235823337	0.26442436522183216	0.7833829940401341	0.45596587172087866	0.9530640193670189	8
exposure_corrected	SNCAIP	8.872434353599237	-0.2302996890152961	-0.7766707363981128	0.4596985103699016	0.9530816645558071	8
exposure_corrected	EPS15	9.544771001676366	-0.5644588049199398	-2.4639833668629323	0.0390752984303094	0.9379974360467417	8
exposure_corrected	UBC	15.767957203834387	-0.09354073316978824	-1.3755948071360444	0.20622961658536615	0.9490663375554828	8
exposure_corrected	UBB	14.858407190023891	0.14649896528586662	1.172568540399664	0.27469954074998326	0.9490663375554828	8
exposure_corrected	TOMM20	14.022333687189773	-0.13376494433419264	-0.68802018941641	0.5108929436672165	0.9603905325995662	8
exposure_corrected	UBA52	15.598066086950743	-0.06070430750232257	-0.42715709380802164	0.6805290393591024	0.9812709830306632	8
exposure_corrected	MFN1	6.308986851372352	-0.418880441431784	-1.571403744220439	0.15473154638599582	0.9490663375554828	8
exposure_corrected	ITSN1	9.595417039373078	-0.1124276128983574	-0.4606052700336495	0.6573439047829506	0.9789274701772015	8
exposure_corrected	RHOT1	10.814424673367549	-0.2383655059854368	-1.0311182235050627	0.33264788097206877	0.9501706324426837	8
exposure_corrected	CLTCL1	5.844674575157764	0.09175032324242176	0.15939042421226438	0.877311902916911	1.0	8
exposure_corrected	SH3GL2	10.33739847433059	-0.18790918058723396	-0.6655891247357312	0.5243960753630478	0.9630909688436716	8
exposure_corrected	WLS	9.564290466215473	-0.10110012824223732	-0.5544682239944637	0.5944154113008064	0.9706240758615212	8
exposure_A53T	SNX3	12.853573999533559	0.07054330836909806	0.2788155046016241	0.7874580650696404	1.0	8
exposure_A53T	VPS26B	9.325524557604398	-0.1957251702410863	-0.9268160713166155	0.38113252407463805	0.9250595555651541	8
exposure_A53T	VPS26A	10.524361341339903	-0.26168526021646177	-1.1934959408431007	0.26686446542706316	0.9160099795130878	8
exposure_A53T	VPS29	11.092100203784375	0.03225989946148944	0.1470749972876481	0.8867117751995338	1.0	8
exposure_A53T	SNX2	9.89804274049172	0.38605116467241085	1.7896657260481708	0.11129632126058171	0.8989621899571061	8
exposure_A53T	HSPA8	13.719085219295621	0.10759199731257667	0.714102103120983	0.4954682725047407	0.9531797839755696	8
exposure_A53T	SNX1	6.697296667977985	-0.17105049626867613	-0.6159149277574044	0.555065377593519	0.9617877788896242	8
exposure_A53T	MFN2	9.193148604373816	-0.2844825014178581	-1.171886760591983	0.2749579245891448	0.9181871017443477	8
exposure_A53T	CLTC	6.768943235823337	0.2322242354402941	0.687986966311826	0.5109127817781983	0.9552727555850394	8
exposure_A53T	SNCAIP	8.872434353599237	-0.5450025935325917	-1.8379858325806309	0.10336412109311373	0.8989621899571061	8
exposure_A53T	EPS15	9.544771001676366	-0.3984154299512256	-1.7391685344346814	0.12019616909520596	0.8989621899571061	8
exposure_A53T	UBC	15.767957203834387	-0.03847089959756553	-0.565746792001364	0.5870790426869932	0.970342446081127	8
exposure_A53T	UBB	14.858407190023891	0.05183404823537176	0.4148764748184829	0.6891348545086029	0.9837937035100714	8
exposure_A53T	TOMM20	14.022333687189773	-0.0565974098734541	-0.29110886155886734	0.7783728834974273	1.0	8
exposure_A53T	UBA52	15.598066086950743	0.1573419343359565	1.1071656389871227	0.30039874623055907	0.919739566793135	8
exposure_A53T	MFN1	6.308986851372352	-0.48470998188297865	-1.818359142738764	0.1065193225082352	0.8989621899571061	8
exposure_A53T	ITSN1	9.595417039373078	-0.44287192606141473	-1.8144042894360939	0.1071660434111444	0.8989621899571061	8
exposure_A53T	RHOT1	10.814424673367549	-0.2480501112435541	-1.0730117555738672	0.3145632054489522	0.921688810176938	8
exposure_A53T	CLTCL1	5.844674575157764	0.23243951908652077	0.4037983981048846	0.6969395446784968	0.9854204448628844	8
exposure_A53T	SH3GL2	10.33739847433059	-0.0023829144273999348	-0.008440470673634666	0.9934722437043837	1.0	8
exposure_A53T	WLS	9.564290466215473	-0.23427184548471214	-1.2848281832697623	0.2348023864040485	0.9160099795130878	8
genotype_by_exposure	SNX3	12.853573999533559	0.08279026964751506	0.23137977607183097	0.8228280098635924	0.9996574288742358	8
genotype_by_exposure	VPS26B	9.325524557604398	-0.19905517843188192	-0.6665079883253874	0.5238386588520374	0.9996574288742358	8
genotype_by_exposure	VPS26A	10.524361341339903	0.0344334679231256	0.11104715887917416	0.9143144168837223	0.9996574288742358	8
genotype_by_exposure	VPS29	11.092100203784375	0.28941968946038615	0.9330156207273975	0.3781113871510423	0.9996574288742358	8
genotype_by_exposure	SNX2	9.89804274049172	0.3979122356415561	1.3043656397324557	0.22838210172864	0.9996574288742358	8
genotype_by_exposure	HSPA8	13.719085219295621	0.10527223291443455	0.49405941449318147	0.6345428573129879	0.9996574288742358	8
genotype_by_exposure	SNX1	6.697296667977985	0.045241016622662285	0.11518972706010583	0.9111335243414685	0.9996574288742358	8
genotype_by_exposure	MFN2	9.193148604373816	-0.14890445204856478	-0.43373330826267237	0.6759409521262153	0.9996574288742358	8
genotype_by_exposure	CLTC	6.768943235823337	-0.03220012978153806	-0.06745517810494658	0.9478747648460812	0.9996574288742358	8
genotype_by_exposure	SNCAIP	8.872434353599237	-0.31470290451729566	-0.7504631014863115	0.47446742897443306	0.9996574288742358	8
genotype_by_exposure	EPS15	9.544771001676366	0.16604337496871424	0.5125214831146071	0.6221332147975804	0.9996574288742358	8
genotype_by_exposure	UBC	15.767957203834387	0.05506983357222271	0.5726490232321982	0.5826142028391642	0.9996574288742358	8
genotype_by_exposure	UBB	14.858407190023891	-0.09466491705049486	-0.5357691976236955	0.6066881522947764	0.9996574288742358	8
genotype_by_exposure	TOMM20	14.022333687189773	0.07716753446073854	0.2806586914578254	0.7860936427238011	0.9996574288742358	8
genotype_by_exposure	UBA52	15.598066086950743	0.2180462418382791	1.0849300088881217	0.3095616997609829	0.9996574288742358	8
genotype_by_exposure	MFN1	6.308986851372352	-0.06582954045119466	-0.17462383694293387	0.8657136120562963	0.9996574288742358	8
genotype_by_exposure	ITSN1	9.595417039373078	-0.33044431316305733	-0.9572804669831668	0.36645665271997635	0.9996574288742358	8
genotype_by_exposure	RHOT1	10.814424673367549	-0.009684605258117329	-0.029623200613707816	0.9770932436112065	0.9996574288742358	8
genotype_by_exposure	CLTCL1	5.844674575157764	0.14068919584409903	0.17282253571553644	0.8670833282558551	0.9996574288742358	8
genotype_by_exposure	SH3GL2	10.33739847433059	0.18552626615983403	0.4646742695349211	0.6545494903936353	0.9996574288742358	8
genotype_by_exposure	WLS	9.564290466215473	-0.1331717172424748	-0.5164424799106943	0.6195139202467475	0.9996574288742358	8
A53T_vehicle	SNX3	12.853573999533559	0.27469029503899445	1.0856864384604912	0.309246393309553	0.5758032601284012	8
A53T_vehicle	VPS26B	9.325524557604398	-0.3550853218318701	-1.6814331164307554	0.13118439035893117	0.36486670238711777	8
A53T_vehicle	VPS26A	10.524361341339903	0.9189698366878207	4.191243973531093	0.0030325957182778447	0.03759995938872654	8
A53T_vehicle	VPS29	11.092100203784375	0.16383161590075987	0.7469190811645132	0.4764883497982512	0.7184332331740708	8
A53T_vehicle	SNX2	9.89804274049172	1.4237523097184066	6.600266866820951	0.00016933946221405803	0.007255951826860442	8
A53T_vehicle	HSPA8	13.719085219295621	-0.16905356925649156	-1.1220305632532204	0.2943945319781586	0.5616590050399272	8
A53T_vehicle	SNX1	6.697296667977985	0.6809039332793329	2.4517841574498385	0.0398257594803286	0.17710328421250027	8
A53T_vehicle	MFN2	9.193148604373816	-0.12348574059848248	-0.5086826212790515	0.6247032025582838	0.8231054017211082	8
A53T_vehicle	CLTC	6.768943235823337	0.1658883346408269	0.49146038474268794	0.636299889909629	0.8296120250644661	8
A53T_vehicle	SNCAIP	8.872434353599237	0.6014558586766957	2.028370800962577	0.07705172996221207	0.26483767098882693	8
A53T_vehicle	EPS15	9.544771001676366	-0.42412327542670336	-1.8513887763679153	0.10126058451265424	0.31235244734555384	8
A53T_vehicle	UBC	15.767957203834387	-0.05953665519133781	-0.8755363673149507	0.40680056283084876	0.6628049184885431	8
A53T_vehicle	UBB	14.858407190023891	-0.29729414202488896	-2.3795236881248143	0.04457880512679334	0.18961620379976596	8
A53T_vehicle	TOMM20	14.022333687189773	0.1313900657200303	0.6758049977450052	0.518219244096524	0.7506269585383658	8
A53T_vehicle	UBA52	15.598066086950743	-0.1136402860354891	-0.7996509032011375	0.4470043217274579	0.6945389080280325	8
A53T_vehicle	MFN1	6.308986851372352	0.22042192386919685	0.826899043775803	0.43226448865408573	0.6824927761946795	8
A53T_vehicle	ITSN1	9.595417039373078	0.5166960011887258	2.116854525480342	0.06715315282358848	0.24388399773221262	8
A53T_vehicle	RHOT1	10.814424673367549	0.3397010659320631	1.469474193334187	0.17989995338747958	0.4400052789286127	8
A53T_vehicle	CLTCL1	5.844674575157764	-0.498491208542828	-0.8659885043215733	0.41171349955410763	0.6657489431941498	8
A53T_vehicle	SH3GL2	10.33739847433059	-0.5316687516806817	-1.8832126135327576	0.0964278120552216	0.30362114281612307	8
A53T_vehicle	WLS	9.564290466215473	1.0540114057900078	5.780564697584015	0.000414249739397677	0.01173195423701803	8
