NGenes	Correlation	Direction	PValue	FDR	pathway
66	0.000756669971217905	Down	0.00219374859369322	0.626542587395541	R-HSA-112314
87	0.0134136299110739	Down	0.00498393891932466	0.626542587395541	R-HSA-112315
20	-0.00734822977862282	Down	0.00554756183216453	0.626542587395541	R-HSA-5578775
104	0.025135794706505	Down	0.0146058290313953	0.626542587395541	R-HSA-112316
171	0.0227230970867754	Down	0.0146890017060029	0.626542587395541	R-HSA-109582
49	-0.0115638374380617	Down	0.0156905586138754	0.626542587395541	R-HSA-9658195
49	-0.0115638374380617	Down	0.0156905586138754	0.626542587395541	R-HSA-9824443
34	-0.00198233809415018	Down	0.0165982203157169	0.626542587395541	R-HSA-163685
13	0.0394181505603444	Down	0.0179418656204729	0.626542587395541	R-HSA-917977
64	0.00761247924134393	Down	0.0187149969676624	0.626542587395541	R-HSA-373760
84	0.0395684439333302	Down	0.0189132656251739	0.626542587395541	R-HSA-76002
78	0.00768329214861707	Down	0.0191695551065951	0.626542587395541	R-HSA-388396
20	-0.00864505594783998	Down	0.0194488587846672	0.626542587395541	R-HSA-399721
20	-0.00864505594783998	Down	0.0194488587846672	0.626542587395541	R-HSA-399719
80	0.00908645093191603	Down	0.0222386542495213	0.626542587395541	R-HSA-372790
44	0.0122079164170252	Down	0.02351376697049	0.626542587395541	R-HSA-418594
26	0.0313052641821838	Down	0.0242181484731238	0.626542587395541	R-HSA-5576891
10	-0.0298447847512505	Down	0.0244042349532491	0.626542587395541	R-HSA-6806667
41	-0.000414034020738557	Down	0.0246508606590424	0.626542587395541	R-HSA-2682334
12	-0.00349349499520104	Down	0.0246813744223976	0.626542587395541	R-HSA-456926
184	0.0452386119582054	Down	0.0247586682633149	0.626542587395541	R-HSA-382551
14	0.0555402281168159	Up	0.0261638286587445	0.626542587395541	R-HSA-77595
13	0.00336851413732886	Down	0.0262088149954726	0.626542587395541	R-HSA-9660821
16	0.0405957462617277	Down	0.0263699625024624	0.626542587395541	R-HSA-9634597
17	0.0148685262050735	Down	0.0302643981775135	0.626542587395541	R-HSA-418346
18	-0.0103874368320502	Down	0.0305957922901334	0.626542587395541	R-HSA-9662851
18	-0.0103874368320502	Down	0.0305957922901334	0.626542587395541	R-HSA-9664433
43	0.0594354299948533	Down	0.0310402402759942	0.626542587395541	R-HSA-983712
15	-0.0135267102367028	Up	0.0312096178156955	0.626542587395541	R-HSA-5218859
40	0.0135314098245671	Up	0.0351236409535971	0.626542587395541	R-HSA-5633007
20	-0.017379331850599	Down	0.0373708331651347	0.626542587395541	R-HSA-9009391
64	0.0972782052278151	Up	0.0395312046103582	0.626542587395541	R-HSA-212165
11	0.232228350206358	Down	0.0398263126776214	0.626542587395541	R-HSA-392518
30	0.0723480237786568	Down	0.0398702487033133	0.626542587395541	R-HSA-202733
38	0.0286707973470647	Up	0.0408716949114745	0.626542587395541	R-HSA-6790901
23	0.137005343746261	Down	0.041255832250037	0.626542587395541	R-HSA-936837
414	0.0541719632642944	Up	0.0435141623216665	0.626542587395541	R-HSA-8953854
47	0.0511221005926956	Down	0.0457767362318223	0.626542587395541	R-HSA-114608
17	0.00674556811053638	Down	0.0459883851182698	0.626542587395541	R-HSA-375165
21	0.000494078325068648	Down	0.0460938187067416	0.626542587395541	R-HSA-3928662
11	0.0217876032880604	Down	0.0462041136890307	0.626542587395541	R-HSA-114604
25	-0.0148304408071921	Down	0.0464093470529006	0.626542587395541	R-HSA-74752
42	0.011168282878297	Down	0.0466517974271247	0.626542587395541	R-HSA-397014
17	0.0393497231991977	Up	0.0470179975401586	0.626542587395541	R-HSA-75067
17	0.0393497231991977	Up	0.0470179975401586	0.626542587395541	R-HSA-73856
10	0.2772514362125	Up	0.0474126556949782	0.626542587395541	R-HSA-9933939
28	-0.00281256466284147	Down	0.0479222303392153	0.626542587395541	R-HSA-9664422
28	-0.00281256466284147	Down	0.0479222303392153	0.626542587395541	R-HSA-9664417
28	-0.00281256466284147	Down	0.0479222303392153	0.626542587395541	R-HSA-9664407
50	0.0540417801746742	Down	0.0491018501308079	0.626542587395541	R-HSA-76005
28	0.0192552284440843	Down	0.0493064489738425	0.626542587395541	R-HSA-437239
26	0.0587772743318138	Down	0.0500735024778448	0.626542587395541	R-HSA-422356
14	0.22191329440476	Up	0.0515644779609457	0.626542587395541	R-HSA-9932451
21	0.325007289603135	Up	0.0529736176511309	0.626542587395541	R-HSA-9842860
46	0.0766501298670803	Up	0.0546064209840641	0.626542587395541	R-HSA-9937848
17	0.109340804269919	Up	0.0548615817638159	0.626542587395541	R-HSA-3214847
206	0.0183596346063392	Down	0.0550214842075418	0.626542587395541	R-HSA-556833
15	-0.028188630296253	Up	0.0563499004719555	0.626542587395541	R-HSA-5250941
15	-0.028188630296253	Up	0.0563499004719555	0.626542587395541	R-HSA-427413
20	0.0018893013570716	Down	0.0564323446488922	0.626542587395541	R-HSA-9856530
59	0.126061335454784	Up	0.0570402247587262	0.626542587395541	R-HSA-9932444
18	0.0470830978654345	Up	0.05741632655172	0.626542587395541	R-HSA-73864
16	-0.0290895150990347	Down	0.0576014736959893	0.626542587395541	R-HSA-77387
45	-0.00602709438014601	Down	0.0582243664244055	0.626542587395541	R-HSA-8856825
14	0.20987535788222	Up	0.0583912589529641	0.626542587395541	R-HSA-9943965
18	0.163229056192507	Up	0.0585711377986735	0.626542587395541	R-HSA-8939243
11	0.286571160206669	Up	0.0602122185656004	0.626542587395541	R-HSA-9843940
25	0.0595203301461965	Up	0.0603135028439549	0.626542587395541	R-HSA-2559583
20	-0.00310443353392813	Down	0.0606814306253069	0.626542587395541	R-HSA-1474228
17	0.0149861725085979	Down	0.0612134223843398	0.626542587395541	R-HSA-3928665
11	0.186197967158623	Up	0.0636140205458326	0.626542587395541	R-HSA-9937850
89	0.130052077765185	Up	0.0637732512515926	0.626542587395541	R-HSA-4839726
53	0.0209814688948414	Down	0.0642609398733876	0.626542587395541	R-HSA-196854
75	0.00332411157261353	Down	0.0647225348850573	0.626542587395541	R-HSA-8856828
10	0.138655756265223	Down	0.0685729156958421	0.626542587395541	R-HSA-210991
21	0.219345573343115	Up	0.0692637116391355	0.626542587395541	R-HSA-9843745
15	0.419883141123452	Up	0.070385176671446	0.626542587395541	R-HSA-9845323
11	0.311098681084591	Up	0.0710768187516977	0.626542587395541	R-HSA-9934037
11	0.0319126386868103	Down	0.0712612029436867	0.626542587395541	R-HSA-8964038
169	0.180089681415114	Up	0.07165928971544	0.626542587395541	R-HSA-72203
20	0.0595159753916296	Down	0.0717388738463156	0.626542587395541	R-HSA-418555
50	0.21518545872727	Up	0.072932628144096	0.626542587395541	R-HSA-3247509
18	0.0223648095469554	Up	0.073367291948395	0.626542587395541	R-HSA-1834949
15	0.186451101365787	Down	0.0733843458654225	0.626542587395541	R-HSA-5173105
29	0.247554724064484	Up	0.0737098683313364	0.626542587395541	R-HSA-3108214
22	-0.0182520709132496	Down	0.0737919846872891	0.626542587395541	R-HSA-199418
53	0.231426359495404	Up	0.0757478196144823	0.626542587395541	R-HSA-3108232
19	0.289698316956997	Up	0.0765713072925852	0.626542587395541	R-HSA-3214858
23	0.262227258380398	Up	0.0787023394775349	0.626542587395541	R-HSA-4570464
15	0.273559774727896	Down	0.0796897923661984	0.626542587395541	R-HSA-216083
50	0.112931952449645	Down	0.0801031514019716	0.626542587395541	R-HSA-1474244
15	0.118046506786223	Down	0.0805243872090054	0.626542587395541	R-HSA-9836573
52	0.0598563728217239	Down	0.0806931668104003	0.626542587395541	R-HSA-1483257
55	0.244389916904553	Up	0.0809391117315359	0.626542587395541	R-HSA-2990846
12	0.112867878502469	Down	0.0814193204079444	0.626542587395541	R-HSA-9857377
32	0.0669882550554829	Down	0.0815098658978049	0.626542587395541	R-HSA-1483206
12	0.259096937757358	Up	0.0835999470117281	0.626542587395541	R-HSA-9824585
46	0.129929258898264	Up	0.0850979939494449	0.626542587395541	R-HSA-72202
13	0.136020172413297	Up	0.0870601208425681	0.626542587395541	R-HSA-381340
21	0.0616255815445879	Up	0.0871912374857706	0.626542587395541	R-HSA-5250913
19	0.121590944904422	Up	0.0875771964712526	0.626542587395541	R-HSA-5696394
26	0.21271523420833	Up	0.088737117539377	0.626542587395541	R-HSA-159231
26	0.21271523420833	Up	0.088737117539377	0.626542587395541	R-HSA-159234
20	0.0899792265023137	Up	0.088744506785539	0.626542587395541	R-HSA-5693565
13	0.0960033949068711	Down	0.0892894657104047	0.626542587395541	R-HSA-416993
49	0.270469289417852	Down	0.089742388642005	0.626542587395541	R-HSA-6799198
137	0.01198641010937	Down	0.0907569213375663	0.626542587395541	R-HSA-446203
19	0.184180923908471	Up	0.091738864259221	0.626542587395541	R-HSA-1500620
19	0.184180923908471	Up	0.091738864259221	0.626542587395541	R-HSA-1474165
132	0.183633808767462	Up	0.0924288328967135	0.626542587395541	R-HSA-72172
28	0.084418155606816	Down	0.0946622996877653	0.626542587395541	R-HSA-3781865
44	0.00863372858623953	Down	0.0950862165238841	0.626542587395541	R-HSA-194138
17	0.0505312845489066	Down	0.0958864967677916	0.626542587395541	R-HSA-2173782
12	0.210068313783353	Down	0.0963998553611276	0.626542587395541	R-HSA-9937008
131	0.189985449704253	Up	0.0968827406358242	0.626542587395541	R-HSA-72163
20	-0.0297213789610533	Down	0.0980133914625061	0.626542587395541	R-HSA-6811558
23	0.293879151349487	Up	0.0986800369466182	0.626542587395541	R-HSA-4551638
11	0.225704229159013	Down	0.101604823209881	0.626542587395541	R-HSA-977443
20	0.220739705138305	Up	0.10407691318942	0.626542587395541	R-HSA-180910
138	0.147522631845317	Up	0.104202371048603	0.626542587395541	R-HSA-9918481
11	0.288806103670677	Down	0.105212100918966	0.626542587395541	R-HSA-418597
15	0.0910511152496277	Up	0.105232971131759	0.626542587395541	R-HSA-73762
21	0.0643000538056737	Up	0.10663705711808	0.626542587395541	R-HSA-9917777
40	0.139891200747397	Up	0.106923354357119	0.626542587395541	R-HSA-159236
18	0.376106866410563	Down	0.108079838454192	0.626542587395541	R-HSA-6809371
18	0.376106866410563	Down	0.108079838454192	0.626542587395541	R-HSA-6805567
22	0.0941352678954288	Down	0.108258972434152	0.626542587395541	R-HSA-174824
10	0.0573411736058488	Up	0.108370063904638	0.626542587395541	R-HSA-5213460
10	0.0573411736058488	Up	0.108370063904638	0.626542587395541	R-HSA-5675482
19	0.298473626940972	Up	0.109874460762208	0.626542587395541	R-HSA-4085377
10	0.158714176645237	Down	0.110327931489264	0.626542587395541	R-HSA-1222556
24	0.0211572956155575	Down	0.112039226547427	0.626542587395541	R-HSA-446193
11	0.274049463801804	Up	0.112682542873991	0.626542587395541	R-HSA-381042
16	0.272281299708372	Down	0.114015128484824	0.626542587395541	R-HSA-9694548
18	0.336636679598581	Up	0.114155763486871	0.626542587395541	R-HSA-3232142
16	0.12846325507756	Up	0.114364934715192	0.626542587395541	R-HSA-73884
13	0.113639646518949	Up	0.114693701586549	0.626542587395541	R-HSA-168928
279	0.0127627084426395	Down	0.115718644524835	0.626542587395541	R-HSA-5653656
17	0.176658656463185	Up	0.117168105720865	0.626542587395541	R-HSA-5696395
16	0.312776989780103	Up	0.117915553961435	0.626542587395541	R-HSA-5619107
16	0.312776989780103	Up	0.117915553961435	0.626542587395541	R-HSA-1855196
16	0.312776989780103	Up	0.117915553961435	0.626542587395541	R-HSA-1855229
16	0.312776989780103	Up	0.117915553961435	0.626542587395541	R-HSA-1855170
16	0.312776989780103	Up	0.117915553961435	0.626542587395541	R-HSA-3301854
16	0.312776989780103	Up	0.117915553961435	0.626542587395541	R-HSA-170822
11	0.168530469313761	Down	0.118732223058775	0.626542587395541	R-HSA-3000170
26	0.120998308781046	Up	0.119731960704363	0.626542587395541	R-HSA-2980766
105	0.20173958698292	Up	0.120303217723164	0.626542587395541	R-HSA-72187
15	-0.00224459939136547	Down	0.121027613798496	0.626542587395541	R-HSA-445144
30	0.0219137372644387	Down	0.121614645598472	0.626542587395541	R-HSA-9855142
43	-0.00311966718062582	Down	0.122139622294533	0.626542587395541	R-HSA-9007101
23	0.016939819498988	Down	0.123806147995971	0.626542587395541	R-HSA-1630316
22	0.266963984309493	Up	0.123839292051145	0.626542587395541	R-HSA-168276
11	0.19275469366171	Up	0.12553843379842	0.626542587395541	R-HSA-9772755
16	0.231677448290061	Up	0.12559187076962	0.626542587395541	R-HSA-3899300
14	0.129712770873654	Up	0.125634578828796	0.626542587395541	R-HSA-73933
13	0.0449301535407079	Up	0.126073812328095	0.626542587395541	R-HSA-9833110
23	0.163545670319319	Up	0.126437976650074	0.626542587395541	R-HSA-9610379
29	0.274607599291935	Up	0.127164305889819	0.626542587395541	R-HSA-6784531
21	0.281559435888988	Up	0.127608495047547	0.626542587395541	R-HSA-159230
21	0.281559435888988	Up	0.127608495047547	0.626542587395541	R-HSA-159227
13	0.262596838998961	Down	0.128754167499082	0.626542587395541	R-HSA-8868766
204	0.0650597526805596	Up	0.129426407810686	0.626542587395541	R-HSA-9839923
23	0.116801508286338	Up	0.130975091279364	0.626542587395541	R-HSA-176033
95	0.248156815765437	Up	0.131269396843198	0.626542587395541	R-HSA-9770562
11	0.208941128420893	Down	0.131326746550266	0.626542587395541	R-HSA-164938
11	0.110593147983121	Up	0.131648942546453	0.626542587395541	R-HSA-9675135
150	0.187400811151845	Down	0.131854331326395	0.626542587395541	R-HSA-1428517
15	0.117447967024546	Up	0.132494073404701	0.626542587395541	R-HSA-5693571
18	0.286661347072363	Up	0.132548774095936	0.626542587395541	R-HSA-168271
11	0.186134772089907	Down	0.132608138815053	0.626542587395541	R-HSA-6785470
103	0.224966267665402	Down	0.133961813413582	0.626542587395541	R-HSA-611105
14	0.199269772550194	Up	0.134424073125666	0.626542587395541	R-HSA-1221632
18	0.306204592438748	Up	0.134462097572976	0.626542587395541	R-HSA-168274
18	0.306204592438748	Up	0.134462097572976	0.626542587395541	R-HSA-168333
12	0.123022194057419	Up	0.137500037596848	0.626542587395541	R-HSA-201722
36	0.168763677209601	Up	0.138436941790058	0.626542587395541	R-HSA-5696399
33	0.28126992762141	Up	0.139410335743541	0.626542587395541	R-HSA-9705671
24	0.236712080020152	Up	0.140923201507747	0.626542587395541	R-HSA-4615885
109	0.0130890030834966	Down	0.141089115402099	0.626542587395541	R-HSA-1500931
28	0.13518134629717	Up	0.141203091835028	0.626542587395541	R-HSA-194441
28	0.13518134629717	Up	0.141203091835028	0.626542587395541	R-HSA-191859
17	0.0944180865484844	Down	0.142845858518912	0.626542587395541	R-HSA-191273
33	0.36807757594735	Down	0.142973892839975	0.626542587395541	R-HSA-425407
83	0.202343680248222	Down	0.143660316682682	0.626542587395541	R-HSA-5419276
15	0.0158948937233254	Down	0.144147377762748	0.626542587395541	R-HSA-5626467
69	0.0608219491381916	Down	0.144484534784131	0.626542587395541	R-HSA-5668914
29	0.0486469844298678	Down	0.144621356138194	0.626542587395541	R-HSA-9013423
55	0.0418488516259855	Up	0.14611347542403	0.626542587395541	R-HSA-72662
55	0.0418488516259855	Up	0.14611347542403	0.626542587395541	R-HSA-72649
15	0.0536511292487333	Down	0.146300497469887	0.626542587395541	R-HSA-2187338
38	0.0584910369571753	Down	0.148371307615642	0.626542587395541	R-HSA-9918432
27	0.0693281926276009	Up	0.148685108296095	0.626542587395541	R-HSA-9943411
15	0.0305741721658458	Down	0.148782838706915	0.626542587395541	R-HSA-5674135
15	0.0305741721658458	Down	0.148782838706915	0.626542587395541	R-HSA-6802948
11	0.0551990456306379	Up	0.149018952729246	0.626542587395541	R-HSA-2173788
24	0.0252565061882338	Down	0.149098559209208	0.626542587395541	R-HSA-9707564
84	0.199960698829122	Down	0.149204142123954	0.626542587395541	R-HSA-5368286
23	0.289939992333953	Up	0.149777115923463	0.626542587395541	R-HSA-177243
18	0.303196078484433	Up	0.150826385534598	0.626542587395541	R-HSA-9945266
18	0.303196078484433	Up	0.150826385534598	0.626542587395541	R-HSA-9976102
20	0.298888860160371	Up	0.150835216242659	0.626542587395541	R-HSA-180746
27	0.0276799211468847	Down	0.152268678209208	0.626542587395541	R-HSA-9860931
43	0.011395786308103	Down	0.15233791551487	0.626542587395541	R-HSA-4420097
21	0.264230925636613	Up	0.152938531952909	0.626542587395541	R-HSA-165054
85	0.206463248374374	Down	0.153791716151765	0.626542587395541	R-HSA-5389840
11	-0.0304303015232098	Down	0.15463092721597	0.626542587395541	R-HSA-9860927
41	0.00600464023948677	Down	0.154922760855548	0.626542587395541	R-HSA-166520
23	0.280137883305029	Down	0.155679185275028	0.626542587395541	R-HSA-9768727
23	0.00558991565686538	Down	0.155689402457216	0.626542587395541	R-HSA-917937
18	0.17800389839234	Down	0.156390372807206	0.626542587395541	R-HSA-112310
55	0.043204052249582	Up	0.158390138838089	0.626542587395541	R-HSA-72702
26	-0.000107155004835162	Up	0.158625436698303	0.626542587395541	R-HSA-8950505
129	0.038369135463222	Up	0.158773121638287	0.626542587395541	R-HSA-8868773
90	0.204677596359275	Down	0.159057606783314	0.626542587395541	R-HSA-5368287
10	0.134781454075689	Up	0.160015478305329	0.626542587395541	R-HSA-9909649
10	0.270100523252795	Down	0.160249059265255	0.626542587395541	R-HSA-9931295
11	0.284112845573532	Down	0.161056967391316	0.626542587395541	R-HSA-8949664
11	-0.039271252082538	Down	0.16126846364994	0.626542587395541	R-HSA-9006115
295	0.0636842548152169	Up	0.162118142143501	0.626542587395541	R-HSA-74160
29	-0.0104931147289297	Down	0.162693669586679	0.626542587395541	R-HSA-8873719
18	0.167109927438988	Up	0.162750167281497	0.626542587395541	R-HSA-390471
21	0.0351889028638964	Down	0.16368405015021	0.626542587395541	R-HSA-1483255
11	-0.0244526765278666	Down	0.163874802454859	0.626542587395541	R-HSA-6785807
52	0.194079728406789	Up	0.164502147185496	0.626542587395541	R-HSA-9938024
15	0.0278758539559762	Down	0.164644624326701	0.626542587395541	R-HSA-8964043
12	-0.0265113048672495	Down	0.164994393664487	0.626542587395541	R-HSA-5625900
64	0.147298726327887	Up	0.168284063294677	0.633657961928732	R-HSA-162587
21	-0.0143290845378	Up	0.169320612191573	0.633657961928732	R-HSA-6804756
13	-0.00868334450046605	Down	0.169556419125666	0.633657961928732	R-HSA-1660499
14	0.236864640909444	Up	0.170548796598703	0.633657961928732	R-HSA-9764560
19	0.132606403898494	Up	0.170951379700881	0.633657961928732	R-HSA-8943724
33	0.0559898608511936	Down	0.171278776252198	0.633657961928732	R-HSA-111885
49	0.150738546583066	Up	0.172626509449403	0.635914748484553	R-HSA-5696398
36	0.0172113289792473	Down	0.175685987200883	0.644431153051749	R-HSA-2029480
35	0.252353333054932	Up	0.176657175302552	0.645176779696474	R-HSA-1169408
10	-0.0627895422694139	Down	0.177386191169448	0.645176779696474	R-HSA-202131
33	0.0562326750098557	Down	0.178181554198699	0.64534663747596	R-HSA-432722
11	0.00624126282338946	Down	0.179501746695027	0.64740797343562	R-HSA-5099900
12	0.189930575857379	Up	0.1804871647971	0.648249733562916	R-HSA-9764725
16	0.272252513278133	Down	0.182291436962377	0.648529665977388	R-HSA-8949215
20	0.151433491296378	Down	0.182527283377078	0.648529665977388	R-HSA-5663213
15	0.274525413365663	Up	0.184959242215122	0.648529665977388	R-HSA-9013422
15	0.157267760366128	Down	0.185618685028605	0.648529665977388	R-HSA-164952
50	0.0743199759002613	Up	0.186564732386088	0.648529665977388	R-HSA-72306
123	0.0448989921228409	Up	0.186781575674025	0.648529665977388	R-HSA-6791226
141	0.00439911581216181	Down	0.186875010484503	0.648529665977388	R-HSA-9006934
26	0.104517573234979	Down	0.188003612395211	0.648529665977388	R-HSA-6794362
27	0.138432746199758	Up	0.190366165228104	0.648529665977388	R-HSA-5693538
11	0.215464263899945	Up	0.190373798590433	0.648529665977388	R-HSA-162594
14	0.0757716593005283	Up	0.190493553146838	0.648529665977388	R-HSA-6804758
33	0.019764916774499	Down	0.190582721807662	0.648529665977388	R-HSA-8876198
25	0.0999337553665176	Down	0.191098068629068	0.648529665977388	R-HSA-9772573
25	0.0999337553665176	Down	0.191098068629068	0.648529665977388	R-HSA-9694635
265	0.0154229708100955	Down	0.192051864257861	0.649210615648143	R-HSA-199991
17	0.0633943859680353	Up	0.194407223805053	0.65236208579361	R-HSA-180786
54	0.144575313021276	Up	0.194497744836378	0.65236208579361	R-HSA-162599
13	0.197444312541729	Down	0.196491832394781	0.654498047032214	R-HSA-4086398
18	0.104352104468821	Down	0.196653125500399	0.654498047032214	R-HSA-6794361
29	-0.0174652604480552	Down	0.200717181943298	0.659223036923674	R-HSA-9013404
10	0.0153790284905112	Up	0.201391189470277	0.659223036923674	R-HSA-2122947
39	-0.00398879749484512	Down	0.202523567193227	0.659223036923674	R-HSA-9824439
25	0.25925100810112	Up	0.202572634644389	0.659223036923674	R-HSA-168325
39	0.0369332728186297	Down	0.202882592185236	0.659223036923674	R-HSA-442755
48	0.0351211379384654	Up	0.203250948418057	0.659223036923674	R-HSA-72695
77	0.226883234488558	Down	0.203426134363918	0.659223036923674	R-HSA-9937383
27	-0.00989056820145529	Up	0.205526881349822	0.661571956874556	R-HSA-9020591
18	0.193658377456508	Down	0.20573449146715	0.661571956874556	R-HSA-9865881
42	0.138366064411565	Up	0.206453429697512	0.661571956874556	R-HSA-3371453
22	0.0397034495183623	Down	0.207599057253364	0.662779212416297	R-HSA-416476
34	0.014621327687361	Down	0.208945800003705	0.664617267908465	R-HSA-187037
269	0.00734547465869997	Down	0.211527998583557	0.66711130963085	R-HSA-422475
11	-0.0217392395349105	Up	0.212750927828579	0.66711130963085	R-HSA-2173793
11	0.228905064341147	Down	0.213011562805097	0.66711130963085	R-HSA-212676
32	0.14619162813697	Up	0.213764936830787	0.66711130963085	R-HSA-9018519
36	0.0278621097114208	Down	0.214046473141571	0.66711130963085	R-HSA-196849
37	0.118557634181124	Up	0.215170290314792	0.66711130963085	R-HSA-68875
251	0.0711404005963379	Up	0.216732451573408	0.66711130963085	R-HSA-73857
495	0.0555752506193024	Up	0.21767589585255	0.66711130963085	R-HSA-9824446
15	0.101490315389052	Down	0.218054349405656	0.66711130963085	R-HSA-1474290
70	0.232441923089719	Down	0.219533873399174	0.66711130963085	R-HSA-9837999
10	0.215218726964712	Down	0.220943237494393	0.66711130963085	R-HSA-888590
19	0.0264653987996031	Down	0.221129351750312	0.66711130963085	R-HSA-416482
10	-0.0618739204852549	Down	0.221384651525047	0.66711130963085	R-HSA-2219530
24	0.258894981307603	Down	0.221427122214668	0.66711130963085	R-HSA-71403
16	0.194006382331816	Down	0.221756787016441	0.66711130963085	R-HSA-3000171
25	0.202669442750439	Up	0.222112466199599	0.66711130963085	R-HSA-9706574
27	0.167386780146281	Up	0.223732318358369	0.667569961772072	R-HSA-429914
15	0.0437144146738629	Up	0.223814059109198	0.667569961772072	R-HSA-2559580
61	0.0625965530835855	Down	0.225410358563705	0.668095620585908	R-HSA-3858494
17	0.023976945362763	Up	0.226315453841166	0.668095620585908	R-HSA-9006927
17	0.023976945362763	Up	0.226315453841166	0.668095620585908	R-HSA-8848021
87	0.065803659130203	Up	0.227597506574849	0.669587203643413	R-HSA-9705683
18	0.3686767347306	Up	0.228599130556685	0.669931595853609	R-HSA-9615933
12	0.184977032035639	Down	0.229837628913679	0.669931595853609	R-HSA-3781860
10	0.296251861559379	Up	0.230973085608662	0.669931595853609	R-HSA-9692916
17	0.0590041424565046	Down	0.231145336812785	0.669931595853609	R-HSA-9656223
10	0.0699918146345662	Up	0.23235128596882	0.669931595853609	R-HSA-6782315
24	0.11781872570278	Up	0.236249286088062	0.669931595853609	R-HSA-5693567
285	0.00553933048033328	Down	0.237231977513747	0.669931595853609	R-HSA-72766
22	0.0284546506964974	Up	0.237781899764548	0.669931595853609	R-HSA-163841
30	0.0898899996345325	Down	0.237906301173947	0.669931595853609	R-HSA-428157
14	0.0218427571007056	Up	0.239615068425936	0.669931595853609	R-HSA-9851695
14	0.0218427571007056	Up	0.239615068425936	0.669931595853609	R-HSA-9818564
14	0.0218427571007056	Up	0.239615068425936	0.669931595853609	R-HSA-9841922
10	0.0439878802834889	Down	0.239893609870356	0.669931595853609	R-HSA-9969896
11	-0.0670421671156829	Up	0.240181244656948	0.669931595853609	R-HSA-73772
30	0.0202687657297279	Down	0.240854831285624	0.669931595853609	R-HSA-2029482
10	0.136178341328374	Up	0.241924181930877	0.669931595853609	R-HSA-5685942
10	-0.0507611645866792	Down	0.241942871390261	0.669931595853609	R-HSA-8979227
19	-0.0355755630490435	Down	0.242141815063199	0.669931595853609	R-HSA-9013409
12	0.141278418959609	Down	0.243045842275528	0.669931595853609	R-HSA-9854311
30	0.137759494946521	Up	0.243422603206018	0.669931595853609	R-HSA-73886
54	0.134996969621328	Up	0.244035407306303	0.669931595853609	R-HSA-3371556
22	0.0692790175884018	Up	0.244968584363049	0.670358475304598	R-HSA-9816359
273	0.00740419915938915	Down	0.250920095207725	0.684471905281833	R-HSA-9675108
15	0.00952373661830603	Down	0.254461024540798	0.68708012609129	R-HSA-187687
10	0.320115837415909	Down	0.255639768430936	0.68708012609129	R-HSA-1650814
12	0.104852362929852	Down	0.255998259493672	0.68708012609129	R-HSA-9619483
13	0.065576966548993	Down	0.256303414653342	0.68708012609129	R-HSA-8875878
10	0.0894485345200665	Up	0.256820633039725	0.68708012609129	R-HSA-9629569
20	0.107805687228106	Up	0.257258211574459	0.68708012609129	R-HSA-5693607
29	0.0801447816708907	Up	0.258389703623754	0.68708012609129	R-HSA-1483249
114	0.115746930812617	Up	0.258652735011254	0.68708012609129	R-HSA-1169410
103	0.0539450056330359	Up	0.259847008243342	0.68708012609129	R-HSA-72737
103	0.0539450056330359	Up	0.259847008243342	0.68708012609129	R-HSA-72613
32	-0.006446664747058	Down	0.262032925121982	0.690741227691586	R-HSA-373755
10	0.142566667236579	Up	0.263291436239052	0.69178179988652	R-HSA-6791312
17	0.00716824240938549	Up	0.26403272872699	0.69178179988652	R-HSA-2173789
16	0.0440337834970918	Down	0.266872170372074	0.69710245715372	R-HSA-6811440
19	0.0909574230863362	Down	0.269118773743834	0.699930895964887	R-HSA-157858
40	0.192343509899022	Up	0.269578952970235	0.699930895964887	R-HSA-70171
101	0.0242296631613212	Down	0.272388603793164	0.703565292043744	R-HSA-446728
128	0.115344915825438	Up	0.272611145641079	0.703565292043744	R-HSA-913531
22	0.134816963005579	Down	0.27657328903798	0.711660224330565	R-HSA-9864848
39	0.0333338639092576	Down	0.278477070788324	0.714426294700998	R-HSA-199992
11	0.316777930436026	Up	0.279664007110977	0.714800417254591	R-HSA-9930044
101	0.0546433764542422	Up	0.280281370106789	0.714800417254591	R-HSA-72706
14	-0.0216192038795416	Down	0.281578870435668	0.715640677762103	R-HSA-9918485
10	-0.0194522862307177	Up	0.282271265010574	0.715640677762103	R-HSA-9725371
19	0.0978988766807566	Up	0.284546823784633	0.719119138590768	R-HSA-9820841
100	0.053739003362627	Up	0.286670271411534	0.719119138590768	R-HSA-156827
28	-0.0176354705967305	Up	0.288203711360467	0.719119138590768	R-HSA-447115
11	0.186143377723056	Up	0.28913756334854	0.719119138590768	R-HSA-110373
11	0.177052990983886	Up	0.290257806453893	0.719119138590768	R-HSA-429947
35	0.165298809145236	Up	0.29067147876754	0.719119138590768	R-HSA-6781827
10	0.0021174630778433	Up	0.290779877840017	0.719119138590768	R-HSA-71336
19	0.223234307343721	Down	0.290973194121619	0.719119138590768	R-HSA-1660662
34	0.244537386305446	Down	0.292835929833067	0.719119138590768	R-HSA-8957275
12	0.139714860801942	Down	0.293602902264511	0.719119138590768	R-HSA-901042
19	0.195439350662926	Up	0.293710223197567	0.719119138590768	R-HSA-9013418
142	0.0288065381195661	Up	0.293791071809524	0.719119138590768	R-HSA-72312
10	-0.074555452203812	Down	0.294488463947263	0.719119138590768	R-HSA-1236394
121	0.0370435414304094	Up	0.295464049342094	0.719198502623812	R-HSA-168255
44	0.108600675759983	Down	0.29730344119481	0.719198502623812	R-HSA-9709957
17	0.016084238036989	Down	0.298351850832142	0.719198502623812	R-HSA-9748784
22	0.0807595007684612	Down	0.298746105658902	0.719198502623812	R-HSA-112040
16	0.0360454644659226	Down	0.298792834100037	0.719198502623812	R-HSA-9668328
221	0.0640439160413468	Up	0.299526986591587	0.719198502623812	R-HSA-212436
24	0.236272248438166	Up	0.302517482377003	0.72009991135238	R-HSA-389957
38	0.0497321804493649	Down	0.302736612639379	0.72009991135238	R-HSA-6811436
18	-0.018157110927114	Down	0.302741086858564	0.72009991135238	R-HSA-5694530
11	-0.0511292682613777	Up	0.304333344970329	0.72009991135238	R-HSA-2995383
20	0.34605381315988	Down	0.307009829888048	0.72009991135238	R-HSA-70895
20	0.203363508067534	Down	0.307545742332578	0.72009991135238	R-HSA-9033241
11	0.0944426571827571	Up	0.307731671644021	0.72009991135238	R-HSA-110313
18	0.0770666577235665	Down	0.309091609281184	0.72009991135238	R-HSA-6802955
18	0.0770666577235665	Down	0.309091609281184	0.72009991135238	R-HSA-6802949
18	0.0770666577235665	Down	0.309091609281184	0.72009991135238	R-HSA-6802946
18	0.0770666577235665	Down	0.309091609281184	0.72009991135238	R-HSA-9649948
23	0.0497981496274108	Up	0.311272056242456	0.723148649423107	R-HSA-5619102
26	0.069958557289641	Down	0.312078071444775	0.723148649423107	R-HSA-70268
11	0.120988305636859	Up	0.316200892430291	0.726165082398859	R-HSA-3769402
43	0.120623077270758	Up	0.316432025296264	0.726165082398859	R-HSA-70326
12	0.175332697638352	Up	0.31716643780864	0.726165082398859	R-HSA-5696400
34	0.0859481627306172	Down	0.317760356238908	0.726165082398859	R-HSA-1268020
108	0.0434735519359649	Up	0.31904963942518	0.726165082398859	R-HSA-168273
122	0.181819023341174	Up	0.31920805767534	0.726165082398859	R-HSA-73894
10	-0.0708715872601491	Down	0.319276758966552	0.726165082398859	R-HSA-74751
14	0.207955992365884	Down	0.320459556098395	0.72693720357057	R-HSA-500792
21	-0.0176021341787507	Down	0.324328567725683	0.733408020217411	R-HSA-9013405
35	0.253203691757597	Down	0.325013763019781	0.733408020217411	R-HSA-381426
11	0.00193024484590845	Up	0.327191584083253	0.73444804045933	R-HSA-749476
11	0.00193024484590845	Up	0.327191584083253	0.73444804045933	R-HSA-74158
10	0.135016112371373	Down	0.329734793106451	0.73444804045933	R-HSA-190861
10	0.135016112371373	Down	0.329734793106451	0.73444804045933	R-HSA-190840
10	0.135016112371373	Down	0.329734793106451	0.73444804045933	R-HSA-190872
10	0.134183367297976	Up	0.330693394401851	0.73468480921236	R-HSA-5651801
17	0.0696823342731603	Down	0.33163252498674	0.734877214752108	R-HSA-5673000
20	0.0817478876665085	Up	0.333351962290372	0.735724354784539	R-HSA-75153
41	0.172158655905056	Up	0.333803255669248	0.735724354784539	R-HSA-9609690
46	0.02942556897456	Down	0.334575344635197	0.735724354784539	R-HSA-9013149
30	0.0150361140254794	Down	0.338006705908754	0.741378576318947	R-HSA-9013408
13	0.121128496700837	Up	0.342056214320803	0.747656300421931	R-HSA-166208
108	0.0405837483398745	Up	0.342780944059283	0.747656300421931	R-HSA-3700989
48	0.142763414279823	Up	0.344184620577524	0.747656300421931	R-HSA-9609646
98	0.118082760956541	Up	0.34525000103324	0.747656300421931	R-HSA-9938027
98	0.118082760956541	Up	0.34525000103324	0.747656300421931	R-HSA-9938026
10	0.0549594930951596	Down	0.346093076928061	0.747656300421931	R-HSA-399954
23	-0.0317131127788091	Down	0.346940278618065	0.747656300421931	R-HSA-9013106
10	0.0995804801429683	Up	0.348831234003886	0.74893300672138	R-HSA-110320
18	0.0344980393464902	Down	0.34927038132482	0.74893300672138	R-HSA-9861718
22	0.0455725988491317	Up	0.350938973204303	0.750643659806722	R-HSA-400206
44	0.0134945682724016	Down	0.353811903213277	0.754915496460012	R-HSA-5628897
16	0.0822576082073009	Down	0.355173650460611	0.755570906380095	R-HSA-5339562
47	0.0458843056569631	Up	0.355872143840277	0.755570906380095	R-HSA-9684482
17	-0.0132796820048479	Down	0.363972678753196	0.759481895994505	R-HSA-75105
39	0.0599393647817793	Up	0.363990364419169	0.759481895994505	R-HSA-9725370
39	0.0599393647817793	Up	0.363990364419169	0.759481895994505	R-HSA-9700206
15	-4.0351761934684e-05	Up	0.365329320846757	0.759481895994505	R-HSA-9645723
18	0.120300422357513	Down	0.365403296242497	0.759481895994505	R-HSA-190828
26	0.141476201000396	Up	0.365947460578581	0.759481895994505	R-HSA-6782210
13	0.318997358247294	Down	0.368674487905872	0.759481895994505	R-HSA-379726
14	0.0627655112149499	Down	0.369031679414149	0.759481895994505	R-HSA-373752
16	0.000870501654737366	Down	0.369257290874339	0.759481895994505	R-HSA-2219528
27	0.0254600274077459	Up	0.370234246826764	0.759481895994505	R-HSA-170834
14	-0.0184249205132199	Down	0.371691613277571	0.759481895994505	R-HSA-400685
10	-0.0278131941151297	Up	0.371811322633041	0.759481895994505	R-HSA-2894862
10	-0.0278131941151297	Up	0.371811322633041	0.759481895994505	R-HSA-2644606
10	-0.0278131941151297	Up	0.371811322633041	0.759481895994505	R-HSA-2894858
10	-0.0278131941151297	Up	0.371811322633041	0.759481895994505	R-HSA-2644602
10	-0.0278131941151297	Up	0.371811322633041	0.759481895994505	R-HSA-2644603
15	0.0490806888957021	Down	0.373819207181628	0.761778147968234	R-HSA-9013420
25	0.228137655650783	Up	0.37514791774807	0.762510050857406	R-HSA-389958
10	-0.065014655007022	Up	0.375947530875171	0.762510050857406	R-HSA-8956319
18	0.452045921509317	Up	0.379043734260528	0.766228998340509	R-HSA-6803529
11	0.11186387631312	Up	0.379558912170995	0.766228998340509	R-HSA-8956320
68	0.082886333241167	Down	0.381710399172483	0.768179828004445	R-HSA-9609507
26	0.193896025340032	Up	0.383899798704256	0.768179828004445	R-HSA-6781823
61	0.114756688317596	Down	0.384260896953457	0.768179828004445	R-HSA-8978868
18	0.0484071823037037	Down	0.384350483155328	0.768179828004445	R-HSA-432720
13	0.0433928203267674	Up	0.384981073895499	0.768179828004445	R-HSA-8866654
25	0.141711073802095	Up	0.389434482608471	0.775271418033492	R-HSA-6782135
12	-0.0317650784335784	Down	0.392617884999967	0.777398214449197	R-HSA-1912422
45	0.0226917747415722	Up	0.394072131293789	0.777398214449197	R-HSA-15869
35	0.209309390264838	Up	0.394774036687498	0.777398214449197	R-HSA-141444
35	0.209309390264838	Up	0.394774036687498	0.777398214449197	R-HSA-141424
10	0.199339395003794	Up	0.396034924099285	0.777398214449197	R-HSA-8866652
21	0.0315938752070672	Up	0.396812623530584	0.777398214449197	R-HSA-1989781
13	0.355251880630138	Down	0.396815793918383	0.777398214449197	R-HSA-3000178
38	0.0777876326085041	Down	0.397879671311759	0.777714913085569	R-HSA-1445148
34	0.0123925145295263	Up	0.401066933486343	0.782171259423593	R-HSA-381119
20	-0.0410291214030593	Down	0.402272030635379	0.782750542681032	R-HSA-8854214
10	0.109231578815472	Up	0.40406834541181	0.784475030957163	R-HSA-174417
11	0.240544758931656	Down	0.405922749011741	0.786304291344091	R-HSA-445095
23	0.101995315701872	Up	0.40794286259636	0.788445622327494	R-HSA-168138
28	0.178157884741976	Up	0.410871548924922	0.790845143632155	R-HSA-674695
18	0.0155068392205289	Up	0.411019285785621	0.790845143632155	R-HSA-499943
10	-0.0546446846453979	Up	0.416411272191946	0.796888085730041	R-HSA-9609523
21	0.0739505782971389	Down	0.416829568797837	0.796888085730041	R-HSA-9609736
23	0.173749141941455	Up	0.417857789733154	0.796888085730041	R-HSA-166166
23	0.173749141941455	Up	0.417857789733154	0.796888085730041	R-HSA-937061
33	0.0871994151700224	Down	0.42097306486621	0.799919881324743	R-HSA-438064
22	0.150007341100197	Up	0.42163116689299	0.799919881324743	R-HSA-168164
10	-0.0383645402484248	Down	0.42223149188255	0.799919881324743	R-HSA-2142753
16	0.0451679786240461	Down	0.424834659361964	0.800350336200651	R-HSA-389356
25	0.0604354152874779	Up	0.425145099604265	0.800350336200651	R-HSA-165159
21	0.260160543834225	Up	0.425244146148373	0.800350336200651	R-HSA-6807505
30	0.196372175703457	Up	0.42802259527875	0.803824568911291	R-HSA-190236
37	0.218166052196194	Up	0.429392616967014	0.804644425707753	R-HSA-69618
34	0.0139080734592245	Up	0.43251022984917	0.808728455813415	R-HSA-9006936
43	0.132586412389399	Up	0.437696398030655	0.80887332156441	R-HSA-2995410
153	-0.00102664612544195	Down	0.438907479270839	0.80887332156441	R-HSA-9012999
73	0.181148550819404	Up	0.43902912377492	0.80887332156441	R-HSA-68877
51	0.189305741761079	Up	0.440794573381991	0.80887332156441	R-HSA-2500257
26	0.18715766495701	Up	0.441403934140168	0.80887332156441	R-HSA-112382
26	0.18715766495701	Up	0.441403934140168	0.80887332156441	R-HSA-75955
91	0.0360604884897345	Down	0.442763503901563	0.80887332156441	R-HSA-418990
91	0.0360604884897345	Down	0.442763503901563	0.80887332156441	R-HSA-421270
26	0.0254820245177725	Down	0.442877155266013	0.80887332156441	R-HSA-2980736
14	0.0843484062966307	Up	0.444989692002815	0.80887332156441	R-HSA-73893
15	0.306906796790343	Down	0.445371498780347	0.80887332156441	R-HSA-9840310
160	0.0315339374762482	Up	0.445404701565641	0.80887332156441	R-HSA-9679506
25	0.235506602915036	Down	0.446159583304782	0.80887332156441	R-HSA-9662360
11	0.136199521250015	Down	0.447640110570796	0.80887332156441	R-HSA-8955332
43	0.0705462125213128	Up	0.448212241924506	0.80887332156441	R-HSA-390466
11	0.0129831102913749	Down	0.449103767483486	0.80887332156441	R-HSA-399956
25	0.136841834491742	Up	0.450872080714853	0.80887332156441	R-HSA-157579
20	-0.0090926799074329	Down	0.451663389162488	0.80887332156441	R-HSA-5625740
217	0.139331894010729	Up	0.453269469546691	0.80887332156441	R-HSA-1640170
14	0.0325702242253871	Up	0.453360776903699	0.80887332156441	R-HSA-5250924
13	0.0160016245227014	Down	0.459284612221105	0.80887332156441	R-HSA-9958810
29	0.234479675817018	Up	0.459571940909125	0.80887332156441	R-HSA-5654738
340	0.0225164264123124	Up	0.460113435992372	0.80887332156441	R-HSA-2262752
13	0.112419265033038	Up	0.461259960942985	0.80887332156441	R-HSA-9022692
13	0.0522104828076255	Up	0.463914601852178	0.80887332156441	R-HSA-9637690
22	0.107470048454318	Up	0.466214949117968	0.80887332156441	R-HSA-975871
22	0.107470048454318	Up	0.466214949117968	0.80887332156441	R-HSA-975155
22	0.107470048454318	Up	0.466214949117968	0.80887332156441	R-HSA-166058
22	0.107470048454318	Up	0.466214949117968	0.80887332156441	R-HSA-975138
22	0.107470048454318	Up	0.466214949117968	0.80887332156441	R-HSA-168142
22	0.107470048454318	Up	0.466214949117968	0.80887332156441	R-HSA-181438
22	0.107470048454318	Up	0.466214949117968	0.80887332156441	R-HSA-168176
22	0.107470048454318	Up	0.466214949117968	0.80887332156441	R-HSA-168181
22	0.107470048454318	Up	0.466214949117968	0.80887332156441	R-HSA-168179
22	0.107470048454318	Up	0.466214949117968	0.80887332156441	R-HSA-168188
16	0.346721863703614	Down	0.467206276408472	0.80887332156441	R-HSA-9912633
15	0.122356745299577	Down	0.467307324987327	0.80887332156441	R-HSA-389977
90	0.0646344594049891	Up	0.469297899915186	0.81026228529647	R-HSA-72689
20	-0.00705688265782846	Down	0.469989724649925	0.81026228529647	R-HSA-5205647
53	0.0274525763082384	Up	0.473412624686818	0.812700173183562	R-HSA-8939211
236	0.0870440672887484	Up	0.474189536539309	0.812700173183562	R-HSA-1280215
13	0.231266045357747	Up	0.475175043253498	0.812700173183562	R-HSA-77075
13	0.231266045357747	Up	0.475175043253498	0.812700173183562	R-HSA-167160
11	0.129504853670953	Down	0.477438033018694	0.814953632598246	R-HSA-5362517
65	0.199623675711331	Up	0.479148617414383	0.81625713085217	R-HSA-8878171
26	0.244843881956709	Down	0.484301884236573	0.823408726256264	R-HSA-9659379
48	0.0707276248538485	Up	0.489043152506697	0.828812900412253	R-HSA-391251
175	0.136283380591399	Up	0.490425440257435	0.828812900412253	R-HSA-69278
119	0.0361556931228926	Up	0.490823993974087	0.828812900412253	R-HSA-9694516
188	0.0168885698345356	Down	0.491326440963644	0.828812900412253	R-HSA-71291
12	0.109982382458071	Down	0.494200818893181	0.829173164994031	R-HSA-8949613
47	0.0295899993126821	Down	0.494328290720789	0.829173164994031	R-HSA-8957322
29	0.252990503941551	Up	0.494532384236884	0.829173164994031	R-HSA-9833482
84	0.122304408796122	Up	0.495387679781816	0.829173164994031	R-HSA-5688426
16	0.0773751809348624	Down	0.498805001770114	0.830929680561333	R-HSA-446219
74	0.223854498804942	Up	0.498990916017025	0.830929680561333	R-HSA-5693532
58	0.0338430816051962	Down	0.499328972773516	0.830929680561333	R-HSA-6807878
21	0.146571296227105	Up	0.506286395151461	0.840884147631136	R-HSA-8852135
16	-0.034930152899496	Down	0.50790576056723	0.841855850138035	R-HSA-9013026
198	0.0488635878182577	Down	0.510784155547676	0.841855850138035	R-HSA-6798695
19	0.140065295009644	Down	0.510833021215403	0.841855850138035	R-HSA-2426168
328	0.0422540272424622	Down	0.511011758761043	0.841855850138035	R-HSA-168249
13	0.192274582803892	Up	0.516637754899096	0.841855850138035	R-HSA-167161
13	0.192274582803892	Up	0.516637754899096	0.841855850138035	R-HSA-167162
13	0.192274582803892	Up	0.516637754899096	0.841855850138035	R-HSA-73776
13	0.192274582803892	Up	0.516637754899096	0.841855850138035	R-HSA-75953
13	0.192274582803892	Up	0.516637754899096	0.841855850138035	R-HSA-76042
13	0.192274582803892	Up	0.516637754899096	0.841855850138035	R-HSA-73779
10	-0.0572513903250981	Down	0.520337251256903	0.846284359591417	R-HSA-8849471
22	0.21873176852465	Up	0.523211237668534	0.848134703414817	R-HSA-6796648
14	0.0284363346238399	Down	0.52430777779556	0.848134703414817	R-HSA-5218920
10	0.31217238820753	Down	0.525165246696072	0.848134703414817	R-HSA-204174
11	0.58019271373882	Down	0.525640385497815	0.848134703414817	R-HSA-9865118
57	0.167933354757116	Down	0.527686972087502	0.848134703414817	R-HSA-9909615
16	0.229279021369808	Up	0.528362338438233	0.848134703414817	R-HSA-113418
16	0.229279021369808	Up	0.528362338438233	0.848134703414817	R-HSA-167158
86	0.0307286009318681	Down	0.529711887430178	0.848720533391846	R-HSA-948021
22	0.0335865245722581	Up	0.539380825877585	0.862609038787529	R-HSA-1226099
95	0.0435770408756825	Up	0.541550200405263	0.863674067845551	R-HSA-71387
49	0.173600689014705	Down	0.54205066207012	0.863674067845551	R-HSA-4086400
148	0.162662770993845	Up	0.544623408656779	0.8661722846165	R-HSA-68886
35	0.223677721445205	Up	0.548341588452715	0.86810843785839	R-HSA-72165
68	-0.000703897529802303	Up	0.548921259202199	0.86810843785839	R-HSA-9006931
54	0.101653710617648	Up	0.549540118975247	0.86810843785839	R-HSA-9692914
36	-0.0162358801925412	Down	0.549869149733968	0.86810843785839	R-HSA-8980692
10	0.0356000086437488	Up	0.551568183561419	0.86919885599624	R-HSA-9682385
19	0.0566294702574131	Up	0.556733611832789	0.875737907663986	R-HSA-8986944
15	0.279239898061552	Up	0.560376398401558	0.879862396033047	R-HSA-72086
16	0.0672703595260906	Down	0.571506206401211	0.895495252077939	R-HSA-177929
10	0.227786559745734	Down	0.572562097566835	0.895495252077939	R-HSA-9841251
19	0.0718573178343195	Down	0.573449395762207	0.895495252077939	R-HSA-112043
17	-0.0365902017164054	Down	0.575200873069769	0.896606062542751	R-HSA-9013406
61	0.0263617249176917	Down	0.57777195614603	0.898988133931187	R-HSA-9918487
67	0.0820947546279599	Up	0.579173944916019	0.899545838770465	R-HSA-9678108
20	0.231336943924061	Up	0.582421165716181	0.902962310876525	R-HSA-69473
13	0.466252250703569	Down	0.589364390730657	0.908027128178059	R-HSA-114452
367	0.0159157930724041	Up	0.59015489068571	0.908027128178059	R-HSA-8953897
108	0.21445937706615	Up	0.590277224706278	0.908027128178059	R-HSA-68882
108	0.21445937706615	Up	0.590277224706278	0.908027128178059	R-HSA-2555396
18	0.120262961109677	Up	0.594153267222946	0.908027128178059	R-HSA-5619507
18	0.120262961109677	Up	0.594153267222946	0.908027128178059	R-HSA-5617472
81	0.0663790648138506	Down	0.595998300496106	0.908027128178059	R-HSA-9764265
81	0.0663790648138506	Down	0.595998300496106	0.908027128178059	R-HSA-9764274
404	0.00988219063732373	Down	0.596540300454938	0.908027128178059	R-HSA-1266738
18	0.0190968425543924	Down	0.597658293492034	0.908027128178059	R-HSA-532668
10	0.601363602337138	Down	0.600980161383069	0.908027128178059	R-HSA-111447
10	-0.0231032337874189	Up	0.601605460626147	0.908027128178059	R-HSA-76046
10	-0.0231032337874189	Up	0.601605460626147	0.908027128178059	R-HSA-76061
10	-0.0231032337874189	Up	0.601605460626147	0.908027128178059	R-HSA-76066
27	0.115160567902185	Up	0.602668637452596	0.908027128178059	R-HSA-166016
11	0.0426622015589983	Up	0.603555620855464	0.908027128178059	R-HSA-168643
53	0.323058587722441	Up	0.604206976890174	0.908027128178059	R-HSA-450531
82	0.0372789826030356	Down	0.60566340404796	0.908027128178059	R-HSA-199977
17	-0.0513563900859992	Down	0.605702550698821	0.908027128178059	R-HSA-1227986
13	0.186839635326938	Down	0.60956684014615	0.91223370869094	R-HSA-180024
39	0.00859309468781954	Down	0.612328623774712	0.914778637250957	R-HSA-9013148
117	0.173837898992291	Up	0.616384378543735	0.918783398454516	R-HSA-162906
24	0.249656622577825	Up	0.617141053022233	0.918783398454516	R-HSA-167172
12	0.0837787335825719	Down	0.628114617664298	0.933508276597628	R-HSA-416572
61	0.191684568628849	Up	0.633335899230814	0.934572415540995	R-HSA-6807070
13	0.110353601763634	Up	0.633646759804416	0.934572415540995	R-HSA-3371511
15	0.110911786001418	Down	0.634356505710321	0.934572415540995	R-HSA-5675221
20	0.00660477823170153	Down	0.63466307572695	0.934572415540995	R-HSA-193704
34	0.0295769880127374	Down	0.636311443072276	0.934572415540995	R-HSA-1592230
97	0.0595578487348013	Up	0.636419962787197	0.934572415540995	R-HSA-975957
97	0.0595578487348013	Up	0.636419962787197	0.934572415540995	R-HSA-927802
33	0.0865333677479326	Up	0.642556938762215	0.940524631034992	R-HSA-9820952
14	0.347784992997829	Up	0.645322879880677	0.940524631034992	R-HSA-167242
33	0.0797950388556746	Up	0.64613949309766	0.940524631034992	R-HSA-168898
18	0.0471172438678132	Up	0.646939949676538	0.940524631034992	R-HSA-6814122
14	-0.00974924892178108	Up	0.647052631454667	0.940524631034992	R-HSA-380972
44	0.0740487916541507	Down	0.647217461403423	0.940524631034992	R-HSA-9663891
52	0.0526034119664717	Up	0.649136275463758	0.940524631034992	R-HSA-9730414
82	0.0705604854916144	Down	0.649202036503272	0.940524631034992	R-HSA-9759476
35	-0.00170758621369232	Up	0.652207229850744	0.943293006931781	R-HSA-9856651
21	0.0592840119422498	Down	0.654812228233332	0.944483849794301	R-HSA-381038
92	0.103008180286114	Down	0.656661046647349	0.944483849794301	R-HSA-195721
90	0.0258652465893912	Down	0.657017853120974	0.944483849794301	R-HSA-6811442
18	0.158153170264167	Up	0.657964224904283	0.944483849794301	R-HSA-3371571
83	0.0923809542910919	Up	0.658509041445911	0.944483849794301	R-HSA-9633012
14	-0.038790716663658	Down	0.660831178589643	0.945340185059584	R-HSA-156590
54	0.28402918940981	Up	0.661299456602006	0.945340185059584	R-HSA-5693606
85	0.0615286940624355	Up	0.668868503012939	0.954577234432373	R-HSA-9954709
58	0.228314172411338	Up	0.670351365931838	0.955112194104537	R-HSA-69242
66	0.0825031149662749	Down	0.673677278477427	0.956583652975187	R-HSA-2132295
243	0.0117261954780323	Down	0.675480356184126	0.956583652975187	R-HSA-9716542
62	0.140575729226256	Up	0.675929827045369	0.956583652975187	R-HSA-5689880
47	0.263466157023332	Down	0.676999013663086	0.956583652975187	R-HSA-983705
84	0.0846684381405977	Up	0.678508150124076	0.956583652975187	R-HSA-156842
10	-0.0632507073742792	Down	0.678856647193949	0.956583652975187	R-HSA-9607240
14	0.0445741023377974	Up	0.679152199096072	0.956583652975187	R-HSA-111465
13	0.136486673754069	Up	0.683246450777578	0.957238083257854	R-HSA-877300
131	0.0280670815360524	Up	0.683553903731636	0.957238083257854	R-HSA-9010553
13	0.399021731419741	Down	0.685442243370205	0.957238083257854	R-HSA-9828806
10	0.018729628419284	Up	0.685471121908715	0.957238083257854	R-HSA-8862803
10	0.018729628419284	Up	0.685471121908715	0.957238083257854	R-HSA-8863678
46	0.203988637571006	Up	0.687236072332687	0.957238083257854	R-HSA-9648025
40	0.179803500484659	Down	0.689173578613181	0.957238083257854	R-HSA-5619084
24	0.127944656922494	Down	0.689626469442352	0.957238083257854	R-HSA-6806834
10	0.054741450765215	Up	0.690460299184022	0.957238083257854	R-HSA-110314
85	0.257828867386507	Up	0.690721679566572	0.957238083257854	R-HSA-2467813
105	0.0496441501981894	Up	0.691955228754995	0.957408358245274	R-HSA-9711097
86	0.0965487475925979	Down	0.693740085396507	0.958339669249662	R-HSA-388841
11	0.140355995919577	Up	0.697784053180424	0.958421248081037	R-HSA-5655302
21	0.251808337144506	Up	0.699358428124097	0.958421248081037	R-HSA-167152
21	0.251808337144506	Up	0.699358428124097	0.958421248081037	R-HSA-167200
21	0.251808337144506	Up	0.699358428124097	0.958421248081037	R-HSA-167169
21	0.251808337144506	Up	0.699358428124097	0.958421248081037	R-HSA-167246
60	0.153298339357644	Up	0.702494474682475	0.960296735405196	R-HSA-5617833
96	0.263786630670558	Up	0.703125438740438	0.960296735405196	R-HSA-69620
83	0.0924379435838157	Down	0.704541032111714	0.960296735405196	R-HSA-5673001
20	0.178475439858422	Down	0.705183101521449	0.960296735405196	R-HSA-109606
85	0.0893854388910956	Up	0.706929306226778	0.961156249160067	R-HSA-2408522
60	0.133193132897918	Down	0.708856551226361	0.962258814420667	R-HSA-157118
15	0.130544228193588	Up	0.711462738042935	0.964278113511022	R-HSA-1489509
17	0.201342763154032	Up	0.714741921272098	0.96468185276999	R-HSA-448424
17	0.201342763154032	Up	0.714741921272098	0.96468185276999	R-HSA-450294
98	0.135337604194849	Up	0.715117985986107	0.96468185276999	R-HSA-983169
86	0.0814622858585448	Up	0.717440017091614	0.9657165754944	R-HSA-975956
32	0.141176899800626	Up	0.718125666927971	0.9657165754944	R-HSA-2565942
12	0.158641209641705	Up	0.72257287883679	0.969019417046596	R-HSA-3371568
22	0.0763198043752199	Down	0.723300698420288	0.969019417046596	R-HSA-381070
15	0.0820553181500109	Up	0.723954181645021	0.969019417046596	R-HSA-203927
48	0.237115199363	Up	0.726573585993376	0.971017722676419	R-HSA-5689603
43	0.272463419928446	Down	0.729346591933374	0.972126184023515	R-HSA-1168372
13	0.424419960483418	Down	0.730202816667857	0.972126184023515	R-HSA-9662361
58	0.171997362016541	Up	0.730786272908628	0.972126184023515	R-HSA-9975921
110	0.0626694275168144	Down	0.734349466701216	0.97404076406709	R-HSA-195258
11	0.0675141685449233	Down	0.734485494946181	0.97404076406709	R-HSA-442742
19	0.265173787039224	Up	0.73755969039122	0.974709209521145	R-HSA-389960
84	0.0972947666930816	Down	0.737620614952731	0.974709209521145	R-HSA-5684996
75	0.193440336108707	Up	0.745365204412562	0.974709209521145	R-HSA-983168
12	0.113090322809396	Down	0.746046849926445	0.974709209521145	R-HSA-9013424
19	0.0161174893313081	Down	0.746336610946362	0.974709209521145	R-HSA-379724
60	0.0345279504932581	Down	0.747327749177437	0.974709209521145	R-HSA-1632852
63	0.0438128386021464	Down	0.747521661800123	0.974709209521145	R-HSA-9612973
13	0.116528906899655	Up	0.749145689793236	0.974709209521145	R-HSA-111997
13	0.116528906899655	Up	0.749145689793236	0.974709209521145	R-HSA-111933
69	0.107835134434364	Down	0.749751865812574	0.974709209521145	R-HSA-9909648
14	0.0387032379768799	Down	0.750693463160356	0.974709209521145	R-HSA-2871796
42	0.178670997408104	Down	0.75164669492156	0.974709209521145	R-HSA-9766229
237	0.0144109369017549	Down	0.756117582325599	0.974709209521145	R-HSA-194315
22	0.0215230386008854	Down	0.756659667605625	0.974709209521145	R-HSA-9639288
10	0.0505353487366339	Up	0.757027126148196	0.974709209521145	R-HSA-198725
94	0.0254257570007705	Up	0.757137423080856	0.974709209521145	R-HSA-1852241
74	0.259119385590867	Up	0.757699387869293	0.974709209521145	R-HSA-8951664
17	0.308484634848153	Up	0.758735359151611	0.974709209521145	R-HSA-167287
17	0.308484634848153	Up	0.758735359151611	0.974709209521145	R-HSA-167290
17	0.308484634848153	Up	0.758735359151611	0.974709209521145	R-HSA-167238
17	0.308484634848153	Up	0.758735359151611	0.974709209521145	R-HSA-167243
80	0.0988779496426836	Up	0.763182526331243	0.977826884246298	R-HSA-156902
16	0.337516482531729	Down	0.764264039216471	0.977826884246298	R-HSA-9820965
83	0.14487663963181	Up	0.764565336406038	0.977826884246298	R-HSA-5357801
44	0.151018898196783	Down	0.767292828361589	0.978485642703841	R-HSA-9764561
19	0.313418639936918	Up	0.767350689637815	0.978485642703841	R-HSA-9856649
13	0.0369545289449469	Down	0.773124547257055	0.980111416535141	R-HSA-5627117
27	0.208032472543885	Up	0.774359663876144	0.980111416535141	R-HSA-380287
27	0.208032472543885	Up	0.774359663876144	0.980111416535141	R-HSA-380270
64	0.167912563097023	Down	0.774375270168097	0.980111416535141	R-HSA-5358351
120	0.0499959267252678	Up	0.774894796379212	0.980111416535141	R-HSA-9948299
443	0.0213000147270614	Up	0.775473844004415	0.980111416535141	R-HSA-597592
39	0.220030814528885	Down	0.776584799876451	0.980111416535141	R-HSA-9931269
14	0.139163389863228	Down	0.782265491246855	0.985219279948068	R-HSA-9035034
14	-0.025376971969703	Down	0.783638844967251	0.985219279948068	R-HSA-5205685
70	0.112116008527753	Down	0.784060819077001	0.985219279948068	R-HSA-389948
38	0.241677458473479	Down	0.786228902013932	0.986505550998559	R-HSA-5358346
83	0.0943730653327101	Up	0.789005562901612	0.987437167718135	R-HSA-72764
46	0.127941476457998	Down	0.789424004904178	0.987437167718135	R-HSA-9958825
153	0.0651278511943401	Up	0.792013805877684	0.987437167718135	R-HSA-5663202
14	0.0519040207600896	Up	0.793212544515401	0.987437167718135	R-HSA-9635486
27	0.13643333821369	Down	0.793784736846552	0.987437167718135	R-HSA-1655829
11	-0.0143832652519302	Up	0.794860829103756	0.987437167718135	R-HSA-9734009
80	0.104249908740556	Up	0.794990016701143	0.987437167718135	R-HSA-9954714
13	-0.0503294436264439	Up	0.796521239852618	0.987915552162528	R-HSA-983170
78	0.108372299720875	Up	0.805082727342623	0.992923331100113	R-HSA-2408557
34	0.0233389416416335	Down	0.807437162274999	0.992923331100113	R-HSA-204005
48	0.281738373104634	Up	0.809562042121855	0.992923331100113	R-HSA-446652
38	0.219137164304518	Down	0.811140653634844	0.992923331100113	R-HSA-5678895
45	0.324692699891504	Down	0.815405278205089	0.992923331100113	R-HSA-8852276
76	0.0441912823761126	Down	0.816186514860308	0.992923331100113	R-HSA-8856688
10	0.343829382001699	Up	0.818155273350647	0.992923331100113	R-HSA-9670095
79	0.10454246944173	Up	0.81938744513758	0.992923331100113	R-HSA-9954716
34	0.188521945532843	Up	0.820590680159341	0.992923331100113	R-HSA-380320
97	0.0915826510490212	Down	0.820691095435061	0.992923331100113	R-HSA-9711123
82	0.203507290499865	Up	0.820882355580307	0.992923331100113	R-HSA-162909
10	0.107706789329279	Up	0.821104049508322	0.992923331100113	R-HSA-9707616
57	0.206552378738468	Down	0.82134967603688	0.992923331100113	R-HSA-2454202
80	0.104276596042693	Up	0.821515424659677	0.992923331100113	R-HSA-192823
96	0.105193841947078	Up	0.822036771725857	0.992923331100113	R-HSA-9006925
58	0.254203642065869	Up	0.823279926564854	0.992923331100113	R-HSA-9755511
37	0.282367621203391	Down	0.823762946882181	0.992923331100113	R-HSA-5387390
37	0.282367621203391	Down	0.823762946882181	0.992923331100113	R-HSA-5362768
79	0.206774949741939	Up	0.825397918261464	0.992923331100113	R-HSA-69275
79	0.206774949741939	Up	0.825397918261464	0.992923331100113	R-HSA-453274
16	0.00273396133170293	Up	0.82648118727805	0.992923331100113	R-HSA-9696264
57	0.272337934543978	Up	0.828440904078484	0.992923331100113	R-HSA-201681
11	0.525977874311577	Up	0.829223085093991	0.992923331100113	R-HSA-1839126
11	0.525977874311577	Up	0.829223085093991	0.992923331100113	R-HSA-8851708
97	0.082890536631144	Down	0.829355914607983	0.992923331100113	R-HSA-5683057
48	0.267077651405266	Up	0.830563739071369	0.992990212315562	R-HSA-9759194
15	-0.0322261715870443	Down	0.839487363573009	0.999543677069178	R-HSA-211945
52	0.215847566285605	Down	0.840155637982724	0.999543677069178	R-HSA-5621481
53	0.267753193993324	Down	0.847539539368432	0.999543677069178	R-HSA-5610787
44	0.306296890289403	Up	0.854139849580438	0.999543677069178	R-HSA-9020702
81	0.0966467936897986	Up	0.85635933723446	0.999543677069178	R-HSA-1257604
14	-0.0235917993573999	Up	0.856659606121314	0.999543677069178	R-HSA-5663084
108	0.0911557363237795	Up	0.856880986236889	0.999543677069178	R-HSA-449147
49	0.269816822931993	Up	0.857147584082664	0.999543677069178	R-HSA-9909396
20	0.0385508225485244	Down	0.860274999055133	0.999543677069178	R-HSA-3299685
33	0.00571342287781763	Down	0.860604255111566	0.999543677069178	R-HSA-9679191
54	0.302319307261198	Up	0.860773027934558	0.999543677069178	R-HSA-69481
19	0.104517082567527	Up	0.86605196891072	0.999543677069178	R-HSA-211000
10	-0.0478162777195762	Up	0.866562581754592	0.999543677069178	R-HSA-2672351
48	0.051914924830644	Up	0.866963120234054	0.999543677069178	R-HSA-6811434
36	0.344188763157413	Up	0.867506047891095	0.999543677069178	R-HSA-450408
42	0.2938042870572	Down	0.87516710611131	0.999543677069178	R-HSA-8878166
32	0.0486871801096481	Down	0.876160438227598	0.999543677069178	R-HSA-6802957
53	0.238349819219077	Up	0.876420619212485	0.999543677069178	R-HSA-69306
18	0.151100411255075	Down	0.878501785374971	0.999543677069178	R-HSA-5620924
60	0.101139238159118	Down	0.878795179598193	0.999543677069178	R-HSA-5663220
45	0.149371171966961	Down	0.883327156292247	0.999543677069178	R-HSA-382556
39	0.234890324326676	Down	0.886615721970609	0.999543677069178	R-HSA-5658442
27	0.0857597177021051	Down	0.889039174844495	0.999543677069178	R-HSA-6802952
33	0.36295472489224	Down	0.889483646620739	0.999543677069178	R-HSA-351202
44	0.288838707010282	Down	0.891507570246866	0.999543677069178	R-HSA-5607764
72	0.202109524993339	Up	0.894687824759994	0.999543677069178	R-HSA-109581
39	0.319994075322617	Up	0.897891407098751	0.999543677069178	R-HSA-9907900
17	-0.0291310117553442	Down	0.897951110353953	0.999543677069178	R-HSA-9696270
35	0.0683172056893785	Up	0.898684163309928	0.999543677069178	R-HSA-9735869
33	0.321597729780585	Down	0.900611185401241	0.999543677069178	R-HSA-9824272
33	0.327380327574726	Down	0.901185089613985	0.999543677069178	R-HSA-4608870
36	0.339673649501222	Down	0.901335912068183	0.999543677069178	R-HSA-1169091
37	0.22924540525157	Down	0.902475154444836	0.999543677069178	R-HSA-9758941
29	0.171408906036916	Up	0.905442287552717	0.999543677069178	R-HSA-5620920
40	0.0744500828956062	Up	0.911196350113576	0.999543677069178	R-HSA-9754678
31	0.413328051256474	Down	0.911550842797575	0.999543677069178	R-HSA-350562
21	0.307965371008185	Down	0.912980977656967	0.999543677069178	R-HSA-77289
26	0.183193521695059	Up	0.914711979210254	0.999543677069178	R-HSA-5620912
45	0.203669099622366	Up	0.91620119818385	0.999543677069178	R-HSA-5687128
39	0.118292373600818	Up	0.917030591438767	0.999543677069178	R-HSA-3371497
41	0.275134722953347	Down	0.917913823224425	0.999543677069178	R-HSA-9013694
13	-0.0234034226434005	Down	0.917954372079516	0.999543677069178	R-HSA-186797
23	0.0164612807526488	Up	0.919571904431524	0.999543677069178	R-HSA-156580
38	0.212315572846097	Down	0.919753934071715	0.999543677069178	R-HSA-8878159
13	0.0523037248458921	Up	0.920774251289417	0.999543677069178	R-HSA-5627123
16	0.191622953571372	Up	0.922885128022781	0.999543677069178	R-HSA-5655253
16	-0.0313591196280702	Down	0.923517353737828	0.999543677069178	R-HSA-1980143
14	0.144009829511746	Up	0.924518879052339	0.999543677069178	R-HSA-111996
38	0.357790620542205	Down	0.924653199553147	0.999543677069178	R-HSA-5610783
38	0.357790620542205	Down	0.924653199553147	0.999543677069178	R-HSA-5610785
25	0.225263359022704	Up	0.926543991021567	0.999543677069178	R-HSA-8854518
25	0.225263359022704	Up	0.926543991021567	0.999543677069178	R-HSA-380259
25	0.225263359022704	Up	0.926543991021567	0.999543677069178	R-HSA-380284
49	0.0700145436668237	Up	0.929252380269717	0.999543677069178	R-HSA-983231
24	0.263012309886351	Down	0.929925827391425	0.999543677069178	R-HSA-9646399
39	0.302314435115605	Up	0.930108890456225	0.999543677069178	R-HSA-69656
39	0.302314435115605	Up	0.930108890456225	0.999543677069178	R-HSA-69202
44	0.263527423244314	Up	0.930822836377411	0.999543677069178	R-HSA-69206
39	0.259580045733527	Up	0.93285565865995	0.999543677069178	R-HSA-5632684
14	-0.0386298364252752	Up	0.934352028116788	0.999543677069178	R-HSA-445355
37	0.353327660916238	Down	0.937770237873957	0.999543677069178	R-HSA-69601
37	0.353327660916238	Down	0.937770237873957	0.999543677069178	R-HSA-69613
98	0.0574624339983997	Up	0.939121751612568	0.999543677069178	R-HSA-1799339
45	0.182125673547943	Down	0.940113089507316	0.999543677069178	R-HSA-1236975
46	0.288598201325185	Up	0.944984880844519	0.999543677069178	R-HSA-69239
17	-0.0169431283401753	Down	0.947063729750355	0.999543677069178	R-HSA-9013407
25	0.000456714915921141	Up	0.952402367466238	0.999543677069178	R-HSA-73887
153	0.0248100431888758	Up	0.953060418235074	0.999543677069178	R-HSA-376176
36	0.379817483651271	Down	0.953272898951558	0.999543677069178	R-HSA-9604323
34	0.30451166831431	Down	0.955322757382319	0.999543677069178	R-HSA-8941858
36	0.380354406807479	Down	0.955591869663501	0.999543677069178	R-HSA-5610780
35	0.383693024608846	Down	0.956004311875529	0.999543677069178	R-HSA-180585
44	0.301881664949422	Up	0.956066399971205	0.999543677069178	R-HSA-202403
34	0.370680809187892	Up	0.956442048963649	0.999543677069178	R-HSA-169911
33	0.379891848011327	Down	0.957040446165765	0.999543677069178	R-HSA-1236978
40	0.330556672445357	Up	0.95739004568078	0.999543677069178	R-HSA-69002
34	0.375561572808825	Up	0.957859246578129	0.999543677069178	R-HSA-8939236
278	0.07529065137685	Up	0.960325769874974	0.999543677069178	R-HSA-1280218
16	-0.0156438555688587	Down	0.962682094629024	0.999543677069178	R-HSA-264876
33	0.37872181541788	Down	0.962877735813636	0.999543677069178	R-HSA-75815
16	0.0108076209447803	Up	0.963174916938805	0.999543677069178	R-HSA-204998
38	0.356963234183249	Down	0.963402083589437	0.999543677069178	R-HSA-69615
37	0.377919293142357	Down	0.964816421391539	0.999543677069178	R-HSA-9929491
11	0.0191721308323957	Down	0.965245235234841	0.999543677069178	R-HSA-5654741
11	0.0191721308323957	Down	0.965245235234841	0.999543677069178	R-HSA-5654743
12	0.00300475088457729	Up	0.965607907299253	0.999543677069178	R-HSA-5654736
17	0.118006025589612	Down	0.966270018219819	0.999543677069178	R-HSA-9696273
34	0.404326358002697	Down	0.966876234468939	0.999543677069178	R-HSA-9974237
36	0.255731698970515	Down	0.967044512073085	0.999543677069178	R-HSA-9793380
38	0.318076491396572	Down	0.96824124805428	0.999543677069178	R-HSA-8948751
10	0.187662592868179	Down	0.968718538081173	0.999543677069178	R-HSA-5578749
35	0.389078704964455	Down	0.968978238649076	0.999543677069178	R-HSA-9762114
35	0.379334255876055	Down	0.97021264693091	0.999543677069178	R-HSA-9932298
34	0.384187614879085	Down	0.971198017236691	0.999543677069178	R-HSA-174154
34	0.384187614879085	Down	0.971198017236691	0.999543677069178	R-HSA-174178
34	0.384187614879085	Down	0.971198017236691	0.999543677069178	R-HSA-174084
34	0.384187614879085	Down	0.971198017236691	0.999543677069178	R-HSA-69017
14	-0.00746505741554752	Down	0.971998912567634	0.999543677069178	R-HSA-70263
35	0.365941671725701	Down	0.972115949428918	0.999543677069178	R-HSA-1234176
37	0.343307458827868	Up	0.972526939914601	0.999543677069178	R-HSA-5607761
37	0.343307458827868	Up	0.972526939914601	0.999543677069178	R-HSA-5676590
37	0.343307458827868	Up	0.972526939914601	0.999543677069178	R-HSA-5668541
33	0.379899094893539	Down	0.972537107305505	0.999543677069178	R-HSA-4641258
32	0.383879663685968	Down	0.973283400049266	0.999543677069178	R-HSA-4641257
39	0.359437075104194	Up	0.975922336313543	0.999543677069178	R-HSA-68867
10	0.0178974314883059	Down	0.97622460053657	0.999543677069178	R-HSA-9700645
34	0.393233445549975	Down	0.978782965424928	0.999543677069178	R-HSA-8854050
34	0.393233445549975	Down	0.978782965424928	0.999543677069178	R-HSA-187577
34	0.393233445549975	Down	0.978782965424928	0.999543677069178	R-HSA-174113
11	0.0428649723773212	Down	0.978851577643269	0.999543677069178	R-HSA-9920588
43	0.334545533548968	Up	0.980854072862015	0.999543677069178	R-HSA-195253
20	0.00163978889844026	Up	0.981356240276736	0.999543677069178	R-HSA-2151201
42	0.247813167697566	Down	0.981383747322385	0.999543677069178	R-HSA-1236974
46	0.211630646602496	Up	0.981473090244146	0.999543677069178	R-HSA-453279
38	0.346340671080943	Down	0.982654100302271	0.999543677069178	R-HSA-69052
37	0.398267051130146	Down	0.985067821594835	0.999543677069178	R-HSA-2871837
36	0.345766504207592	Down	0.985304963558992	0.999543677069178	R-HSA-68949
39	0.00833490918442372	Up	0.985561530107776	0.999543677069178	R-HSA-211859
33	0.39000665694077	Down	0.986439914211603	0.999543677069178	R-HSA-180534
35	0.385422926955179	Down	0.987145995504258	0.999543677069178	R-HSA-176409
35	0.385422926955179	Down	0.987145995504258	0.999543677069178	R-HSA-179419
35	0.385422926955179	Down	0.987145995504258	0.999543677069178	R-HSA-176814
35	0.385422926955179	Down	0.987145995504258	0.999543677069178	R-HSA-174184
37	0.394329654845398	Down	0.991353712600191	0.999543677069178	R-HSA-174143
37	0.394329654845398	Down	0.991353712600191	0.999543677069178	R-HSA-176408
37	0.394329654845398	Down	0.991353712600191	0.999543677069178	R-HSA-453276
36	0.349551660093292	Up	0.992505316067304	0.999543677069178	R-HSA-8939902
14	-0.00940875346334465	Up	0.992585024511491	0.999543677069178	R-HSA-9614085
22	0.227329683901157	Down	0.993803075069775	0.999543677069178	R-HSA-983189
33	0.376136067738387	Up	0.993823461023793	0.999543677069178	R-HSA-211733
12	0.0155888438579046	Down	0.994287886878866	0.999543677069178	R-HSA-193648
43	0.0953899586961129	Down	0.994893867101241	0.999543677069178	R-HSA-9979719
63	0.130140562475136	Up	0.996069527989988	0.999543677069178	R-HSA-5619115
36	0.335680780280976	Up	0.996172253521467	0.999543677069178	R-HSA-1234174
10	0.0041119043974924	Down	0.997517961144842	0.999543677069178	R-HSA-186763
36	0.363975057619301	Up	0.998411788135066	0.999543677069178	R-HSA-9929356
38	0.367924084043964	Up	0.999189501180857	0.999543677069178	R-HSA-202424
33	0.384278203206345	Up	0.999543677069178	0.999543677069178	R-HSA-349425
33	0.384278203206345	Up	0.999543677069178	0.999543677069178	R-HSA-69541
33	0.384278203206345	Up	0.999543677069178	0.999543677069178	R-HSA-69563
33	0.384278203206345	Up	0.999543677069178	0.999543677069178	R-HSA-69580
