sample,DA,Microglia,sample_id,title,geo_accession,status,submission_date,last_update_date,type,channel_count,source_name_ch1,organism_ch1,characteristics_ch1,characteristics_ch1.1,characteristics_ch1.2,characteristics_ch1.3,characteristics_ch1.4,characteristics_ch1.5,characteristics_ch1.6,treatment_protocol_ch1,growth_protocol_ch1,molecule_ch1,extract_protocol_ch1,label_ch1,label_protocol_ch1,taxid_ch1,hyb_protocol,scan_protocol,description,data_processing,platform_id,contact_name,contact_email,contact_phone,contact_laboratory,contact_department,contact_institute,contact_address,contact_city,contact_state,contact_zip/postal_code,contact_country,supplementary_file,data_row_count,cell type:ch1,developmental stage:ch1,genome/variation:ch1,organ:ch1,strain:ch1,tissue:ch1,treatment group:ch1,group
GSM437382,0,1,GSM437382,"Control SN, biological rep 1",GSM437382,Public on Jan 01 2010,Aug 06 2009,Aug 06 2009,RNA,1,Untreated SN,Mus musculus,strain: C57Bl/6,genome/variation: hTH-GFP transgenic,developmental stage: adult,organ: brain,tissue: substantia nigra (SN),cell type: dopamine (DA) neurons,treatment group: control,Mice were treated with 4mg/kg MPTP for 2 or 10 days or an equal volume of saline.  Mice were sacrificed 7 days after last injection.  Brains were removed and stored at -80C until laser capture microdissection.,Transgenic hTH-GFP mice were singly housed for 9 weeks and treated with MPTP or saline for up to 10 days.,total RNA,Total RNA was extracted using an RNeasy Micro kit (Qiagen) according to manufacturer's protocol.  RNA was amplified and reverse transcribed into cDNA using WT-Ovation Pico RNA Amplification System (Nugen) according to protocol.,biotin,Samples were fragmented and biotin labled using FL-Ovation cDNA Biotin Module V2 (Nugen) according to manufacturer's protocol.,10090,"Following fragmentation, samples were hybridized for 16-18 hours at on Affymetrix Mouse 430 2.0 gene chip.",Gene Chips were scanned using Affymetrix Genechip Scanner 3000.,gene expression from untreated adult SN,"The data were analyzed using Genespring 10.0 GX (Agilent Technologies), log2 transformed and RMA normalized.",GPL1261,"Sudarshan,,Phani",sudarshan.phani@jefferson.edu,215-955-4082,Lorraine Iacovitti,Farber Institute for Neurosciences,Thomas Jefferson University,"900 Walnut Street, JHN Suite 462",Philadelphia,PA,19107,USA,ftp://ftp.ncbi.nlm.nih.gov/geo/samples/GSM437nnn/GSM437382/suppl/GSM437382.CEL.gz,45101,dopamine (DA) neurons,adult,hTH-GFP transgenic,brain,C57Bl/6,substantia nigra (SN),control,control
GSM437383,1,0,GSM437383,"Control SN, biological rep 2",GSM437383,Public on Jan 01 2010,Aug 06 2009,Aug 06 2009,RNA,1,Untreated SN,Mus musculus,strain: C57Bl/6,genome/variation: hTH-GFP transgenic,developmental stage: adult,organ: brain,tissue: substantia nigra (SN),cell type: dopamine (DA) neurons,treatment group: control,Mice were treated with 4mg/kg MPTP for 2 or 10 days or an equal volume of saline.  Mice were sacrificed 7 days after last injection.  Brains were removed and stored at -80C until laser capture microdissection.,Transgenic hTH-GFP mice were singly housed for 9 weeks and treated with MPTP or saline for up to 10 days.,total RNA,Total RNA was extracted using an RNeasy Micro kit (Qiagen) according to manufacturer's protocol.  RNA was amplified and reverse transcribed into cDNA using WT-Ovation Pico RNA Amplification System (Nugen) according to protocol.,biotin,Samples were fragmented and biotin labled using FL-Ovation cDNA Biotin Module V2 (Nugen) according to manufacturer's protocol.,10090,"Following fragmentation, samples were hybridized for 16-18 hours at on Affymetrix Mouse 430 2.0 gene chip.",Gene Chips were scanned using Affymetrix Genechip Scanner 3000.,gene expression from untreated adult SN,"The data were analyzed using Genespring 10.0 GX (Agilent Technologies), log2 transformed and RMA normalized.",GPL1261,"Sudarshan,,Phani",sudarshan.phani@jefferson.edu,215-955-4082,Lorraine Iacovitti,Farber Institute for Neurosciences,Thomas Jefferson University,"900 Walnut Street, JHN Suite 462",Philadelphia,PA,19107,USA,ftp://ftp.ncbi.nlm.nih.gov/geo/samples/GSM437nnn/GSM437383/suppl/GSM437383.CEL.gz,45101,dopamine (DA) neurons,adult,hTH-GFP transgenic,brain,C57Bl/6,substantia nigra (SN),control,control
GSM437384,0.500000000000118,0.499999999999882,GSM437384,"Control SN, biological rep 3",GSM437384,Public on Jan 01 2010,Aug 06 2009,Aug 06 2009,RNA,1,Untreated SN,Mus musculus,strain: C57Bl/6,genome/variation: hTH-GFP transgenic,developmental stage: adult,organ: brain,tissue: substantia nigra (SN),cell type: dopamine (DA) neurons,treatment group: control,Mice were treated with 4mg/kg MPTP for 2 or 10 days or an equal volume of saline.  Mice were sacrificed 7 days after last injection.  Brains were removed and stored at -80C until laser capture microdissection.,Transgenic hTH-GFP mice were singly housed for 9 weeks and treated with MPTP or saline for up to 10 days.,total RNA,Total RNA was extracted using an RNeasy Micro kit (Qiagen) according to manufacturer's protocol.  RNA was amplified and reverse transcribed into cDNA using WT-Ovation Pico RNA Amplification System (Nugen) according to protocol.,biotin,Samples were fragmented and biotin labled using FL-Ovation cDNA Biotin Module V2 (Nugen) according to manufacturer's protocol.,10090,"Following fragmentation, samples were hybridized for 16-18 hours at on Affymetrix Mouse 430 2.0 gene chip.",Gene Chips were scanned using Affymetrix Genechip Scanner 3000.,gene expression from untreated adult SN,"The data were analyzed using Genespring 10.0 GX (Agilent Technologies), log2 transformed and RMA normalized.",GPL1261,"Sudarshan,,Phani",sudarshan.phani@jefferson.edu,215-955-4082,Lorraine Iacovitti,Farber Institute for Neurosciences,Thomas Jefferson University,"900 Walnut Street, JHN Suite 462",Philadelphia,PA,19107,USA,ftp://ftp.ncbi.nlm.nih.gov/geo/samples/GSM437nnn/GSM437384/suppl/GSM437384.CEL.gz,45101,dopamine (DA) neurons,adult,hTH-GFP transgenic,brain,C57Bl/6,substantia nigra (SN),control,control
GSM437385,0,1,GSM437385,"2 day MPTP treated SN, biological rep 1",GSM437385,Public on Jan 01 2010,Aug 06 2009,Aug 06 2009,RNA,1,2 day MPTP treated SN,Mus musculus,strain: C57Bl/6,genome/variation: hTH-GFP transgenic,developmental stage: adult,organ: brain,tissue: substantia nigra (SN),cell type: dopamine (DA) neurons,treatment group: MPTP 2 day,Mice were treated with 4mg/kg MPTP for 2 or 10 days or an equal volume of saline.  Mice were sacrificed 7 days after last injection.  Brains were removed and stored at -80C until laser capture microdissection.,Transgenic hTH-GFP mice were singly housed for 9 weeks and treated with MPTP or saline for up to 10 days.,total RNA,Total RNA was extracted using an RNeasy Micro kit (Qiagen) according to manufacturer's protocol.  RNA was amplified and reverse transcribed into cDNA using WT-Ovation Pico RNA Amplification System (Nugen) according to protocol.,biotin,Samples were fragmented and biotin labled using FL-Ovation cDNA Biotin Module V2 (Nugen) according to manufacturer's protocol.,10090,"Following fragmentation, samples were hybridized for 16-18 hours at on Affymetrix Mouse 430 2.0 gene chip.",Gene Chips were scanned using Affymetrix Genechip Scanner 3000.,gene expression from 2 day MPTP treated adult SN,"The data were analyzed using Genespring 10.0 GX (Agilent Technologies), log2 transformed and RMA normalized.",GPL1261,"Sudarshan,,Phani",sudarshan.phani@jefferson.edu,215-955-4082,Lorraine Iacovitti,Farber Institute for Neurosciences,Thomas Jefferson University,"900 Walnut Street, JHN Suite 462",Philadelphia,PA,19107,USA,ftp://ftp.ncbi.nlm.nih.gov/geo/samples/GSM437nnn/GSM437385/suppl/GSM437385.CEL.gz,45101,dopamine (DA) neurons,adult,hTH-GFP transgenic,brain,C57Bl/6,substantia nigra (SN),MPTP 2 day,mptp_2d
GSM437386,1,0,GSM437386,"2 day MPTP treated SN, biological rep 2",GSM437386,Public on Jan 01 2010,Aug 06 2009,Aug 06 2009,RNA,1,2 day MPTP treated SN,Mus musculus,strain: C57Bl/6,genome/variation: hTH-GFP transgenic,developmental stage: adult,organ: brain,tissue: substantia nigra (SN),cell type: dopamine (DA) neurons,treatment group: MPTP 2 day,Mice were treated with 4mg/kg MPTP for 2 or 10 days or an equal volume of saline.  Mice were sacrificed 7 days after last injection.  Brains were removed and stored at -80C until laser capture microdissection.,Transgenic hTH-GFP mice were singly housed for 9 weeks and treated with MPTP or saline for up to 10 days.,total RNA,Total RNA was extracted using an RNeasy Micro kit (Qiagen) according to manufacturer's protocol.  RNA was amplified and reverse transcribed into cDNA using WT-Ovation Pico RNA Amplification System (Nugen) according to protocol.,biotin,Samples were fragmented and biotin labled using FL-Ovation cDNA Biotin Module V2 (Nugen) according to manufacturer's protocol.,10090,"Following fragmentation, samples were hybridized for 16-18 hours at on Affymetrix Mouse 430 2.0 gene chip.",Gene Chips were scanned using Affymetrix Genechip Scanner 3000.,gene expression from 2 day MPTP treated adult SN,"The data were analyzed using Genespring 10.0 GX (Agilent Technologies), log2 transformed and RMA normalized.",GPL1261,"Sudarshan,,Phani",sudarshan.phani@jefferson.edu,215-955-4082,Lorraine Iacovitti,Farber Institute for Neurosciences,Thomas Jefferson University,"900 Walnut Street, JHN Suite 462",Philadelphia,PA,19107,USA,ftp://ftp.ncbi.nlm.nih.gov/geo/samples/GSM437nnn/GSM437386/suppl/GSM437386.CEL.gz,45101,dopamine (DA) neurons,adult,hTH-GFP transgenic,brain,C57Bl/6,substantia nigra (SN),MPTP 2 day,mptp_2d
GSM437387,0.500000000000043,0.499999999999958,GSM437387,"2 day MPTP treated SN, biological rep 3",GSM437387,Public on Jan 01 2010,Aug 06 2009,Aug 06 2009,RNA,1,2 day MPTP treated SN,Mus musculus,strain: C57Bl/6,genome/variation: hTH-GFP transgenic,developmental stage: adult,organ: brain,tissue: substantia nigra (SN),cell type: dopamine (DA) neurons,treatment group: MPTP 2 day,Mice were treated with 4mg/kg MPTP for 2 or 10 days or an equal volume of saline.  Mice were sacrificed 7 days after last injection.  Brains were removed and stored at -80C until laser capture microdissection.,Transgenic hTH-GFP mice were singly housed for 9 weeks and treated with MPTP or saline for up to 10 days.,total RNA,Total RNA was extracted using an RNeasy Micro kit (Qiagen) according to manufacturer's protocol.  RNA was amplified and reverse transcribed into cDNA using WT-Ovation Pico RNA Amplification System (Nugen) according to protocol.,biotin,Samples were fragmented and biotin labled using FL-Ovation cDNA Biotin Module V2 (Nugen) according to manufacturer's protocol.,10090,"Following fragmentation, samples were hybridized for 16-18 hours at on Affymetrix Mouse 430 2.0 gene chip.",Gene Chips were scanned using Affymetrix Genechip Scanner 3000.,gene expression from 2 day MPTP treated adult SN,"The data were analyzed using Genespring 10.0 GX (Agilent Technologies), log2 transformed and RMA normalized.",GPL1261,"Sudarshan,,Phani",sudarshan.phani@jefferson.edu,215-955-4082,Lorraine Iacovitti,Farber Institute for Neurosciences,Thomas Jefferson University,"900 Walnut Street, JHN Suite 462",Philadelphia,PA,19107,USA,ftp://ftp.ncbi.nlm.nih.gov/geo/samples/GSM437nnn/GSM437387/suppl/GSM437387.CEL.gz,45101,dopamine (DA) neurons,adult,hTH-GFP transgenic,brain,C57Bl/6,substantia nigra (SN),MPTP 2 day,mptp_2d
GSM437388,0,1,GSM437388,"10 day MPTP treated SN, biological rep 1",GSM437388,Public on Jan 01 2010,Aug 06 2009,Aug 06 2009,RNA,1,10 day MPTP treated SN,Mus musculus,strain: C57Bl/6,genome/variation: hTH-GFP transgenic,developmental stage: adult,organ: brain,tissue: substantia nigra (SN),cell type: dopamine (DA) neurons,treatment group: MPTP 10 day,Mice were treated with 4mg/kg MPTP for 2 or 10 days or an equal volume of saline.  Mice were sacrificed 7 days after last injection.  Brains were removed and stored at -80C until laser capture microdissection.,Transgenic hTH-GFP mice were singly housed for 9 weeks and treated with MPTP or saline for up to 10 days.,total RNA,Total RNA was extracted using an RNeasy Micro kit (Qiagen) according to manufacturer's protocol.  RNA was amplified and reverse transcribed into cDNA using WT-Ovation Pico RNA Amplification System (Nugen) according to protocol.,biotin,Samples were fragmented and biotin labled using FL-Ovation cDNA Biotin Module V2 (Nugen) according to manufacturer's protocol.,10090,"Following fragmentation, samples were hybridized for 16-18 hours at on Affymetrix Mouse 430 2.0 gene chip.",Gene Chips were scanned using Affymetrix Genechip Scanner 3000.,gene expression from 10 day MPTP treated adult SN,"The data were analyzed using Genespring 10.0 GX (Agilent Technologies), log2 transformed and RMA normalized.",GPL1261,"Sudarshan,,Phani",sudarshan.phani@jefferson.edu,215-955-4082,Lorraine Iacovitti,Farber Institute for Neurosciences,Thomas Jefferson University,"900 Walnut Street, JHN Suite 462",Philadelphia,PA,19107,USA,ftp://ftp.ncbi.nlm.nih.gov/geo/samples/GSM437nnn/GSM437388/suppl/GSM437388.CEL.gz,45101,dopamine (DA) neurons,adult,hTH-GFP transgenic,brain,C57Bl/6,substantia nigra (SN),MPTP 10 day,mptp_10d
GSM437389,0.499999999999996,0.500000000000004,GSM437389,"10 day MPTP treated SN, biological rep 2",GSM437389,Public on Jan 01 2010,Aug 06 2009,Aug 06 2009,RNA,1,10 day MPTP treated SN,Mus musculus,strain: C57Bl/6,genome/variation: hTH-GFP transgenic,developmental stage: adult,organ: brain,tissue: substantia nigra (SN),cell type: dopamine (DA) neurons,treatment group: MPTP 10 day,Mice were treated with 4mg/kg MPTP for 2 or 10 days or an equal volume of saline.  Mice were sacrificed 7 days after last injection.  Brains were removed and stored at -80C until laser capture microdissection.,Transgenic hTH-GFP mice were singly housed for 9 weeks and treated with MPTP or saline for up to 10 days.,total RNA,Total RNA was extracted using an RNeasy Micro kit (Qiagen) according to manufacturer's protocol.  RNA was amplified and reverse transcribed into cDNA using WT-Ovation Pico RNA Amplification System (Nugen) according to protocol.,biotin,Samples were fragmented and biotin labled using FL-Ovation cDNA Biotin Module V2 (Nugen) according to manufacturer's protocol.,10090,"Following fragmentation, samples were hybridized for 16-18 hours at on Affymetrix Mouse 430 2.0 gene chip.",Gene Chips were scanned using Affymetrix Genechip Scanner 3000.,gene expression from 10 day MPTP treated adult SN,"The data were analyzed using Genespring 10.0 GX (Agilent Technologies), log2 transformed and RMA normalized.",GPL1261,"Sudarshan,,Phani",sudarshan.phani@jefferson.edu,215-955-4082,Lorraine Iacovitti,Farber Institute for Neurosciences,Thomas Jefferson University,"900 Walnut Street, JHN Suite 462",Philadelphia,PA,19107,USA,ftp://ftp.ncbi.nlm.nih.gov/geo/samples/GSM437nnn/GSM437389/suppl/GSM437389.CEL.gz,45101,dopamine (DA) neurons,adult,hTH-GFP transgenic,brain,C57Bl/6,substantia nigra (SN),MPTP 10 day,mptp_10d
GSM437390,0.500000000000189,0.499999999999811,GSM437390,"10 day MPTP treated SN, biological rep 3",GSM437390,Public on Jan 01 2010,Aug 06 2009,Aug 06 2009,RNA,1,10 day MPTP treated SN,Mus musculus,strain: C57Bl/6,genome/variation: hTH-GFP transgenic,developmental stage: adult,organ: brain,tissue: substantia nigra (SN),cell type: dopamine (DA) neurons,treatment group: MPTP 10 day,Mice were treated with 4mg/kg MPTP for 2 or 10 days or an equal volume of saline.  Mice were sacrificed 7 days after last injection.  Brains were removed and stored at -80C until laser capture microdissection.,Transgenic hTH-GFP mice were singly housed for 9 weeks and treated with MPTP or saline for up to 10 days.,total RNA,Total RNA was extracted using an RNeasy Micro kit (Qiagen) according to manufacturer's protocol.  RNA was amplified and reverse transcribed into cDNA using WT-Ovation Pico RNA Amplification System (Nugen) according to protocol.,biotin,Samples were fragmented and biotin labled using FL-Ovation cDNA Biotin Module V2 (Nugen) according to manufacturer's protocol.,10090,"Following fragmentation, samples were hybridized for 16-18 hours at on Affymetrix Mouse 430 2.0 gene chip.",Gene Chips were scanned using Affymetrix Genechip Scanner 3000.,gene expression from 10 day MPTP treated adult SN,"The data were analyzed using Genespring 10.0 GX (Agilent Technologies), log2 transformed and RMA normalized.",GPL1261,"Sudarshan,,Phani",sudarshan.phani@jefferson.edu,215-955-4082,Lorraine Iacovitti,Farber Institute for Neurosciences,Thomas Jefferson University,"900 Walnut Street, JHN Suite 462",Philadelphia,PA,19107,USA,ftp://ftp.ncbi.nlm.nih.gov/geo/samples/GSM437nnn/GSM437390/suppl/GSM437390.CEL.gz,45101,dopamine (DA) neurons,adult,hTH-GFP transgenic,brain,C57Bl/6,substantia nigra (SN),MPTP 10 day,mptp_10d
