gene,mptp10d_logFC.x,mptp10d_fdr,mptp10d_perturb,mptp10d_norm,pq_log2FC,pq_perturb,pq_norm,mptp2d_logFC,mptp2d_fdr,mptp2d_perturb,mptp2d_norm,reactivity,shared_loose,same_direction_10d,same_direction_2d,mptp10d_sig_fdr05,mptp2d_sig_fdr05,inferred_celltype,DA_log2FC,DA_pct_EXP,DA_pct_CTL,MG_log2FC,MG_pct_EXP,MG_pct_CTL,mptp10d_logFC.y,mptp10d_FDR,mptp10d_t,call
ACTR1B,-0.2819260365,0.705353640807183,0.0427380383556141,0.0256426199617324,0.364053570560039,0.364053570560039,0.0586289241779601,-0.0630490381666666,0.931380046273807,0.00194651740368351,0.00128846087162277,0.0368579633952498,FALSE,FALSE,FALSE,FALSE,FALSE,Unknown,-0.490341708087285,0.217,0.315,1.01857683883927,0.2,0.108,-0.2819260365,0.705353640807183,-2.04848667027601,Not conserved
PSENEN,-0.492329744,0.66448513242832,0.0873957824468337,0.0524370542603083,0.0393742383341445,0.0393742383341445,0.00634101522560614,-0.461865734666667,0.599000296414014,0.102798824934807,0.0680457644211706,0.0367644009885096,FALSE,FALSE,FALSE,FALSE,FALSE,Unknown,0.36331431469007,0.58,0.411,-0.0632915164765324,0.667,0.769,-0.492329744,0.66448513242832,-2.44391752439101,Not conserved
APH1B,0.0795095771666667,0.936279238948831,0.00227354507618964,0.00136411622929954,-0.394278939112046,0.394278939112046,0.0634965617576726,0.110553026333333,0.862150788621277,0.00712146889320709,0.00471392347032135,0.0224891477089464,FALSE,FALSE,FALSE,FALSE,FALSE,Unknown,0.0813001021018485,0,0,0.53051471669878,0,0,0.0795095771666667,0.936279238948831,0.593514481150516,Not conserved
CLIP1,-0.0148429853333333,0.991655044923235,5.40191802168509e-05,3.24112360479035e-05,-0.396352936013917,0.396352936013917,0.0638305681153579,0.102438450666667,0.881627692805601,0.00560489694910897,0.00371005696388924,0.0217237845750133,FALSE,TRUE,FALSE,FALSE,FALSE,Unknown,-0.359230304613708,0.42,0.425,-0.369498921652524,0.244,0.338,-0.0148429853333333,0.991655044923235,-0.107052400892466,Conserved (10d)
DCTN3,-0.218128208,0.872328352500268,0.0129393678754453,0.00776355923858263,0.274556275729013,0.274556275729013,0.0442158527590784,-0.215748471666667,0.823609156299976,0.0181830295970833,0.0120359172225469,0.0201573390355512,FALSE,FALSE,FALSE,FALSE,FALSE,Unknown,-0.446301686954337,0.391,0.425,-0.272755278799681,0.311,0.385,-0.218128208,0.872328352500268,-1.02289823654652,Not conserved
VPS26B,-0.0478374166666667,0.966888576233398,0.000699553855118076,0.000419728974238227,-0.337034987277571,0.337034987277571,0.0542777226000525,0.052115918,0.94551118773216,0.00126815372736072,0.000839430691095738,0.0187314468070151,FALSE,TRUE,FALSE,FALSE,FALSE,Unknown,0.631252182069194,0.058,0.014,0.29026014174474,0.044,0.062,-0.0478374166666667,0.966888576233398,-0.348563526688501,Conserved (10d)
NCSTN,0.0934893266666667,0.94263789182853,0.002398478642315,0.00143907577545115,-0.316027493447678,0.316027493447678,0.0508945755510426,0.253589032333333,0.735027367830872,0.0339039635759963,0.0224420961926098,0.0182539456991522,FALSE,FALSE,FALSE,FALSE,FALSE,Unknown,-0.982420287767688,0.13,0.123,0.569085430693041,0.2,0.138,0.0934893266666667,0.94263789182853,0.549589673278195,Not conserved
DCTN2,-0.234944980666667,0.840911161275838,0.017679582344762,0.0106076654007709,0.167259759522482,0.167259759522482,0.026936309796336,-0.017159464,0.988299906263336,8.77062387523136e-05,5.80554975037261e-05,0.016159404495263,FALSE,FALSE,FALSE,FALSE,FALSE,Unknown,-0.171068366289511,0.449,0.288,0.297128022313271,0.467,0.477,-0.234944980666667,0.840911161275838,-1.21218403213288,Not conserved
VPS26A,0.215360957,0.770524962046364,0.0243817218864488,0.014628917285837,0.0985638344835896,0.0985638344835896,0.0158731902278497,-0.022614797,0.97712488656519,0.000227277023967512,0.000150441775055029,0.0150519700861213,FALSE,TRUE,FALSE,FALSE,FALSE,Unknown,-0.0212241304789631,0.188,0.205,-0.366539973326924,0.156,0.169,0.215360957,0.770524962046364,1.63436698669158,Conserved (10d)
EIF4A1,-0.125506085333333,0.891714065840139,0.00624698793146741,0.00374816306577686,0.20591421046937,0.20591421046937,0.0331614070264482,0.0199848803333333,0.98079049699214,0.000168347650526973,0.000111434575645728,0.0137486660124051,FALSE,FALSE,TRUE,FALSE,FALSE,Unknown,0.822059527440175,0.725,0.521,0.136690018575779,0.8,0.831,-0.125506085333333,0.891714065840139,-0.898184636173605,Not conserved
APH1A,0.159493285333333,0.872328352500268,0.00946114357016751,0.00567664117946376,0.17536708651056,0.17536708651056,0.0282419524206858,0.154849049333333,0.829070009504105,0.0126060744498538,0.00834435580209135,0.0133488470014793,FALSE,TRUE,TRUE,FALSE,FALSE,Unknown,0.129034781854733,0.362,0.315,0.206255395992346,0.178,0.231,0.159493285333333,0.872328352500268,1.019583001778,Conserved + Replicated
DYNC1H1,0.0526605066666667,0.971732331222284,0.000655799578414536,0.000393476616080144,0.235378062930929,0.235378062930929,0.0379064064211854,-0.0471935278333334,0.96451947941742,0.000740419113211303,0.000490106608258032,0.0131478727498159,FALSE,TRUE,FALSE,FALSE,FALSE,Unknown,-0.235619144373482,0.348,0.288,1.0202850993732,0.178,0.123,0.0526605066666667,0.971732331222284,0.287083296255926,Conserved (10d)
APP,-0.0615612671666667,0.940157629743949,0.00164980041456404,0.000989872395556476,0.225637763400399,0.225637763400399,0.0363377821064519,-0.119155586,0.809925774621079,0.0109092634705104,0.00722118342867515,0.0130081616972609,FALSE,FALSE,FALSE,FALSE,FALSE,Unknown,-0.180116206635598,0.913,0.795,-0.787948429779032,0.267,0.369,-0.0615612671666667,0.940157629743949,-0.559094887509024,Not conserved
PABPC1,0.0350273528333335,0.987197643774978,0.000196009209089433,0.00011760457881748,-0.232021122534225,0.232021122534225,0.0373657887211983,0.1182050345,0.924574884677272,0.0040258161893259,0.00266481391302937,0.0127819871872269,FALSE,FALSE,FALSE,FALSE,FALSE,Unknown,0.131648143933689,0.464,0.534,-0.452566150453118,0.578,0.738,0.0350273528333335,0.987197643774978,0.14453835520795,Not conserved
SNX2,-0.232035002666667,0.821093251105339,0.0198639405504776,0.0119182699469398,-0.0811367627254055,0.0811367627254055,0.0130666514341697,-0.229805948333333,0.766522251661764,0.0265368955042543,0.0175656029167005,0.012308719652598,FALSE,TRUE,TRUE,FALSE,FALSE,Unknown,-0.436134452124488,0.246,0.274,-0.26815376076575,0.244,0.4,-0.232035002666667,0.821093251105339,-1.33275394678926,Conserved + Replicated
EIF4B,0.128110252333333,0.886635385172256,0.00669439357679673,0.00401660432747833,0.169925001442312,0.169925001442312,0.0273655330729907,-0.0124006233333334,0.988299906263336,6.3382634256574e-05,4.19549412696496e-05,0.0119552401009525,FALSE,TRUE,FALSE,FALSE,FALSE,Unknown,0.439996645221789,0.377,0.219,0.379978668202026,0.222,0.154,0.128110252333333,0.886635385172256,0.928365068401886,Conserved (10d)
SNX3,-0.104674659666667,0.897824601108969,0.00489966367686664,0.00293977491376817,0.175013878115112,0.175013878115112,0.0281850700552584,-0.138062796333333,0.800133747911907,0.0133696438354102,0.00884978631231544,0.0115231752618749,FALSE,FALSE,FALSE,FALSE,FALSE,Unknown,-0.0932300512294337,0.826,0.74,0.411899079084713,0.4,0.338,-0.104674659666667,0.897824601108969,-0.857298414666197,Not conserved
VPS29,-0.0756988516666667,0.939470432928412,0.00205271694106119,0.00123162039731371,0.173802471730399,0.173802471730399,0.0279899793905279,0.0686239393333333,0.920601447699062,0.0024655446697599,0.00163202128784092,0.0103294624550065,FALSE,FALSE,TRUE,FALSE,FALSE,Unknown,0.0147925204925572,0.464,0.384,-0.40333575842334,0.467,0.431,-0.0756988516666667,0.939470432928412,-0.570342325972612,Not conserved
EIF4A2,0.0535192433333334,0.962324463382148,0.000892619298050584,0.00053556732279909,-0.138605238229507,0.138605238229507,0.0223216489549185,0.053977648,0.944191125163592,0.0013462071829846,0.000891096719942592,0.0079428350777197,FALSE,FALSE,FALSE,FALSE,FALSE,Unknown,-0.546320820333041,0.739,0.685,-0.162685141571034,0.533,0.615,0.0535192433333334,0.962324463382148,0.393085287786595,Not conserved
EIF4E,-0.108894983666667,0.906393497123299,0.00464798843131862,0.00278877096207639,-0.0780025120012732,0.0780025120012732,0.0125618967416744,-0.175770045,0.769558087400492,0.019995353080237,0.0132355509429506,0.0061116337271397,FALSE,TRUE,TRUE,FALSE,FALSE,Unknown,-0.337512069427305,0.275,0.26,0.683580958154195,0.178,0.154,-0.108894983666667,0.906393497123299,-0.802695445637946,Conserved + Replicated
