gene,reactivity,shared_loose,inferred_celltype,pq_log2FC,mptp10d_logFC,mptp10d_fdr,same_direction_10d,mptp2d_logFC,mptp2d_fdr,same_direction_2d
TTR,0.451111480174031,TRUE,Unknown,1.41503749927884,4.92700121833333,0.643428417936403,TRUE,2.344506345,0.775237598400944,TRUE
E4F1,0.373478430744047,FALSE,Unknown,0.270089163367744,-1.345153653,0.212142552756668,FALSE,-0.208853249666667,0.799423482281744,FALSE
PMCH,0.30075563043571,FALSE,Unknown,-4.80735492205761,-0.645349347333333,0.713103156174783,TRUE,-0.310597413,0.834454928017197,TRUE
AK7,0.284994452288286,FALSE,Unknown,-3,1.47073480666667,0.62045024998387,FALSE,1.06934602,0.630116196575384,FALSE
S100A9,0.281505822276501,FALSE,Unknown,-4.80735492205761,-0.51170843,0.812452925522064,TRUE,-1.02581916,0.544406915171871,TRUE
AVP,0.275896055243904,FALSE,Unknown,-4.80735492205761,-0.278600613333333,0.767667513351156,TRUE,-0.00811378033333332,0.99382799643849,TRUE
CD79A,0.268479384327957,FALSE,Unknown,4.16992500144231,-0.831731290666667,0.75524042244008,FALSE,-0.949262593333333,0.661882887947041,FALSE
CCDC113,0.262182742522968,FALSE,Unknown,-2.59825932333461,1.40493360666667,0.608782126533576,FALSE,1.00488550333333,0.569678728346483,FALSE
ACBD7,0.261218599506474,FALSE,Unknown,-4,-0.612828096666667,0.670064273089265,TRUE,-0.411592961,0.705898182470794,TRUE
CLEC3B,0.259381981377926,FALSE,Unknown,-4.58496250072116,-0.202543261666667,0.787274835051036,TRUE,-0.166198256333333,0.778444192401402,TRUE
LY6D,0.255498745011594,FALSE,Unknown,4.58496250072116,-0.165087776333333,0.854986751374684,FALSE,-0.104212283,0.884699041227707,FALSE
OXT,0.250060423354324,FALSE,Unknown,-4.52356195605701,-0.124158235666667,0.894870043761817,TRUE,-0.00599208233333334,0.994183603132537,TRUE
CALML4,0.249211530317027,FALSE,Unknown,-2.83650126771712,1.32409388833333,0.662094537163094,FALSE,0.0706832376666667,0.981924937492572,FALSE
GPR6,0.241210133559861,FALSE,Unknown,-1,1.45525794,0.474733063509917,FALSE,0.907609993333333,0.547548233319316,FALSE
DPY19L2,0.241008312240749,FALSE,Unknown,-4.16992500144231,-0.244140146333333,0.739284266381434,TRUE,-0.214075088,0.707118608280959,TRUE
KRT18,0.236935354707849,FALSE,Unknown,-2.73696559416621,1.14257933833333,0.642032965628464,FALSE,-0.0232137616666669,0.992851601035503,TRUE
FAM167A,0.236331006154029,FALSE,Unknown,-2.32192809488736,-1.33020813333333,0.62045024998387,TRUE,-1.54712869,0.458880105137287,TRUE
SPTLC3,0.234097343349592,FALSE,Unknown,-4.16992500144231,-0.163114924833333,0.814025105462072,TRUE,-0.058541239,0.923694411765138,TRUE
NHLH2,0.233943221289683,FALSE,Unknown,-2.8073549220576,1.202189376,0.678391850690714,FALSE,1.73551473,0.469023510783615,FALSE
PRLR,0.232025428046136,FALSE,Unknown,-4.08746284125034,0.185892661333333,0.773385555963997,FALSE,0.0447974991666667,0.94551118773216,FALSE
MB,0.22909192806385,FALSE,Unknown,-4.16992500144231,0.118966135833333,0.963217099000438,FALSE,0.174314257166667,0.914062540560891,FALSE
BRCA1,0.228462743678722,FALSE,Unknown,-4.16992500144231,-0.0373094860000001,0.978787591947759,TRUE,0.0195157933333333,0.985394736917159,FALSE
TCFL5,0.227927355531285,FALSE,Unknown,-1,1.31786122333333,0.465767613554114,FALSE,0.911079233333333,0.469023510783615,FALSE
RIBC2,0.224506969024451,FALSE,Unknown,-4.08746284125034,0.100623933666667,0.960521704661631,FALSE,0.0847564566666668,0.948818360397683,FALSE
WISP2,0.224315201264844,FALSE,Unknown,-3.16992500144231,-0.521700773333333,0.568027754210696,TRUE,-0.504636357,0.436144670085706,TRUE
TSNAXIP1,0.223957858313762,FALSE,Unknown,-4.08746284125034,0.0318338076666667,0.973342922047322,FALSE,-0.134820698666667,0.802303623971353,TRUE
ZP3,0.22383204880384,FALSE,Unknown,-4.08746284125034,-0.013744435,0.990689062722962,TRUE,-0.0798633123333333,0.889620686082458,TRUE
FLYWCH2,0.223132197023128,FALSE,Unknown,-0.37851162325373,-1.0251302755,0.317247280572016,TRUE,-0.399362249666667,0.562571600669454,TRUE
CES1D,0.22077509722929,FALSE,Unknown,-4,-0.134904306,0.927177752792138,TRUE,-0.233410877666667,0.793307561965283,TRUE
D330050G23RIK,0.220138284237174,FALSE,Unknown,-3.58496250072116,0.364626886666667,0.683711731216986,FALSE,0.35454115,0.619523906940703,FALSE
LUM,0.219057429419037,FALSE,Unknown,2.18762700317577,1.17346873133333,0.61145754699477,TRUE,0.549486627333334,0.746363921810307,TRUE
RBP2,0.21514112919643,FALSE,Unknown,-3.70043971814109,-0.283352932666667,0.773385555963997,TRUE,-0.164595292666667,0.842421958041444,TRUE
6430531B16RIK,0.212259876652777,FALSE,Unknown,-3.08746284125034,-0.559744346666667,0.638382538417713,TRUE,-0.254006053333333,0.772990671688301,TRUE
CDKN1A,0.21176432628276,FALSE,Unknown,-0.617530363177587,-1.28504562666667,0.446996175596864,TRUE,-0.650177162833333,0.552638984544351,TRUE
S100A8,0.21100782269456,FALSE,Unknown,-3.8073549220576,-0.266868346666667,0.946258592679765,TRUE,-0.858133150666667,0.695944748147543,TRUE
5430402O13RIK,0.210545561468558,FALSE,Unknown,-3.32192809488736,0.349050555,0.62045024998387,FALSE,-0.0322920893333333,0.961514906767704,TRUE
DUOXA1,0.208434713273349,FALSE,Unknown,-3.4594316186373,-0.326807891666667,0.712995410579995,TRUE,-0.316934503333333,0.657214858529526,TRUE
MAB21L2,0.205855710611833,FALSE,Unknown,-1,1.78605472666667,0.611450887269081,FALSE,0.185317141333333,0.951106076041705,FALSE
TTLL6,0.203221554614009,FALSE,Unknown,-3.52356195605701,-0.404552151333333,0.862541460320129,TRUE,-0.634680996,0.696661715603828,TRUE
KISS1R,0.203114258775967,FALSE,Unknown,-3.16992500144231,0.419316289333333,0.663855574758435,FALSE,0.0334439293333333,0.973500352171493,FALSE
NKAIN1,0.202848118329885,FALSE,Unknown,3.70043971814109,-0.0494371833333333,0.973342922047322,FALSE,-0.167506856666667,0.8482157004936,FALSE
KRT25,0.202557627174575,FALSE,Unknown,-1.58496250072116,-0.949696369,0.492217300064143,TRUE,-1.04932927666667,0.307418073821803,TRUE
TCTEX1D1,0.201240866949274,FALSE,Unknown,-2.75488750216347,-0.59571417,0.61145754699477,TRUE,-0.73863991,0.424786276422111,TRUE
FANCD2OS,0.200964779854065,FALSE,Unknown,-3.4594316186373,-0.439987353333333,0.858520816474913,TRUE,-0.72609694,0.678309325326076,TRUE
NPY2R,0.200206003143785,FALSE,Unknown,-1.73696559416621,1.24229179733333,0.611450887269081,FALSE,1.12597880266667,0.519666769467581,FALSE
DLX6OS1,0.198289994066701,FALSE,Unknown,3.39231742277876,-0.382614927333333,0.82644966253685,FALSE,0.204318838,0.886938542344775,TRUE
NKX2-1,0.198031402111038,FALSE,Unknown,-3.32192809488736,-0.277336199,0.712937874507735,TRUE,0.040271443,0.957399339289733,FALSE
COCH,0.197032551314133,FALSE,Unknown,2.11547721741994,1.06048692,0.640686388296367,TRUE,0.95687371,0.564927394019844,TRUE
DYDC1,0.196426255073965,FALSE,Unknown,-3.58496250072116,0.0286069716666667,0.973756751672125,FALSE,-0.0769999416666667,0.884699041227707,TRUE
IRX2,0.196206896044524,FALSE,Unknown,-1,1.67203976066667,0.61145754699477,FALSE,-0.181143682,0.953470799415593,TRUE
GAL,0.195810140767475,FALSE,Unknown,-3.32192809488736,-0.46872759,0.841435536825666,TRUE,0.155137779,0.943988544238734,FALSE
GPR182,0.195573191788904,FALSE,Unknown,3.16992500144231,-0.73746483,0.840727276840047,FALSE,-1.00979289666667,0.697119219996023,FALSE
BARHL2,0.195418719481717,FALSE,Unknown,-3.16992500144231,0.607244081666667,0.811222818615943,FALSE,0.923446571666667,0.6293266162713,FALSE
TTC25,0.193785185934947,FALSE,Unknown,-3.32192809488736,0.400527793333333,0.841435536825666,FALSE,-0.17764362,0.916165377459907,TRUE
FAM216B,0.193527859030308,FALSE,Unknown,-2.73696559416621,0.824950613333333,0.735084274067702,FALSE,1.03722682,0.592689842323547,FALSE
SRPX2,0.193379463512048,FALSE,Unknown,1,-1.00105175333333,0.446996175596864,FALSE,-1.32966169666667,0.163774578266174,FALSE
DYNLRB2,0.192086218058645,FALSE,Unknown,-2.63558857379112,0.948658025333333,0.746153951714469,FALSE,0.191306386666667,0.948834510044534,FALSE
SERPINB1B,0.191322981606938,FALSE,Unknown,-3,0.678552300666667,0.793057367469226,FALSE,0.130945922,0.959778067306616,FALSE
CAPSL,0.190758581467815,FALSE,Unknown,-2.62243720613982,0.731087373333333,0.687196350307689,FALSE,0.963587123333333,0.538297374870234,FALSE
1110017D15RIK,0.190688325952752,FALSE,Unknown,-2.71149490665009,0.589790666333333,0.659522848883831,FALSE,0.372918453333333,0.705476906140187,FALSE
ADGB,0.189781863490161,FALSE,Unknown,-3.32192809488736,0.414959518666667,0.895346400369049,FALSE,0.327873243333333,0.889390779561833,FALSE
SCN7A,0.189655984341947,FALSE,Unknown,-3.27301849440642,0.290915569,0.811645718740813,FALSE,0.325494373333333,0.724158661347501,FALSE
LRRC34,0.189329129320389,FALSE,Unknown,-3.16992500144231,-0.259679161,0.702665254148051,TRUE,0.0570693823333334,0.930184796725735,FALSE
DNAH1,0.188765606462313,FALSE,Unknown,-3.32192809488736,0.251138101666667,0.85288974760136,FALSE,0.148782236666667,0.89037610265741,FALSE
1700010I14RIK,0.187936849235052,FALSE,Unknown,-3,0.518662926666667,0.766918923285213,FALSE,0.412645503333333,0.763406789959204,FALSE
F2R,0.186375987707767,FALSE,Unknown,-2.1926450779424,-0.783907491833334,0.61145754699477,TRUE,-1.24204174483333,0.283343263937011,TRUE
ZFAND4,0.186193134122807,FALSE,Unknown,-3.16992500144231,0.468499351333333,0.854986751374684,FALSE,0.627633903333333,0.734750376991544,FALSE
NAIP5,0.186105243928462,FALSE,Unknown,-3.16992500144231,0.290485066,0.778084872561296,FALSE,0.159856266,0.854540327451805,FALSE
NME8,0.186105223582188,FALSE,Unknown,-3.39231742277876,-0.054223935,0.962324463382148,TRUE,-0.263201396666667,0.667334974720972,TRUE
EVC2,0.184691041511881,FALSE,Unknown,-0.584962500721156,1.10241795,0.446996175596864,FALSE,0.73376385,0.445443269897567,FALSE
HCRTR1,0.184108327610479,FALSE,Unknown,1.58496250072116,-1.15039228133333,0.611450887269081,FALSE,-1.19360755066667,0.458880105137287,FALSE
NGF,0.182966058721027,FALSE,Unknown,2.8073549220576,0.408590556666667,0.659522848883831,TRUE,0.526693901,0.469023510783615,TRUE
ENO4,0.182943357642402,FALSE,Unknown,-3.24792751344359,-0.448051684666666,0.935928061120297,TRUE,-0.589564396666666,0.869408553605419,TRUE
HOXB5,0.182840026259951,FALSE,Unknown,0,2.41107816333333,0.643428417936403,FALSE,0.09639764,0.985966217504498,FALSE
MEIG1,0.18239826746617,FALSE,Unknown,-2.20163386116965,0.731070678666667,0.61145754699477,FALSE,0.554264708666667,0.584417291194289,FALSE
DDIT4L,0.182334574758143,FALSE,Unknown,-0.453172628165615,1.22943232933333,0.474733063509917,FALSE,0.698975956,0.565370976094442,FALSE
FOLR1,0.182171816555388,FALSE,Unknown,-3.16992500144231,0.283725887333333,0.838378194900553,FALSE,0.0752764516666667,0.953824498484472,FALSE
PBLD2,0.181977823579087,FALSE,Unknown,-1,0.992956953333333,0.474733063509917,FALSE,1.01785658666667,0.324800774663227,FALSE
ENKUR,0.181793966064058,FALSE,Unknown,-2.53397857200235,0.791781243333333,0.728975382617017,FALSE,0.650508063333333,0.719057470927841,FALSE
ZFP874A,0.18099067632805,FALSE,Unknown,-0.289506617194985,1.951990482,0.611450887269081,FALSE,1.30953822966667,0.619906853811686,FALSE
TTLL11,0.180672685250995,FALSE,Unknown,3.16992500144231,0.1933968325,0.807711482790717,TRUE,0.1908759615,0.751732767222802,TRUE
FOXB1,0.180277203842576,FALSE,Unknown,-3.22239242133645,-0.26401448,0.919018883967582,TRUE,0.124782412333333,0.94997091447851,FALSE
GREM1,0.179666203351518,FALSE,Unknown,-1.58496250072116,1.37933380533333,0.676011121709988,FALSE,1.231376644,0.630116196575384,FALSE
PLAGL1,0.179646904881422,FALSE,Unknown,-2.32192809488736,0.733528608,0.659522848883831,FALSE,0.6382629,0.605930985502026,FALSE
FAM221A,0.179201345501718,FALSE,Unknown,-2.70043971814109,0.53017442,0.709142061654957,FALSE,0.511853060666667,0.656615215686304,FALSE
CDH26,0.178872736923621,FALSE,Unknown,-2.32192809488736,-0.675676503333334,0.640686388296367,TRUE,-0.508812906666667,0.630116196575384,TRUE
H2-AA,0.177396522633358,FALSE,Unknown,3.23266075679028,-0.0870075329999997,0.97417796770033,FALSE,-0.683300724666666,0.654620357512135,FALSE
CD74,0.177369478242179,FALSE,Unknown,3.23095443483987,-0.132341855333333,0.98008461588654,FALSE,-0.806514585333333,0.775237598400944,FALSE
CCDC153,0.177279227744697,FALSE,Unknown,-2.34867639371297,0.964466263333333,0.745673424819053,FALSE,1.00181103,0.671430115407396,FALSE
DLK1,0.176418186893012,FALSE,Unknown,-2.61890983264449,-0.671828113333333,0.751427695321219,TRUE,-1.18105181916667,0.510513416793317,TRUE
FOXA1,0.176112559797257,FALSE,Unknown,-2,-0.787257696666667,0.611450887269081,TRUE,-1.1037396,0.324800774663227,TRUE
GM7173,0.176007663353311,FALSE,Unknown,-3,0.238909602666667,0.751427695321219,FALSE,0.100689089666667,0.88267007041084,FALSE
SEC14L3,0.175696617930615,FALSE,Unknown,-1,1.17507488,0.549658785240929,FALSE,0.587163366666667,0.648222955046161,FALSE
SLC39A4,0.175637575821336,FALSE,Unknown,-3,-0.333607040666667,0.820198890913614,TRUE,-0.749751405666667,0.521842269288308,TRUE
GM9925,0.174280282756914,FALSE,Unknown,-1.73696559416621,0.964488493333334,0.62045024998387,FALSE,0.619184654333334,0.671430115407396,FALSE
CABP7,0.174090432538732,FALSE,Unknown,2.58496250072116,0.726047430666667,0.770524962046364,TRUE,0.631210880166667,0.746363921810307,TRUE
ZC3H12C,0.174033421656605,FALSE,Unknown,-3.16992500144231,0.08139801,0.967433933712332,FALSE,-0.0813935606666666,0.953824498484472,TRUE
AI429214,0.174020120175877,FALSE,Unknown,-3.16992500144231,-0.0736443153333334,0.965080534371442,TRUE,-0.390374021,0.662970252325165,TRUE
GABRQ,0.173857550747018,FALSE,Unknown,-3.16992500144231,-0.0563455293333333,0.970756592328032,TRUE,0.0581697613333334,0.956897090240138,FALSE
SLC26A3,0.1736315212629,FALSE,Unknown,-3.16992500144231,0.0245070465,0.985497139319709,FALSE,-0.038785697,0.965548272724009,TRUE
AI854703,0.173580408334829,FALSE,Unknown,-3.16992500144231,-0.00958911766666664,0.993677386764571,TRUE,-0.0831604035,0.889620686082458,TRUE
JUNOS,0.173178103276884,FALSE,Unknown,-2.8073549220576,-0.321227393,0.703092822733257,TRUE,-0.431731624,0.545107795438121,TRUE
CDHR3,0.172484815004682,FALSE,Unknown,-3.14974711950468,0.0144645383333334,0.99210761318418,FALSE,0.099690596,0.882682788293437,FALSE
FSTL3,0.172187131478936,FALSE,Unknown,2.58496250072116,0.452301181333333,0.674361983062864,TRUE,0.038050492,0.972968661767049,TRUE
SLC14A2,0.171623560704801,FALSE,Unknown,-3.10433665981474,0.11363431,0.91927478879328,FALSE,-0.0155316188333333,0.987383234836792,TRUE
DNAH6,0.171096460911797,FALSE,Unknown,-3.12101540096137,0.0593169533333334,0.980146516374691,FALSE,-0.170365173333333,0.909114207807851,TRUE
SERAC1,0.170523610574909,FALSE,Unknown,-2.32192809488736,-0.572122252,0.643428417936403,TRUE,-0.113411186166667,0.917646207316618,TRUE
STEAP1,0.170496807967787,FALSE,Unknown,-3,0.266237938833333,0.87276535222538,FALSE,-0.197123350166667,0.880186392047685,TRUE
IRX5,0.170374936693058,FALSE,Unknown,-2.47804729680464,0.594412021,0.712244751786029,FALSE,0.052340031,0.975435102309176,FALSE
SPAG5,0.170025017444048,FALSE,Unknown,1.22239242133645,0.78454773,0.465767613554114,TRUE,0.49412028,0.505676685089559,TRUE
SYT10,0.170000211189369,FALSE,Unknown,-3.10433665981474,-0.0239036766666667,0.994767488683429,TRUE,0.439439463333333,0.772990671688301,FALSE
CHST5,0.169627095442163,FALSE,Unknown,-2.8073549220576,-0.4570411,0.816759934504557,TRUE,-0.187062337666667,0.913809396691468,TRUE
PITX2,0.16954824756871,FALSE,Unknown,-2.70043971814109,0.795957943333333,0.853496020932003,FALSE,1.25456555066667,0.683526648999244,FALSE
HTRA4,0.169407962669602,FALSE,Unknown,2.58496250072116,0.464227656666667,0.705353640807183,TRUE,0.0817572716666667,0.948818360397683,TRUE
KCNU1,0.169232027603316,FALSE,Unknown,2.8073549220576,0.385280137333334,0.79124478087614,TRUE,0.0183728510000001,0.990556513642642,TRUE
WFDC17,0.169142435726664,FALSE,Unknown,3,0.2487201,0.892248504845299,TRUE,-0.0379345366666667,0.981577385472177,FALSE
FAM183B,0.169133114033694,FALSE,Unknown,-2.74495838491974,0.431183493333334,0.775722818353235,FALSE,0.0604898096666667,0.970175507281091,FALSE
MUSK,0.168793105844978,FALSE,Unknown,-3,-0.229814612666667,0.891766458975668,TRUE,-0.152315618,0.90573439834142,TRUE
LRRC23,0.168679730140775,FALSE,Unknown,-2.63941028474353,0.427552536666667,0.719967937517457,FALSE,0.233160653333333,0.810216014773553,FALSE
SPATA33,0.168119884075345,FALSE,Unknown,-3.0703893278914,-0.00120306199999989,0.999837661261108,TRUE,-0.17662271,0.894572892452849,TRUE
TSHR,0.167953667382094,FALSE,Unknown,-3,-0.140966931666667,0.858881804608297,TRUE,-0.093631228,0.882682788293437,TRUE
TMEM132C,0.16788082270796,FALSE,Unknown,3,0.244770089166666,0.917704250170616,TRUE,0.200221224,0.90249277144257,TRUE
GRB7,0.167712729531317,FALSE,Unknown,2.4594316186373,0.461636861666667,0.659522848883831,TRUE,0.427457333333333,0.587675520210453,TRUE
TNFRSF13C,0.167659327233007,FALSE,Unknown,2,0.889265856333334,0.683711731216986,TRUE,-0.185389373333333,0.930913487634889,FALSE
DNAH5,0.167523930510301,FALSE,Unknown,-3.05889368905357,0.0208394506666666,0.990689062722962,FALSE,0.0787939213333333,0.934531805253,FALSE
CHDH,0.167445240609248,FALSE,Unknown,2.8073549220576,0.303368092333333,0.768647693865591,TRUE,0.354233742333333,0.663749072147389,TRUE
9230110C19RIK,0.167284487461861,FALSE,Unknown,-2.58496250072116,-0.375818571,0.671450502009639,TRUE,0.144081432333333,0.844498326318713,FALSE
FMOD,0.166511832684307,FALSE,Unknown,3,-0.3242576655,0.960521704661631,FALSE,-0.877124058333333,0.794120349346081,FALSE
ZBBX,0.16649138587411,FALSE,Unknown,-3,0.179467994666667,0.930426734118921,FALSE,0.330925623333333,0.788660345808302,FALSE
PIH1D2,0.166297918552081,FALSE,Unknown,-3.03242147769238,-0.056439835,0.973869674001888,TRUE,-0.0788395,0.948818360397683,TRUE
CCL8,0.165997233505835,FALSE,Unknown,2.8073549220576,-0.354906483333334,0.817757759360502,FALSE,-0.208168274,0.870144830228433,FALSE
STYXL1,0.165892511716056,FALSE,Unknown,-2.93859945533586,0.182299533666667,0.85288974760136,FALSE,-0.0338702226666667,0.971676828753787,TRUE
TCTE1,0.165275413728899,FALSE,Unknown,-2.90689059560852,0.213839689333333,0.846973492508356,FALSE,0.379052001333333,0.630116196575384,FALSE
9030612E09RIK,0.165226806887922,FALSE,Unknown,-3,-0.142813903333333,0.961623079618397,TRUE,-0.370335883333333,0.815585591547273,TRUE
EMILIN2,0.165025513008199,FALSE,Unknown,0.637429920615292,-1.19968391666667,0.532228396684808,FALSE,-1.07301443,0.428558762560541,FALSE
EFCAB11,0.16462307471947,FALSE,Unknown,-3,0.054200891,0.962383200424268,FALSE,-0.012379203,0.988299906263336,TRUE
HCRT,0.16452284527176,FALSE,Unknown,-3,0.0440440173333333,0.966617476368525,FALSE,-0.158308349,0.771877028280324,TRUE
SAA2,0.164437979370664,FALSE,Unknown,3,-0.0406734166666667,0.975667253523318,FALSE,-0.0633149133333333,0.945897551959311,FALSE
SLC26A4,0.164436213893345,FALSE,Unknown,-1,1.079655792,0.553937116459371,FALSE,0.797309235333334,0.530074028562997,FALSE
SKA3,0.164376694529711,FALSE,Unknown,2,-0.564067835333334,0.568027754210696,FALSE,-0.393509307,0.55952108569604,FALSE
PLA2G3,0.164280613513329,FALSE,Unknown,3,0.0170970723333334,0.994929702040835,TRUE,0.662786177,0.562571600669454,TRUE
C1QTNF3,0.164275477755807,FALSE,Unknown,-3,0.0114197773333333,0.995017165294931,FALSE,0.041952335,0.969102188867569,FALSE
WNT8B,0.164273157352435,FALSE,Unknown,-3,0.00830169533333335,0.994767488683429,FALSE,0.041813133,0.949701549561803,FALSE
OXTR,0.164221759975918,FALSE,Unknown,-1.32192809488736,0.714109263333333,0.473404990429052,FALSE,0.938016495666667,0.163774578266174,FALSE
WDR66,0.164126985320932,FALSE,Unknown,-2.55799545312089,0.350513142,0.670865365799454,FALSE,0.263771816,0.676514582963947,FALSE
SOSTDC1,0.164019519662527,FALSE,Unknown,-1.32192809488736,1.29220760166667,0.662094537163094,FALSE,0.350808101833333,0.888659297025099,FALSE
ARHGEF33,0.163927894111886,FALSE,Unknown,-2.8073549220576,-0.220444681,0.763896452019837,TRUE,-0.145654635666667,0.804603301996603,TRUE
DSP,0.163495424471347,FALSE,Unknown,1,-1.62947815133333,0.678391850690714,FALSE,-0.921373926666667,0.770102814103822,FALSE
DLX2,0.162714637374308,FALSE,Unknown,2.39231742277876,0.801293674,0.794375579023715,TRUE,1.09740097,0.648222955046161,TRUE
SLC22A6,0.162395120786289,FALSE,Unknown,2.93859945533586,-0.257551868333334,0.966888576233398,FALSE,-0.6157449,0.859543148696431,FALSE
2810414N06RIK,0.16228492530196,FALSE,Unknown,-2.58496250072116,-0.294425646,0.663855574758435,TRUE,-0.318140585666667,0.552638984544351,TRUE
MIA,0.162150930076986,FALSE,Unknown,-2.68390435041479,0.555179453666667,0.85288974760136,FALSE,-0.00628025200000004,0.998007598337612,TRUE
DUSP5,0.162027576183016,FALSE,Unknown,1.58496250072116,0.889390937666667,0.611450887269081,TRUE,0.548984367333333,0.630116196575384,TRUE
6820408C15RIK,0.161638649689614,FALSE,Unknown,-2.03952836418664,0.693986896,0.657948882466983,FALSE,0.756431899333333,0.54073139174151,FALSE
MORN3,0.161147314730722,FALSE,Unknown,-2.90689059560852,-0.15069262,0.926449451814584,TRUE,-0.273815388666667,0.778444192401402,TRUE
PRRG4,0.16049552228445,FALSE,Unknown,-2.39231742277876,0.507360930666667,0.713103156174783,FALSE,0.149453163333333,0.906100856842875,FALSE
SLC27A2,0.16025372711516,FALSE,Unknown,-2.8073549220576,-0.206148305666667,0.831631053995917,TRUE,-0.0795052866666666,0.924113998437707,TRUE
HAP1,0.160128997723538,FALSE,Unknown,-1.78587519464715,0.680069928,0.586819554309059,FALSE,1.08444389,0.175926911031145,FALSE
SPEF2,0.159606133935219,FALSE,Unknown,-2.74146698640115,0.22026583,0.778262092361026,FALSE,0.303840286666667,0.618324828463038,FALSE
MILR1,0.159529751124873,FALSE,Unknown,-0.807354922057604,-0.877621088,0.465767613554114,TRUE,-1.04490347333333,0.163774578266174,TRUE
H2-EB1,0.15943676931044,FALSE,Unknown,2.75488750216347,0.318895964333333,0.854986751374684,TRUE,-0.688442395,0.584090792116117,FALSE
PPP1R14A,0.159338075462672,FALSE,Unknown,0.746982304078122,-0.92438557,0.474733063509917,FALSE,-0.99014426,0.307418073821803,FALSE
IGSF1,0.159269345204575,FALSE,Unknown,-2.90689059560852,0.040559609,0.985497139319709,FALSE,0.0712567176666667,0.961514906767704,FALSE
CLSTN3,0.159140046465725,FALSE,Unknown,0.0272214687350242,-1.19973229666667,0.465767613554114,FALSE,-0.787555701,0.505676685089559,FALSE
TRPC5,0.159099574992827,FALSE,Unknown,-2.41503749927884,0.415558019,0.686679837630755,FALSE,0.199089525333333,0.815866253926576,FALSE
TRPC7,0.158389471260622,FALSE,Unknown,-0.84799690655495,0.808480266666667,0.446996175596864,FALSE,0.565022471666667,0.424786276422111,FALSE
CTGF,0.15832287345315,FALSE,Unknown,1,-1.29131014333333,0.627283973749355,FALSE,-0.937940433333333,0.631268907911948,FALSE
GM12359,0.158275385413418,FALSE,Unknown,-0.584962500721156,1.16393702333333,0.532228396684808,FALSE,1.50452000666667,0.209937133243738,FALSE
1700007K13RIK,0.158214307718402,FALSE,Unknown,-1.95419631038688,0.783178479333333,0.683711731216986,FALSE,0.949516837,0.552638984544351,FALSE
SPAG17,0.158151802417768,FALSE,Unknown,-2.85798099512757,0.0974317371666667,0.905550840132238,FALSE,-0.0771689223333334,0.894934628134742,TRUE
RSPH1,0.158013622818646,FALSE,Unknown,-2.42354183151401,0.562306561,0.769707398985239,FALSE,0.703627423,0.631191877071245,FALSE
SLFN8,0.158002056763503,FALSE,Unknown,-1.58496250072116,-0.867576378333333,0.62045024998387,TRUE,-0.726614015,0.570653605481918,TRUE
TICAM1,0.157770574573133,FALSE,Unknown,2,-0.587911595333333,0.62045024998387,FALSE,-0.14707406,0.88267007041084,FALSE
EYA2,0.157742006305905,FALSE,Unknown,1,-1.21733579,0.611450887269081,FALSE,-1.07715401333333,0.530074028562997,FALSE
GM9817,0.157508428696823,FALSE,Unknown,2,-0.547786395666667,0.600801888043604,FALSE,-0.332081874,0.629669389406431,FALSE
4932438H23RIK,0.157312219344088,FALSE,Unknown,-1.61890983264449,0.749071196666667,0.586819554309059,FALSE,0.45587929,0.618324828463038,FALSE
TMLHE,0.15730280951013,FALSE,Unknown,-2.8073549220576,-0.187692251166667,0.894870043761817,TRUE,-0.102734092833333,0.927823569309628,TRUE
ZWILCH,0.156981496269979,FALSE,Unknown,-2.32192809488736,-0.4625837,0.687196350307689,TRUE,-0.684232866666667,0.489568909511306,TRUE
COL8A2,0.156946441065629,FALSE,Unknown,-2.83650126771712,0.2472788,0.962324463382148,FALSE,-0.569011746666667,0.848588537193427,TRUE
A2M,0.156941736503539,FALSE,Unknown,-2,0.577814575,0.62045024998387,FALSE,-0.0176796926666666,0.988299906263336,TRUE
EFCAB12,0.156406080122085,FALSE,Unknown,-1.76553474636298,0.706072462333334,0.611450887269081,FALSE,0.739790375333334,0.458880105137287,FALSE
ACOT5,0.15633811423443,FALSE,Unknown,-2.8073549220576,-0.147364853333333,0.901757910557296,TRUE,0.0240805180000001,0.981642601429453,FALSE
HDC,0.156263190804364,FALSE,Unknown,-2.1609918766723,1.031201746,0.807413466583475,FALSE,1.56938822666667,0.623475605167902,FALSE
RSPH10B,0.156190853671178,FALSE,Unknown,-2.09953567355091,0.538481234,0.640686388296367,FALSE,0.332024730666667,0.691738578971056,FALSE
MFSD6L,0.156159787277814,FALSE,Unknown,-2.8073549220576,-0.131838483333333,0.897876730020532,TRUE,-0.042973838,0.961514906767704,TRUE
PRSS30,0.156155717066081,FALSE,Unknown,-2.58496250072116,-0.306409039666667,0.757785119246095,TRUE,-0.197945154666667,0.806094419953392,TRUE
MS4A1,0.155801460594274,FALSE,Unknown,2.58496250072116,-0.432855856666666,0.825657760969983,FALSE,-0.457438841,0.751732767222802,FALSE
IL1B,0.155605113190158,FALSE,Unknown,-2.58496250072116,0.311119875333333,0.768845413748403,FALSE,0.171773993333333,0.844511122674106,FALSE
RAX,0.155491270168097,FALSE,Unknown,-2.8073549220576,0.113072475666667,0.912814427486357,FALSE,0.00395575999999996,0.996492160034109,FALSE
SCIN,0.155408429659126,FALSE,Unknown,-2.58496250072116,-0.253752906666667,0.727758891986717,TRUE,-0.0811277206666667,0.8995559072543,TRUE
PIK3AP1,0.155091827735946,FALSE,Unknown,-2.8073549220576,0.121207508666667,0.936189114038624,FALSE,-0.0310481823333333,0.97986955146732,TRUE
TTLL8,0.15496601638767,FALSE,Unknown,-2.58496250072116,-0.323398428,0.785531900304832,TRUE,-0.380551574333333,0.679825185063388,TRUE
FANK1,0.15493327973612,FALSE,Unknown,-2.77760757866355,0.130449771833333,0.880908074884538,FALSE,0.0933051108333333,0.889620686082458,FALSE
NESPAS,0.154861614697091,FALSE,Unknown,-2.58496250072116,-0.256426452666667,0.739284266381434,TRUE,-0.250509739333333,0.677778706755241,TRUE
WDR95,0.154539542334586,FALSE,Unknown,-2.8073549220576,-0.102489208666667,0.954424336606244,TRUE,-0.1818513195,0.858628712326949,TRUE
TBC1D2,0.154426060146651,FALSE,Unknown,2,0.547168256666667,0.62045024998387,TRUE,-0.0331227033333333,0.975362230624271,FALSE
CAPN6,0.154373814653911,FALSE,Unknown,-2.8073549220576,-0.0875995188333333,0.957360678217243,TRUE,-0.2599570345,0.767207421009838,TRUE
HSPA1B,0.154295441205774,FALSE,Unknown,2.41503749927884,-0.448836167,0.751427695321219,FALSE,0.877527089666667,0.458880105137287,TRUE
TAC2,0.154283932174063,FALSE,Unknown,-1,1.429839088,0.667144637281814,FALSE,2.37882165333333,0.418000178031128,FALSE
FBXL13,0.153976693843592,FALSE,Unknown,-2.8073549220576,-0.0457196196666667,0.967553634930858,TRUE,-0.117370685666667,0.862150788621277,TRUE
